[NX v23.1.0 Daemon Client] - 2026-07-24T11:47:19.037Z - [Client] Starting new daemon server in background
[NX v23.1.0 Daemon Client] - 2026-07-24T11:47:19.038Z - [Client] Waiting for server (max: 6000 attempts, 10ms interval)
[NX v23.1.0 Daemon Server] - 2026-07-24T11:47:19.170Z - Time taken for 'workspace context init' 4.412750000000003ms
DEBUG nx::native::telemetry: Telemetry service initialized successfully
[NX v23.1.0 Daemon Server] - 2026-07-24T11:47:19.381Z - New daemon starting from: /Users/paiva/git/beckerin/pixie-block/node_modules/nx/dist/src/daemon/server/server.js
[NX v23.1.0 Daemon Server] - 2026-07-24T11:47:19.381Z - New daemon __dirname: /Users/paiva/git/beckerin/pixie-block/node_modules/nx/dist/src/daemon/server
[NX v23.1.0 Daemon Server] - 2026-07-24T11:47:19.381Z - New daemon nxVersion: 23.1.0
[NX v23.1.0 Daemon Server] - 2026-07-24T11:47:19.382Z - New daemon getInstalledNxVersion(): 23.1.0
[NX v23.1.0 Daemon Server] - 2026-07-24T11:47:19.382Z - [Server] Starting outdated check interval (20ms)
[NX v23.1.0 Daemon Server] - 2026-07-24T11:47:19.383Z - Started listening on: /private/tmp/a4fd63133b80c1c40ec9/d.sock
[NX v23.1.0 Daemon Client] - 2026-07-24T11:47:19.383Z - [Client] Server available
[NX v23.1.0 Daemon Client] - 2026-07-24T11:47:19.383Z - [Client] Daemon server started, pid=369
[NX v23.1.0 Daemon Client] - 2026-07-24T11:47:19.383Z - [Messenger] Setting up socket listeners
[NX v23.1.0 Daemon Client] - 2026-07-24T11:47:19.384Z - [Messenger] listen() complete
DEBUG nx::native::watch::watcher: watching started origin=/Users/paiva/git/beckerin/pixie-block
[NX v23.1.0 Daemon Server] - 2026-07-24T11:47:19.386Z - [WATCHER]: Subscribed to changes within: /Users/paiva/git/beckerin/pixie-block (native)
DEBUG nx::native::watch::watcher: watching started origin=/Users/paiva/git/beckerin/pixie-block
[NX v23.1.0 Daemon Server] - 2026-07-24T11:47:19.388Z - [LATEST-NX]: Pulling latest Nx...
[NX v23.1.0 Daemon Server] - 2026-07-24T11:47:19.389Z - [AI-AGENTS]: Starting agent configuration status computation
[isolated-plugin] spawned worker for "/Users/paiva/git/beckerin/pixie-block/node_modules/nx/dist/src/plugins/js" (pid: 374, socket: /private/tmp/plugin369-0-340.028417.sock)
[NX v23.1.0 Daemon Client] - 2026-07-24T11:47:19.390Z - [Messenger] Sending message type: REQUEST_PROJECT_GRAPH
[NX v23.1.0 Daemon Client] - 2026-07-24T11:47:19.390Z - [Messenger] Message sent
[isolated-plugin] spawned worker for "/Users/paiva/git/beckerin/pixie-block/node_modules/nx/dist/src/plugins/package-json" (pid: 375, socket: /private/tmp/plugin369-1-340.976292.sock)
[isolated-plugin] spawned worker for "/Users/paiva/git/beckerin/pixie-block/node_modules/nx/dist/src/plugins/project-json/build-nodes/project-json" (pid: 376, socket: /private/tmp/plugin369-2-341.464708.sock)
[NX v23.1.0 Daemon Server] - 2026-07-24T11:47:19.391Z - Time taken for 'hash changed files from watcher' 0.020125000000007276ms
[NX v23.1.0 Daemon Server] - 2026-07-24T11:47:19.391Z - Time taken for 'loadSpecifiedNxPlugins' 3.1866249999999923ms
[NX v23.1.0 Daemon Server] - 2026-07-24T11:47:19.392Z - Established a connection. Number of open connections: 1
[NX v23.1.0 Daemon Server] - 2026-07-24T11:47:19.392Z - Established a connection. Number of open connections: 2
[NX v23.1.0 Daemon Server] - 2026-07-24T11:47:19.392Z - Closed a connection. Number of open connections: 1
[NX v23.1.0 Daemon Server] - 2026-07-24T11:47:19.392Z - Received raw message of length 3855
[NX v23.1.0 Daemon Server] - 2026-07-24T11:47:19.392Z - Received json message of type REQUEST_PROJECT_GRAPH
[NX v23.1.0 Daemon Server] - 2026-07-24T11:47:19.393Z - [REQUEST]: Client Request for Project Graph Received
DEBUG nx::native::watch::watcher: force-flush END count=0 replies=1 elapsed=55.0625ms
[NX v23.1.0 Daemon Server] - 2026-07-24T11:47:19.448Z - Reusing in-memory cached project graph because no files changed.
DEBUG nx::native::watch::watcher: idle-window emitting events count=1
DEBUG nx::native::watch::watcher:   [create] .nx/workspace-data/d/server-process.json
[NX v23.1.0 Daemon Server] - 2026-07-24T11:47:19.496Z - [WATCHER]: Processing file changes in outputs
[plugin-worker] "/Users/paiva/git/beckerin/pixie-block/node_modules/nx/dist/src/plugins/project-json/build-nodes/project-json" (pid: 376) listening on /private/tmp/plugin369-2-341.464708.sock
[plugin-worker] "/Users/paiva/git/beckerin/pixie-block/node_modules/nx/dist/src/plugins/package-json" (pid: 375) listening on /private/tmp/plugin369-1-340.976292.sock
[plugin-worker] "/Users/paiva/git/beckerin/pixie-block/node_modules/nx/dist/src/plugins/js" (pid: 374) listening on /private/tmp/plugin369-0-340.028417.sock
Time taken for 'plugin worker 374 code loading' 117.34258299999999ms
Time taken for 'plugin worker 376 code loading' 111.37054099999999ms
Time taken for 'plugin worker 375 code loading' 113.26529099999999ms
[isolated-plugin] connected to worker for "/Users/paiva/git/beckerin/pixie-block/node_modules/nx/dist/src/plugins/js" (pid: 374)
[NX v23.1.0 Daemon Server] - 2026-07-24T11:47:19.547Z - Time taken for 'start-plugin-worker:/Users/paiva/git/beckerin/pixie-block/node_modules/nx/dist/src/plugins/js' 156.96308399999998ms
[plugin-worker] "/Users/paiva/git/beckerin/pixie-block/node_modules/nx/dist/src/plugins/js" (pid: 374) connected
[isolated-plugin] connected to worker for "/Users/paiva/git/beckerin/pixie-block/node_modules/nx/dist/src/plugins/package-json" (pid: 375)
[isolated-plugin] connected to worker for "/Users/paiva/git/beckerin/pixie-block/node_modules/nx/dist/src/plugins/project-json/build-nodes/project-json" (pid: 376)
[NX v23.1.0 Daemon Server] - 2026-07-24T11:47:19.549Z - Time taken for 'start-plugin-worker:/Users/paiva/git/beckerin/pixie-block/node_modules/nx/dist/src/plugins/package-json' 158.06683399999997ms
[NX v23.1.0 Daemon Server] - 2026-07-24T11:47:19.549Z - Time taken for 'start-plugin-worker:/Users/paiva/git/beckerin/pixie-block/node_modules/nx/dist/src/plugins/project-json/build-nodes/project-json' 157.96883300000002ms
[plugin-worker] "/Users/paiva/git/beckerin/pixie-block/node_modules/nx/dist/src/plugins/package-json" (pid: 375) connected
[plugin-worker] "/Users/paiva/git/beckerin/pixie-block/node_modules/nx/dist/src/plugins/project-json/build-nodes/project-json" (pid: 376) connected
[plugin-worker] "/Users/paiva/git/beckerin/pixie-block/node_modules/nx/dist/src/plugins/project-json/build-nodes/project-json" (pid: 376) loaded successfully
[NX v23.1.0 Daemon Server] - 2026-07-24T11:47:19.557Z - Time taken for 'Load Nx Plugin: /Users/paiva/git/beckerin/pixie-block/node_modules/nx/dist/src/plugins/project-json/build-nodes/project-json' 168.7095ms
[plugin-worker] "/Users/paiva/git/beckerin/pixie-block/node_modules/nx/dist/src/plugins/package-json" (pid: 375) loaded successfully
[NX v23.1.0 Daemon Server] - 2026-07-24T11:47:19.557Z - Time taken for 'Load Nx Plugin: /Users/paiva/git/beckerin/pixie-block/node_modules/nx/dist/src/plugins/package-json' 169.30075ms
[plugin-worker] "/Users/paiva/git/beckerin/pixie-block/node_modules/nx/dist/src/plugins/js" (pid: 374) loaded successfully
[NX v23.1.0 Daemon Server] - 2026-07-24T11:47:19.560Z - [REQUEST]: Updated workspace context based on watched changes, recomputing project graph...
[NX v23.1.0 Daemon Server] - 2026-07-24T11:47:19.560Z - [REQUEST]: 
[NX v23.1.0 Daemon Server] - 2026-07-24T11:47:19.560Z - [REQUEST]: 
[NX v23.1.0 Daemon Server] - 2026-07-24T11:47:19.562Z - Streaming message to client: progress update for topic graph-construction
[NX v23.1.0 Daemon Client] - 2026-07-24T11:47:19.562Z - [Messenger] Received message, length: 47
[NX v23.1.0 Daemon Server] - 2026-07-24T11:47:19.562Z - Time taken for 'loadDefaultNxPlugins' 171.749708ms
[NX v23.1.0 Daemon Server] - 2026-07-24T11:47:19.562Z - Time taken for 'Load Nx Plugin: /Users/paiva/git/beckerin/pixie-block/node_modules/nx/dist/src/plugins/js' 171.582625ms
[isolated-plugin] shutting down worker for "nx/core/project-json" after createNodes
[NX v23.1.0 Daemon Server] - 2026-07-24T11:47:19.564Z - Streaming message to client: progress update for topic graph-construction
[isolated-plugin] shutting down worker for "nx/core/package-json" after createNodes
[NX v23.1.0 Daemon Server] - 2026-07-24T11:47:19.565Z - Streaming message to client: progress update for topic graph-construction
[NX v23.1.0 Daemon Client] - 2026-07-24T11:47:19.565Z - [Messenger] Received message, length: 153
[NX v23.1.0 Daemon Client] - 2026-07-24T11:47:19.565Z - [Messenger] Received message, length: 112
Time taken for 'nx/js/dependencies-and-lockfile:createNodes' 2.9571669999999983ms
[NX v23.1.0 Daemon Server] - 2026-07-24T11:47:19.567Z - Streaming message to client: progress update for topic graph-construction
[NX v23.1.0 Daemon Client] - 2026-07-24T11:47:19.567Z - [Messenger] Received message, length: 47
[NX v23.1.0 Daemon Server] - 2026-07-24T11:47:19.570Z - Streaming message to client: progress update for topic graph-construction
[NX v23.1.0 Daemon Client] - 2026-07-24T11:47:19.570Z - [Messenger] Received message, length: 47
[NX v23.1.0 Daemon Server] - 2026-07-24T11:47:19.571Z - Time taken for 'build-project-configs' 6.592792000000031ms
[NX v23.1.0 Daemon Server] - 2026-07-24T11:47:19.571Z - Time taken for 'createNodes:merge' 0.6381250000000591ms
[NX v23.1.0 Daemon Server] - 2026-07-24T11:47:19.571Z - Time taken for 'native-file-deps' 0.0014579999999568827ms
[NX v23.1.0 Daemon Server] - 2026-07-24T11:47:19.571Z - Time taken for 'get-workspace-files' 0.3792080000000624ms
[NX v23.1.0 Daemon Server] - 2026-07-24T11:47:19.571Z - Time taken for 'read cache' 0.06495799999993324ms
Time taken for 'build typescript dependencies' 0.06475000000000364ms
[isolated-plugin] shutting down worker for "nx/js/dependencies-and-lockfile" after createDependencies
[NX v23.1.0 Daemon Server] - 2026-07-24T11:47:19.578Z - Streaming message to client: progress update for topic graph-construction
[NX v23.1.0 Daemon Client] - 2026-07-24T11:47:19.579Z - [Messenger] Received message, length: 47
[NX v23.1.0 Daemon Server] - 2026-07-24T11:47:19.580Z - [SYNC]: collect registered sync generators
[NX v23.1.0 Daemon Server] - 2026-07-24T11:47:19.581Z - Wrote project graph cache to /Users/paiva/git/beckerin/pixie-block/.nx/workspace-data/project-graph.json
[NX v23.1.0 Daemon Server] - 2026-07-24T11:47:19.581Z - Serializing response for REQUEST_PROJECT_GRAPH message in json mode
[NX v23.1.0 Daemon Server] - 2026-07-24T11:47:19.581Z - Responding to REQUEST_PROJECT_GRAPH message
[NX v23.1.0 Daemon Server] - 2026-07-24T11:47:19.581Z - [REQUEST]: Responding to the client. project-graph
[NX v23.1.0 Daemon Server] - 2026-07-24T11:47:19.581Z - Time taken for 'total for creating and serializing project graph' 187.99537500000002ms
[NX v23.1.0 Daemon Server] - 2026-07-24T11:47:19.581Z - Time taken for 'total execution time for createProjectGraph()' 10.712249999999926ms
[NX v23.1.0 Daemon Server] - 2026-07-24T11:47:19.581Z - Time taken for 'createDependencies' 9.138666999999941ms
[NX v23.1.0 Daemon Server] - 2026-07-24T11:47:19.581Z - Time taken for 'nx/js/dependencies-and-lockfile:createDependencies' 8.701125000000047ms
[NX v23.1.0 Daemon Server] - 2026-07-24T11:47:19.581Z - Time taken for 'createMetadata' 0.009165999999936503ms
[NX v23.1.0 Daemon Server] - 2026-07-24T11:47:19.581Z - Time taken for 'serialize graph' 0.09162499999990814ms
[NX v23.1.0 Daemon Server] - 2026-07-24T11:47:19.581Z - Time taken for 'write cache' 0.7277919999999085ms
[NX v23.1.0 Daemon Server] - 2026-07-24T11:47:19.581Z - Done responding to the client project-graph
[NX v23.1.0 Daemon Server] - 2026-07-24T11:47:19.581Z - Handled json message REQUEST_PROJECT_GRAPH. Handling time: 188. Response time: 0.
[NX v23.1.0 Daemon Client] - 2026-07-24T11:47:19.581Z - [Messenger] Received message, length: 46180
[NX v23.1.0 Daemon Server] - 2026-07-24T11:47:19.655Z - Closed a connection. Number of open connections: 0
DEBUG nx::native::telemetry::service: Sent 1 events: [nx/js/dependencies-and-lockfile:createDe]
DEBUG nx::native::watch::watcher: idle-window emitting events count=2
DEBUG nx::native::watch::watcher:   [create] go.work
DEBUG nx::native::watch::watcher:   [update] nx.json
[NX v23.1.0 Daemon Server] - 2026-07-24T11:47:19.761Z - [WATCHER]: 1 file(s) created or restored, 1 file(s) modified, 0 file(s) deleted
DEBUG nx::native::watch::watcher: idle-window emitting events count=2
DEBUG nx::native::watch::watcher:   [update] nx.json
DEBUG nx::native::watch::watcher:   [create] go.work
[NX v23.1.0 Daemon Server] - 2026-07-24T11:47:19.761Z - [WATCHER]: [watcher] routeWorkspaceChanges batch: 2 events: create:go.work, update:nx.json
[NX v23.1.0 Daemon Server] - 2026-07-24T11:47:19.761Z - [WATCHER]: File changes detected:
Created:
  - go.work
Updated:
  - nx.json
Deleted:
(none)
[NX v23.1.0 Daemon Server] - 2026-07-24T11:47:19.762Z - [SYNC]: clearing sync generators cache due to file changes
[isolated-plugin] spawned worker for "@nx-go/nx-go" (pid: 453, socket: /private/tmp/plugin369-3-713.086708.sock)
[NX v23.1.0 Daemon Server] - 2026-07-24T11:47:19.763Z - [WATCHER]: Processing file changes in outputs
[NX v23.1.0 Daemon Server] - 2026-07-24T11:47:19.763Z - Time taken for 'hash changed files from watcher' 0.24020800000005238ms
Fetching nx...
[plugin-worker] "@nx-go/nx-go" (pid: 453) listening on /private/tmp/plugin369-3-713.086708.sock
Time taken for 'plugin worker 453 code loading' 95.27741599999999ms
[isolated-plugin] connected to worker for "@nx-go/nx-go" (pid: 453)
[NX v23.1.0 Daemon Server] - 2026-07-24T11:47:19.969Z - Time taken for 'start-plugin-worker:@nx-go/nx-go' 206.80945799999995ms
[plugin-worker] "@nx-go/nx-go" (pid: 453) connected
[plugin-worker] "@nx-go/nx-go" (pid: 453) loaded successfully
[NX v23.1.0 Daemon Server] - 2026-07-24T11:47:20.128Z - [REQUEST]: Updated workspace context based on watched changes, recomputing project graph...
[NX v23.1.0 Daemon Server] - 2026-07-24T11:47:20.129Z - [REQUEST]: nx.json,go.work
[NX v23.1.0 Daemon Server] - 2026-07-24T11:47:20.129Z - [REQUEST]: 
[plugin-client] restarting worker for "nx/js/dependencies-and-lockfile"
[isolated-plugin] spawned worker for "nx/js/dependencies-and-lockfile" (pid: 460, socket: /private/tmp/plugin369-4-1079.734333.sock)
[plugin-client] restarting worker for "nx/core/package-json"
[isolated-plugin] spawned worker for "nx/core/package-json" (pid: 461, socket: /private/tmp/plugin369-5-1080.417917.sock)
[plugin-client] restarting worker for "nx/core/project-json"
[isolated-plugin] spawned worker for "nx/core/project-json" (pid: 462, socket: /private/tmp/plugin369-6-1081.274792.sock)
[NX v23.1.0 Daemon Server] - 2026-07-24T11:47:20.131Z - Time taken for 'loadSpecifiedNxPlugins' 366.3805ms
[NX v23.1.0 Daemon Server] - 2026-07-24T11:47:20.131Z - Time taken for 'Load Nx Plugin: @nx-go/nx-go' 366.3274170000001ms
Time taken for '@nx-go/nx-go:createNodes' 0.4106249999999818ms
[plugin-worker] "nx/core/project-json" (pid: 462) listening on /private/tmp/plugin369-6-1081.274792.sock
[plugin-worker] "nx/js/dependencies-and-lockfile" (pid: 460) listening on /private/tmp/plugin369-4-1079.734333.sock
Time taken for 'plugin worker 460 code loading' 118.55308299999999ms
Time taken for 'plugin worker 462 code loading' 118.307959ms
[plugin-worker] "nx/core/package-json" (pid: 461) listening on /private/tmp/plugin369-5-1080.417917.sock
Time taken for 'plugin worker 461 code loading' 120.388042ms
[isolated-plugin] connected to worker for "nx/js/dependencies-and-lockfile" (pid: 460)
[isolated-plugin] connected to worker for "nx/core/package-json" (pid: 461)
[isolated-plugin] connected to worker for "nx/core/project-json" (pid: 462)
[NX v23.1.0 Daemon Server] - 2026-07-24T11:47:20.288Z - Time taken for 'start-plugin-worker:nx/js/dependencies-and-lockfile' 157.63137499999993ms
[NX v23.1.0 Daemon Server] - 2026-07-24T11:47:20.288Z - Time taken for 'start-plugin-worker:nx/core/package-json' 157.3347080000001ms
[NX v23.1.0 Daemon Server] - 2026-07-24T11:47:20.288Z - Time taken for 'start-plugin-worker:nx/core/project-json' 157.06233300000008ms
[plugin-worker] "nx/core/project-json" (pid: 462) connected
[plugin-worker] "nx/js/dependencies-and-lockfile" (pid: 460) connected
[plugin-worker] "nx/core/package-json" (pid: 461) connected
[plugin-worker] "nx/core/project-json" (pid: 462) loaded successfully
[isolated-plugin] shutting down worker for "nx/core/project-json" after createNodes
[plugin-worker] "nx/core/package-json" (pid: 461) loaded successfully
[isolated-plugin] shutting down worker for "nx/core/package-json" after createNodes
[plugin-worker] "nx/js/dependencies-and-lockfile" (pid: 460) loaded successfully
Time taken for 'nx/js/dependencies-and-lockfile:createNodes' 1.1001250000000198ms
[NX v23.1.0 Daemon Server] - 2026-07-24T11:47:20.301Z - Time taken for 'build-project-configs' 169.89216699999997ms
[NX v23.1.0 Daemon Server] - 2026-07-24T11:47:20.303Z - Time taken for 'createNodes:merge' 1.85349999999994ms
[NX v23.1.0 Daemon Server] - 2026-07-24T11:47:20.303Z - Time taken for 'native-file-deps' 0.004083000000036918ms
[NX v23.1.0 Daemon Server] - 2026-07-24T11:47:20.303Z - Time taken for 'get-workspace-files' 0.722374999999829ms
Time taken for 'build typescript dependencies' 0.43095800000000395ms
[isolated-plugin] shutting down worker for "nx/js/dependencies-and-lockfile" after createDependencies
[NX v23.1.0 Daemon Server] - 2026-07-24T11:47:20.307Z - Time taken for 'nx/js/dependencies-and-lockfile:createDependencies' 6.262291000000005ms
[isolated-plugin] shutting down worker for "@nx-go/nx-go" after createDependencies
[NX v23.1.0 Daemon Server] - 2026-07-24T11:47:20.324Z - [SYNC]: collect registered sync generators
[NX v23.1.0 Daemon Server] - 2026-07-24T11:47:20.324Z - [SYNC]: nx.json hash is the same, not collecting global sync generators
[NX v23.1.0 Daemon Server] - 2026-07-24T11:47:20.325Z - Wrote project graph cache to /Users/paiva/git/beckerin/pixie-block/.nx/workspace-data/project-graph.json
[NX v23.1.0 Daemon Server] - 2026-07-24T11:47:20.325Z - Time taken for 'total execution time for createProjectGraph()' 24.187708000000157ms
[NX v23.1.0 Daemon Server] - 2026-07-24T11:47:20.325Z - Time taken for 'createDependencies' 23.178750000000036ms
[NX v23.1.0 Daemon Server] - 2026-07-24T11:47:20.325Z - Time taken for '@nx-go/nx-go:createDependencies' 23.124000000000024ms
[NX v23.1.0 Daemon Server] - 2026-07-24T11:47:20.325Z - Time taken for 'createMetadata' 0.004500000000007276ms
[NX v23.1.0 Daemon Server] - 2026-07-24T11:47:20.325Z - Time taken for 'serialize graph' 0.12445800000000418ms
[NX v23.1.0 Daemon Server] - 2026-07-24T11:47:20.325Z - Time taken for 'write cache' 0.76175000000012ms
DEBUG nx::native::telemetry::service: Sent 1 events: [nx/js/dependencies-and-lockfile:createDe]
DEBUG nx::native::telemetry::service: Sent 1 events: [@nx-go/nx-go:createDependencies]
[NX v23.1.0 Daemon Server] - 2026-07-24T11:47:21.240Z - [LATEST-NX]: Successfully pulled latest Nx to /private/tmp/tmp-369-9ABjIE6mLTcn
[NX v23.1.0 Daemon Server] - 2026-07-24T11:47:21.241Z - [NX-CONSOLE]: Using local implementation (NX_USE_LOCAL=true or inner call)
DEBUG nx::native::ide::preferences: Loaded console preferences: NxConsolePreferences { auto_install_console: Some(true), path: "/Users/paiva/.config/nx/ide.json" }
DEBUG nx::native::ide::install: Detected editor: VSCode
DEBUG nx::native::ide::install: Checking if Nx Console extension is installed with: code --list-extensions
DEBUG nx::native::ide::install: Editor command 'code' is installed
DEBUG nx::native::ide::install: Editor command 'code-insiders' not found
DEBUG nx::native::ide::install: Checking if Nx Console extension is installed with: code --list-extensions
DEBUG nx::native::ide::install: Nx Console extension is installed
[NX v23.1.0 Daemon Server] - 2026-07-24T11:47:21.478Z - [NX-CONSOLE]: Console status check completed, shouldPrompt: false
DEBUG nx::native::ide::install: Nx Console extension is installed
DEBUG nx::native::ide::install: Editor command 'code' is installed
DEBUG nx::native::ide::install: Checking if Nx Console extension is installed with: code --list-extensions
DEBUG nx::native::ide::install: Nx Console extension is installed
DEBUG nx::native::ide::install: Editor command 'code-insiders' not found
DEBUG nx::native::ide::install: Editor command 'cursor' is installed
DEBUG nx::native::ide::install: Checking if Nx Console extension is installed with: cursor --list-extensions
DEBUG nx::native::ide::install: Nx Console extension is installed
DEBUG nx::native::ide::install: Editor command 'cursor' is installed
DEBUG nx::native::ide::install: Checking if Nx Console extension is installed with: cursor --list-extensions
DEBUG nx::native::ide::install: Nx Console extension is installed
[NX v23.1.0 Daemon Server] - 2026-07-24T11:47:23.778Z - [AI-AGENTS]: Agent configuration status computation completed: 2 fully configured, 1 outdated, 2 partially configured, 2 non-configured
[NX v23.1.0 Daemon Server] - 2026-07-24T11:47:58.422Z - Established a connection. Number of open connections: 1
[NX v23.1.0 Daemon Server] - 2026-07-24T11:47:58.422Z - Closed a connection. Number of open connections: 0
[NX v23.1.0 Daemon Server] - 2026-07-24T11:47:58.422Z - Established a connection. Number of open connections: 1
[NX v23.1.0 Daemon Server] - 2026-07-24T11:47:58.422Z - Established a connection. Number of open connections: 2
[NX v23.1.0 Daemon Server] - 2026-07-24T11:47:58.422Z - Closed a connection. Number of open connections: 1
[NX v23.1.0 Daemon Client] - 2026-07-24T11:47:58.422Z - [Messenger] Setting up socket listeners
[NX v23.1.0 Daemon Client] - 2026-07-24T11:47:58.423Z - [Messenger] listen() complete
[NX v23.1.0 Daemon Client] - 2026-07-24T11:47:58.429Z - [Messenger] Sending message type: GET_NX_CONSOLE_STATUS
[NX v23.1.0 Daemon Client] - 2026-07-24T11:47:58.430Z - [Messenger] Message sent
[NX v23.1.0 Daemon Server] - 2026-07-24T11:47:58.430Z - Received raw message of length 3279
[NX v23.1.0 Daemon Server] - 2026-07-24T11:47:58.430Z - Received json message of type GET_NX_CONSOLE_STATUS
[NX v23.1.0 Daemon Server] - 2026-07-24T11:47:58.430Z - Graph recompute necessary due to env variable refresh. Changed keys: NODE, INIT_CWD, COLOR, PATH, NX_INTERACTIVE, NX_DRY_RUN, NX_GENERATE_QUIET
[NX v23.1.0 Daemon Server] - 2026-07-24T11:47:58.431Z - Serializing response for GET_NX_CONSOLE_STATUS message in json mode
[NX v23.1.0 Daemon Server] - 2026-07-24T11:47:58.431Z - Responding to GET_NX_CONSOLE_STATUS message
[NX v23.1.0 Daemon Server] - 2026-07-24T11:47:58.431Z - [REQUEST]: Responding to the client. handleGetNxConsoleStatus
[NX v23.1.0 Daemon Server] - 2026-07-24T11:47:58.431Z - Done responding to the client handleGetNxConsoleStatus
[NX v23.1.0 Daemon Server] - 2026-07-24T11:47:58.431Z - Handled json message GET_NX_CONSOLE_STATUS. Handling time: 0. Response time: 0.
[NX v23.1.0 Daemon Client] - 2026-07-24T11:47:58.431Z - [Messenger] Received message, length: 22
[NX v23.1.0 Daemon Client] - 2026-07-24T11:47:58.441Z - [Messenger] Sending message type: REQUEST_PROJECT_GRAPH
[NX v23.1.0 Daemon Client] - 2026-07-24T11:47:58.441Z - [Messenger] Message sent
[NX v23.1.0 Daemon Server] - 2026-07-24T11:47:58.441Z - Received raw message of length 32
[NX v23.1.0 Daemon Server] - 2026-07-24T11:47:58.441Z - Received json message of type REQUEST_PROJECT_GRAPH
[NX v23.1.0 Daemon Server] - 2026-07-24T11:47:58.441Z - [REQUEST]: Client Request for Project Graph Received
DEBUG nx::native::watch::watcher: force-flush END count=0 replies=1 elapsed=10.645042ms
[NX v23.1.0 Daemon Server] - 2026-07-24T11:47:58.452Z - No in-memory cached project graph found. Recomputing it...
[NX v23.1.0 Daemon Server] - 2026-07-24T11:47:58.452Z - [REQUEST]: Updated workspace context based on watched changes, recomputing project graph...
[NX v23.1.0 Daemon Server] - 2026-07-24T11:47:58.452Z - [REQUEST]: 
[NX v23.1.0 Daemon Server] - 2026-07-24T11:47:58.452Z - [REQUEST]: 
[NX v23.1.0 Daemon Server] - 2026-07-24T11:47:58.453Z - Streaming message to client: progress update for topic graph-construction
[plugin-client] restarting worker for "@nx-go/nx-go"
[NX v23.1.0 Daemon Client] - 2026-07-24T11:47:58.453Z - [Messenger] Received message, length: 47
[isolated-plugin] spawned worker for "@nx-go/nx-go" (pid: 1079, socket: /private/tmp/plugin369-7-39403.435292.sock)
[plugin-client] restarting worker for "nx/js/dependencies-and-lockfile"
[isolated-plugin] spawned worker for "nx/js/dependencies-and-lockfile" (pid: 1080, socket: /private/tmp/plugin369-8-39404.20475.sock)
[plugin-client] restarting worker for "nx/core/package-json"
[isolated-plugin] spawned worker for "nx/core/package-json" (pid: 1081, socket: /private/tmp/plugin369-9-39404.580833.sock)
[plugin-client] restarting worker for "nx/core/project-json"
[isolated-plugin] spawned worker for "nx/core/project-json" (pid: 1082, socket: /private/tmp/plugin369-10-39404.97725.sock)
[plugin-worker] "nx/js/dependencies-and-lockfile" (pid: 1080) listening on /private/tmp/plugin369-8-39404.20475.sock
[plugin-worker] "nx/core/package-json" (pid: 1081) listening on /private/tmp/plugin369-9-39404.580833.sock
[plugin-worker] "@nx-go/nx-go" (pid: 1079) listening on /private/tmp/plugin369-7-39403.435292.sock
[plugin-worker] "nx/core/project-json" (pid: 1082) listening on /private/tmp/plugin369-10-39404.97725.sock
Time taken for 'plugin worker 1079 code loading' 117.23695799999999ms
Time taken for 'plugin worker 1080 code loading' 116.31200000000001ms
Time taken for 'plugin worker 1081 code loading' 113.38137499999999ms
Time taken for 'plugin worker 1082 code loading' 116.81658399999999ms
[isolated-plugin] connected to worker for "@nx-go/nx-go" (pid: 1079)
[isolated-plugin] connected to worker for "nx/js/dependencies-and-lockfile" (pid: 1080)
[isolated-plugin] connected to worker for "nx/core/package-json" (pid: 1081)
[isolated-plugin] connected to worker for "nx/core/project-json" (pid: 1082)
[NX v23.1.0 Daemon Server] - 2026-07-24T11:47:58.608Z - Time taken for 'start-plugin-worker:@nx-go/nx-go' 154.6314160000038ms
[NX v23.1.0 Daemon Server] - 2026-07-24T11:47:58.608Z - Time taken for 'start-plugin-worker:nx/js/dependencies-and-lockfile' 154.0725409999941ms
[NX v23.1.0 Daemon Server] - 2026-07-24T11:47:58.608Z - Time taken for 'start-plugin-worker:nx/core/package-json' 153.8298749999958ms
[NX v23.1.0 Daemon Server] - 2026-07-24T11:47:58.608Z - Time taken for 'start-plugin-worker:nx/core/project-json' 153.53662500000064ms
[plugin-worker] "@nx-go/nx-go" (pid: 1079) connected
[plugin-worker] "nx/core/project-json" (pid: 1082) connected
[plugin-worker] "nx/js/dependencies-and-lockfile" (pid: 1080) connected
[plugin-worker] "nx/core/package-json" (pid: 1081) connected
[plugin-worker] "nx/core/project-json" (pid: 1082) loaded successfully
[isolated-plugin] shutting down worker for "nx/core/project-json" after createNodes
[NX v23.1.0 Daemon Server] - 2026-07-24T11:47:58.612Z - Streaming message to client: progress update for topic graph-construction
[NX v23.1.0 Daemon Client] - 2026-07-24T11:47:58.612Z - [Messenger] Received message, length: 171
[plugin-worker] "nx/core/package-json" (pid: 1081) loaded successfully
[isolated-plugin] shutting down worker for "nx/core/package-json" after createNodes
[NX v23.1.0 Daemon Server] - 2026-07-24T11:47:58.615Z - Streaming message to client: progress update for topic graph-construction
[NX v23.1.0 Daemon Client] - 2026-07-24T11:47:58.615Z - [Messenger] Received message, length: 145
[plugin-worker] "nx/js/dependencies-and-lockfile" (pid: 1080) loaded successfully
Time taken for 'nx/js/dependencies-and-lockfile:createNodes' 1.780666999999994ms
[NX v23.1.0 Daemon Server] - 2026-07-24T11:47:58.627Z - Streaming message to client: progress update for topic graph-construction
[NX v23.1.0 Daemon Client] - 2026-07-24T11:47:58.627Z - [Messenger] Received message, length: 93
[plugin-worker] "@nx-go/nx-go" (pid: 1079) loaded successfully
[NX v23.1.0 Daemon Server] - 2026-07-24T11:47:58.658Z - Streaming message to client: progress update for topic graph-construction
[NX v23.1.0 Daemon Client] - 2026-07-24T11:47:58.658Z - [Messenger] Received message, length: 47
[NX v23.1.0 Daemon Server] - 2026-07-24T11:47:58.659Z - Streaming message to client: progress update for topic graph-construction
[NX v23.1.0 Daemon Client] - 2026-07-24T11:47:58.659Z - [Messenger] Received message, length: 47
[NX v23.1.0 Daemon Server] - 2026-07-24T11:47:58.659Z - Time taken for 'build-project-configs' 205.80566700000054ms
[NX v23.1.0 Daemon Server] - 2026-07-24T11:47:58.659Z - Time taken for 'createNodes:merge' 0.45291700000234414ms
Time taken for '@nx-go/nx-go:createNodes' 0.3277080000000012ms
Time taken for 'build typescript dependencies' 0.050957999999980075ms
[isolated-plugin] shutting down worker for "nx/js/dependencies-and-lockfile" after createDependencies
[NX v23.1.0 Daemon Server] - 2026-07-24T11:47:58.845Z - Streaming message to client: progress update for topic graph-construction
[NX v23.1.0 Daemon Client] - 2026-07-24T11:47:58.845Z - [Messenger] Received message, length: 100
[NX v23.1.0 Daemon Server] - 2026-07-24T11:47:58.845Z - Time taken for 'nx/js/dependencies-and-lockfile:createDependencies' 186.10337499999878ms
[isolated-plugin] shutting down worker for "@nx-go/nx-go" after createDependencies
[NX v23.1.0 Daemon Server] - 2026-07-24T11:47:58.861Z - Streaming message to client: progress update for topic graph-construction
[NX v23.1.0 Daemon Client] - 2026-07-24T11:47:58.861Z - [Messenger] Received message, length: 47
[NX v23.1.0 Daemon Server] - 2026-07-24T11:47:58.861Z - [SYNC]: collect registered sync generators
[NX v23.1.0 Daemon Server] - 2026-07-24T11:47:58.861Z - [SYNC]: project graph hash is the same, not collecting task sync generators
[NX v23.1.0 Daemon Server] - 2026-07-24T11:47:58.861Z - [SYNC]: nx.json hash is the same, not collecting global sync generators
[NX v23.1.0 Daemon Server] - 2026-07-24T11:47:58.862Z - Wrote project graph cache to /Users/paiva/git/beckerin/pixie-block/.nx/workspace-data/project-graph.json
[NX v23.1.0 Daemon Server] - 2026-07-24T11:47:58.862Z - Serializing response for REQUEST_PROJECT_GRAPH message in json mode
[NX v23.1.0 Daemon Server] - 2026-07-24T11:47:58.862Z - Responding to REQUEST_PROJECT_GRAPH message
[NX v23.1.0 Daemon Server] - 2026-07-24T11:47:58.862Z - [REQUEST]: Responding to the client. project-graph
[NX v23.1.0 Daemon Server] - 2026-07-24T11:47:58.862Z - Time taken for 'total for creating and serializing project graph' 421.3522920000032ms
[NX v23.1.0 Daemon Server] - 2026-07-24T11:47:58.863Z - Time taken for 'total execution time for createProjectGraph()' 202.43616699999984ms
[NX v23.1.0 Daemon Server] - 2026-07-24T11:47:58.863Z - Time taken for 'createDependencies' 201.87833300000057ms
[NX v23.1.0 Daemon Server] - 2026-07-24T11:47:58.863Z - Time taken for '@nx-go/nx-go:createDependencies' 201.8031669999982ms
[NX v23.1.0 Daemon Server] - 2026-07-24T11:47:58.863Z - Time taken for 'createMetadata' 0.00712500000372529ms
[NX v23.1.0 Daemon Server] - 2026-07-24T11:47:58.863Z - Time taken for 'serialize graph' 0.11954200000036508ms
[NX v23.1.0 Daemon Server] - 2026-07-24T11:47:58.863Z - Time taken for 'write cache' 0.9455000000016298ms
[NX v23.1.0 Daemon Server] - 2026-07-24T11:47:58.863Z - Done responding to the client project-graph
[NX v23.1.0 Daemon Server] - 2026-07-24T11:47:58.863Z - Handled json message REQUEST_PROJECT_GRAPH. Handling time: 421. Response time: 1.
[NX v23.1.0 Daemon Client] - 2026-07-24T11:47:58.863Z - [Messenger] Received message, length: 52633
DEBUG nx::native::telemetry::service: Sent 1 events: [nx/js/dependencies-and-lockfile:createDe]
[NX v23.1.0 Daemon Server] - 2026-07-24T11:47:58.909Z - Closed a connection. Number of open connections: 0
DEBUG nx::native::telemetry::service: Sent 1 events: [@nx-go/nx-go:createDependencies]
DEBUG nx::native::watch::watcher: idle-window emitting events count=5
DEBUG nx::native::watch::watcher:   [update] go.work
DEBUG nx::native::watch::watcher:   [create] pixie-block/project.json
DEBUG nx::native::watch::watcher:   [create] pixie-block/main.go
DEBUG nx::native::watch::watcher:   [create] pixie-block/go.mod
DEBUG nx::native::watch::watcher:   [create] pixie-block/main_test.go
[NX v23.1.0 Daemon Server] - 2026-07-24T11:47:58.996Z - [WATCHER]: 4 file(s) created or restored, 1 file(s) modified, 0 file(s) deleted
[NX v23.1.0 Daemon Server] - 2026-07-24T11:47:58.996Z - [WATCHER]: [watcher] routeWorkspaceChanges batch: 5 events: update:go.work, create:pixie-block/project.json, create:pixie-block/main.go, create:pixie-block/go.mod, create:pixie-block/main_test.go
DEBUG nx::native::watch::watcher: idle-window emitting events count=5
DEBUG nx::native::watch::watcher:   [create] pixie-block/go.mod
[NX v23.1.0 Daemon Server] - 2026-07-24T11:47:58.996Z - [WATCHER]: File changes detected:
Created:
  - pixie-block/project.json
  - pixie-block/main.go
  - pixie-block/go.mod
  - pixie-block/main_test.go
Updated:
  - go.work
Deleted:
(none)
DEBUG nx::native::watch::watcher:   [create] pixie-block/project.json
DEBUG nx::native::watch::watcher:   [update] go.work
DEBUG nx::native::watch::watcher:   [create] pixie-block/main_test.go
DEBUG nx::native::watch::watcher:   [create] pixie-block/main.go
[NX v23.1.0 Daemon Server] - 2026-07-24T11:47:58.996Z - [SYNC]: clearing sync generators cache due to file changes
[NX v23.1.0 Daemon Server] - 2026-07-24T11:47:58.996Z - [REQUEST]: Updated workspace context based on watched changes, recomputing project graph...
[NX v23.1.0 Daemon Server] - 2026-07-24T11:47:58.996Z - [REQUEST]: pixie-block/main_test.go,go.work,pixie-block/project.json,pixie-block/main.go,pixie-block/go.mod
[NX v23.1.0 Daemon Server] - 2026-07-24T11:47:58.996Z - [REQUEST]: 
[plugin-client] restarting worker for "@nx-go/nx-go"
[isolated-plugin] spawned worker for "@nx-go/nx-go" (pid: 1184, socket: /private/tmp/plugin369-11-39947.521417.sock)
[plugin-client] restarting worker for "nx/js/dependencies-and-lockfile"
[isolated-plugin] spawned worker for "nx/js/dependencies-and-lockfile" (pid: 1186, socket: /private/tmp/plugin369-12-39948.212625.sock)
[plugin-client] restarting worker for "nx/core/package-json"
[isolated-plugin] spawned worker for "nx/core/package-json" (pid: 1187, socket: /private/tmp/plugin369-13-39948.619667.sock)
[plugin-client] restarting worker for "nx/core/project-json"
[isolated-plugin] spawned worker for "nx/core/project-json" (pid: 1188, socket: /private/tmp/plugin369-14-39949.244583.sock)
[NX v23.1.0 Daemon Server] - 2026-07-24T11:47:59.000Z - [WATCHER]: Processing file changes in outputs
[NX v23.1.0 Daemon Server] - 2026-07-24T11:47:59.000Z - Time taken for 'hash changed files from watcher' 0.3870420000021113ms
[plugin-worker] "nx/core/project-json" (pid: 1188) listening on /private/tmp/plugin369-14-39949.244583.sock
[plugin-worker] "nx/core/package-json" (pid: 1187) listening on /private/tmp/plugin369-13-39948.619667.sock
[plugin-worker] "@nx-go/nx-go" (pid: 1184) listening on /private/tmp/plugin369-11-39947.521417.sock
Time taken for 'plugin worker 1187 code loading' 104.147333ms
[plugin-worker] "nx/js/dependencies-and-lockfile" (pid: 1186) listening on /private/tmp/plugin369-12-39948.212625.sock
Time taken for 'plugin worker 1188 code loading' 102.29429099999999ms
Time taken for 'plugin worker 1184 code loading' 105.3425ms
Time taken for 'plugin worker 1186 code loading' 105.91208400000001ms
[isolated-plugin] connected to worker for "@nx-go/nx-go" (pid: 1184)
[isolated-plugin] connected to worker for "nx/js/dependencies-and-lockfile" (pid: 1186)
[isolated-plugin] connected to worker for "nx/core/package-json" (pid: 1187)
[isolated-plugin] connected to worker for "nx/core/project-json" (pid: 1188)
[NX v23.1.0 Daemon Server] - 2026-07-24T11:47:59.144Z - Time taken for 'start-plugin-worker:@nx-go/nx-go' 145.8864590000012ms
[NX v23.1.0 Daemon Server] - 2026-07-24T11:47:59.144Z - Time taken for 'start-plugin-worker:nx/js/dependencies-and-lockfile' 145.59620800000266ms
[NX v23.1.0 Daemon Server] - 2026-07-24T11:47:59.144Z - Time taken for 'start-plugin-worker:nx/core/package-json' 145.4568750000035ms
[NX v23.1.0 Daemon Server] - 2026-07-24T11:47:59.144Z - Time taken for 'start-plugin-worker:nx/core/project-json' 145.05662499999744ms
[plugin-worker] "@nx-go/nx-go" (pid: 1184) connected
[plugin-worker] "nx/core/package-json" (pid: 1187) connected
[plugin-worker] "nx/core/project-json" (pid: 1188) connected
[plugin-worker] "nx/js/dependencies-and-lockfile" (pid: 1186) connected
[plugin-worker] "nx/core/project-json" (pid: 1188) loaded successfully
[isolated-plugin] shutting down worker for "nx/core/project-json" after createNodes
[plugin-worker] "nx/core/package-json" (pid: 1187) loaded successfully
[isolated-plugin] shutting down worker for "nx/core/package-json" after createNodes
[plugin-worker] "nx/js/dependencies-and-lockfile" (pid: 1186) loaded successfully
Time taken for 'nx/js/dependencies-and-lockfile:createNodes' 2.483249999999998ms
[plugin-worker] "@nx-go/nx-go" (pid: 1184) loaded successfully
[NX v23.1.0 Daemon Server] - 2026-07-24T11:47:59.190Z - Time taken for 'build-project-configs' 186.7070839999942ms
[NX v23.1.0 Daemon Server] - 2026-07-24T11:47:59.190Z - Time taken for 'createNodes:merge' 1.5053750000006403ms
[NX v23.1.0 Daemon Server] - 2026-07-24T11:47:59.190Z - Time taken for 'native-file-deps' 0.006917000006069429ms
[NX v23.1.0 Daemon Server] - 2026-07-24T11:47:59.190Z - Time taken for 'get-workspace-files' 0.25783299999602605ms
Time taken for '@nx-go/nx-go:createNodes' 0.47658399999997414ms
Time taken for 'build typescript dependencies' 0.3757919999999899ms
[isolated-plugin] shutting down worker for "nx/js/dependencies-and-lockfile" after createDependencies
[NX v23.1.0 Daemon Server] - 2026-07-24T11:47:59.398Z - Time taken for 'nx/js/dependencies-and-lockfile:createDependencies' 208.29333299999416ms
[isolated-plugin] shutting down worker for "@nx-go/nx-go" after createDependencies
[NX v23.1.0 Daemon Server] - 2026-07-24T11:47:59.432Z - [SYNC]: collect registered sync generators
[NX v23.1.0 Daemon Server] - 2026-07-24T11:47:59.432Z - [SYNC]: nx.json hash is the same, not collecting global sync generators
[NX v23.1.0 Daemon Server] - 2026-07-24T11:47:59.433Z - Wrote project graph cache to /Users/paiva/git/beckerin/pixie-block/.nx/workspace-data/project-graph.json
[NX v23.1.0 Daemon Server] - 2026-07-24T11:47:59.433Z - Time taken for 'total execution time for createProjectGraph()' 242.6794579999987ms
[NX v23.1.0 Daemon Server] - 2026-07-24T11:47:59.433Z - Time taken for 'createDependencies' 242.15375000000495ms
[NX v23.1.0 Daemon Server] - 2026-07-24T11:47:59.433Z - Time taken for '@nx-go/nx-go:createDependencies' 242.10812499999884ms
[NX v23.1.0 Daemon Server] - 2026-07-24T11:47:59.433Z - Time taken for 'createMetadata' 0.008541000002878718ms
[NX v23.1.0 Daemon Server] - 2026-07-24T11:47:59.433Z - Time taken for 'serialize graph' 0.14024999999674037ms
[NX v23.1.0 Daemon Server] - 2026-07-24T11:47:59.433Z - Time taken for 'write cache' 0.8002500000002328ms
DEBUG nx::native::telemetry::service: Sent 1 events: [nx/js/dependencies-and-lockfile:createDe]
DEBUG nx::native::telemetry::service: Sent 1 events: [@nx-go/nx-go:createDependencies]
DEBUG nx::native::watch::watcher: idle-window emitting events count=29
DEBUG nx::native::watch::watcher:   [update] pixie-block/config/config.go
DEBUG nx::native::watch::watcher:   [update] pixie-block/config/taxes.json
DEBUG nx::native::watch::watcher:   [update] pixie-block/internal/consensus/poa/producer.go
DEBUG nx::native::watch::watcher:   [update] pixie-block/internal/crypto/canonical.go
DEBUG nx::native::watch::watcher:   [update] pixie-block/internal/domain/block.go
DEBUG nx::native::watch::watcher:   [update] pixie-block/internal/crypto/sign.go
DEBUG nx::native::watch::watcher:   [update] pixie-block/internal/chain/blockchain.go
DEBUG nx::native::watch::watcher:   [update] pixie-block/.gitignore
DEBUG nx::native::watch::watcher:   [update] pixie-block/tools/genkeys.go
DEBUG nx::native::watch::watcher:   [update] pixie-block/go copy.mod
DEBUG nx::native::watch::watcher:   [update] pixie-block/internal/p2p/bridge.go
DEBUG nx::native::watch::watcher:   [update] pixie-block/go.sum
DEBUG nx::native::watch::watcher:   [update] pixie-block/node/main.go
DEBUG nx::native::watch::watcher:   [update] pixie-block/internal/ledger/state_test.go
DEBUG nx::native::watch::watcher:   [update] pixie-block/internal/node/bootstrap.go
DEBUG nx::native::watch::watcher:   [update] pixie-block/internal/crypto/hash.go
DEBUG nx::native::watch::watcher:   [update] pixie-block/config/config_test.go
DEBUG nx::native::watch::watcher:   [update] pixie-block/internal/domain/transaction.go
DEBUG nx::native::watch::watcher:   [update] pixie-block/tools/basic-test.json
DEBUG nx::native::watch::watcher:   [update] pixie-block/internal/domain/account.go
DEBUG nx::native::watch::watcher:   [update] pixie-block/Makefile
DEBUG nx::native::watch::watcher:   [update] pixie-block/config/genesis.json
DEBUG nx::native::watch::watcher:   [update] pixie-block/internal/api/server.go
DEBUG nx::native::watch::watcher:   [update] pixie-block/internal/p2p/node.go
DEBUG nx::native::watch::watcher:   [update] pixie-block/internal/storage/bolt/store.go
DEBUG nx::native::watch::watcher:   [update] pixie-block/internal/ledger/state.go
DEBUG nx::native::watch::watcher:   [update] pixie-block/README.md
DEBUG nx::native::watch::watcher:   [update] pixie-block/internal/mempool/pool.go
DEBUG nx::native::watch::watcher:   [update] pixie-block/internal/crypto/blockhash.go
[NX v23.1.0 Daemon Server] - 2026-07-24T11:48:34.607Z - [WATCHER]: Processing file changes in outputs
DEBUG nx::native::watch::watcher: idle-window emitting events count=29
DEBUG nx::native::watch::watcher:   [update] pixie-block/internal/domain/account.go
DEBUG nx::native::watch::watcher:   [update] pixie-block/go copy.mod
DEBUG nx::native::watch::watcher:   [update] pixie-block/internal/mempool/pool.go
DEBUG nx::native::watch::watcher:   [update] pixie-block/internal/domain/transaction.go
DEBUG nx::native::watch::watcher:   [update] pixie-block/internal/ledger/state.go
DEBUG nx::native::watch::watcher:   [update] pixie-block/internal/chain/blockchain.go
DEBUG nx::native::watch::watcher:   [update] pixie-block/internal/ledger/state_test.go
DEBUG nx::native::watch::watcher:   [update] pixie-block/internal/crypto/sign.go
DEBUG nx::native::watch::watcher:   [update] pixie-block/internal/node/bootstrap.go
DEBUG nx::native::watch::watcher:   [update] pixie-block/internal/consensus/poa/producer.go
DEBUG nx::native::watch::watcher:   [update] pixie-block/config/config.go
DEBUG nx::native::watch::watcher:   [update] pixie-block/internal/p2p/bridge.go
DEBUG nx::native::watch::watcher:   [update] pixie-block/internal/storage/bolt/store.go
DEBUG nx::native::watch::watcher:   [update] pixie-block/node/main.go
DEBUG nx::native::watch::watcher:   [update] pixie-block/tools/genkeys.go
DEBUG nx::native::watch::watcher:   [update] pixie-block/internal/crypto/hash.go
DEBUG nx::native::watch::watcher:   [update] pixie-block/internal/domain/block.go
DEBUG nx::native::watch::watcher:   [update] pixie-block/config/genesis.json
DEBUG nx::native::watch::watcher:   [update] pixie-block/.gitignore
DEBUG nx::native::watch::watcher:   [update] pixie-block/internal/api/server.go
DEBUG nx::native::watch::watcher:   [update] pixie-block/config/config_test.go
DEBUG nx::native::watch::watcher:   [update] pixie-block/Makefile
DEBUG nx::native::watch::watcher:   [update] pixie-block/README.md
DEBUG nx::native::watch::watcher:   [update] pixie-block/internal/crypto/canonical.go
DEBUG nx::native::watch::watcher:   [update] pixie-block/internal/p2p/node.go
DEBUG nx::native::watch::watcher:   [update] pixie-block/tools/basic-test.json
DEBUG nx::native::watch::watcher:   [update] pixie-block/go.sum
DEBUG nx::native::watch::watcher:   [update] pixie-block/config/taxes.json
DEBUG nx::native::watch::watcher:   [update] pixie-block/internal/crypto/blockhash.go
[NX v23.1.0 Daemon Server] - 2026-07-24T11:48:34.609Z - [WATCHER]: 0 file(s) created or restored, 29 file(s) modified, 0 file(s) deleted
[NX v23.1.0 Daemon Server] - 2026-07-24T11:48:34.609Z - [WATCHER]: [watcher] routeWorkspaceChanges batch: 29 events: update:pixie-block/internal/domain/account.go, update:pixie-block/go copy.mod, update:pixie-block/internal/mempool/pool.go, update:pixie-block/internal/domain/transaction.go, update:pixie-block/internal/ledger/state.go, update:pixie-block/internal/chain/blockchain.go, update:pixie-block/internal/ledger/state_test.go, update:pixie-block/internal/crypto/sign.go, update:pixie-block/internal/node/bootstrap.go, update:pixie-block/internal/consensus/poa/producer.go, update:pixie-block/config/config.go, update:pixie-block/internal/p2p/bridge.go, update:pixie-block/internal/storage/bolt/store.go, update:pixie-block/node/main.go, update:pixie-block/tools/genkeys.go, update:pixie-block/internal/crypto/hash.go, update:pixie-block/internal/domain/block.go, update:pixie-block/config/genesis.json, update:pixie-block/.gitignore, update:pixie-block/internal/api/server.go, update:pixie-block/config/config_test.go, update:pixie-block/Makefile, update:pixie-block/README.md, update:pixie-block/internal/crypto/canonical.go, update:pixie-block/internal/p2p/node.go, update:pixie-block/tools/basic-test.json, update:pixie-block/go.sum, update:pixie-block/config/taxes.json, update:pixie-block/internal/crypto/blockhash.go
[NX v23.1.0 Daemon Server] - 2026-07-24T11:48:34.609Z - [WATCHER]: File changes detected:
Created:
(none)
Updated:
  - pixie-block/internal/domain/account.go
  - pixie-block/go copy.mod
  - pixie-block/internal/mempool/pool.go
  - pixie-block/internal/domain/transaction.go
  - pixie-block/internal/ledger/state.go
  - pixie-block/internal/chain/blockchain.go
  - pixie-block/internal/ledger/state_test.go
  - pixie-block/internal/crypto/sign.go
  - pixie-block/internal/node/bootstrap.go
  - pixie-block/internal/consensus/poa/producer.go
  ... and 19 more
Deleted:
(none)
[NX v23.1.0 Daemon Server] - 2026-07-24T11:48:34.610Z - [SYNC]: clearing sync generators cache due to file changes
[NX v23.1.0 Daemon Server] - 2026-07-24T11:48:34.610Z - [REQUEST]: Updated workspace context based on watched changes, recomputing project graph...
[NX v23.1.0 Daemon Server] - 2026-07-24T11:48:34.610Z - [REQUEST]: pixie-block/internal/ledger/state_test.go,pixie-block/tools/genkeys.go,pixie-block/internal/p2p/node.go,pixie-block/.gitignore,pixie-block/internal/crypto/hash.go,pixie-block/Makefile,pixie-block/internal/ledger/state.go,pixie-block/go copy.mod,pixie-block/config/taxes.json,pixie-block/tools/basic-test.json,pixie-block/config/genesis.json,pixie-block/internal/crypto/sign.go,pixie-block/internal/chain/blockchain.go,pixie-block/internal/mempool/pool.go,pixie-block/node/main.go,pixie-block/internal/domain/block.go,pixie-block/internal/api/server.go,pixie-block/internal/consensus/poa/producer.go,pixie-block/internal/storage/bolt/store.go,pixie-block/internal/crypto/canonical.go,pixie-block/internal/domain/transaction.go,pixie-block/config/config_test.go,pixie-block/go.sum,pixie-block/internal/node/bootstrap.go,pixie-block/internal/crypto/blockhash.go,pixie-block/config/config.go,pixie-block/internal/domain/account.go,pixie-block/internal/p2p/bridge.go,pixie-block/README.md
[NX v23.1.0 Daemon Server] - 2026-07-24T11:48:34.610Z - [REQUEST]: 
DEBUG nx::native::watch::watcher: watching stopped origin=/Users/paiva/git/beckerin/pixie-block
[plugin-client] restarting worker for "@nx-go/nx-go"
[isolated-plugin] spawned worker for "@nx-go/nx-go" (pid: 1674, socket: /private/tmp/plugin369-15-75560.972375.sock)
[plugin-client] restarting worker for "nx/js/dependencies-and-lockfile"
[isolated-plugin] spawned worker for "nx/js/dependencies-and-lockfile" (pid: 1675, socket: /private/tmp/plugin369-16-75561.665125.sock)
[plugin-client] restarting worker for "nx/core/package-json"
[isolated-plugin] spawned worker for "nx/core/package-json" (pid: 1676, socket: /private/tmp/plugin369-17-75562.087708.sock)
[plugin-client] restarting worker for "nx/core/project-json"
[isolated-plugin] spawned worker for "nx/core/project-json" (pid: 1677, socket: /private/tmp/plugin369-18-75562.433208.sock)
[NX v23.1.0 Daemon Server] - 2026-07-24T11:48:34.612Z - Time taken for 'hash changed files from watcher' 0.5204579999990528ms
[NX v23.1.0 Daemon Server] - 2026-07-24T11:48:34.613Z - [WATCHER]: Stopping the watcher for /Users/paiva/git/beckerin/pixie-block (sources)
DEBUG nx::native::watch::watcher: watching stopped origin=/Users/paiva/git/beckerin/pixie-block
[NX v23.1.0 Daemon Server] - 2026-07-24T11:48:34.613Z - [WATCHER]: Stopping the watcher for /Users/paiva/git/beckerin/pixie-block (outputs)
[NX v23.1.0 Daemon Server] - 2026-07-24T11:48:34.613Z - [LATEST-NX]: Cleaning up latest Nx installation from /private/tmp/tmp-369-9ABjIE6mLTcn
[NX v23.1.0 Daemon Server] - 2026-07-24T11:48:34.613Z - Server stopped because: "Stopping the daemon the set of ignored files changed (native)"
Failed to flush telemetry: Flush reply channel closed
[NX v23.1.0 Daemon Client] - 2026-07-24T11:58:43.472Z - [Client] Starting new daemon server in background
[NX v23.1.0 Daemon Client] - 2026-07-24T11:58:43.474Z - [Client] Waiting for server (max: 6000 attempts, 10ms interval)
[NX v23.1.0 Daemon Server] - 2026-07-24T11:58:43.668Z - Time taken for 'workspace context init' 5.559916000000015ms
DEBUG nx::native::telemetry: Telemetry service initialized successfully
[NX v23.1.0 Daemon Server] - 2026-07-24T11:58:43.893Z - New daemon starting from: /Users/paiva/git/beckerin/pixie-block/node_modules/nx/dist/src/daemon/server/server.js
[NX v23.1.0 Daemon Server] - 2026-07-24T11:58:43.893Z - New daemon __dirname: /Users/paiva/git/beckerin/pixie-block/node_modules/nx/dist/src/daemon/server
[NX v23.1.0 Daemon Server] - 2026-07-24T11:58:43.893Z - New daemon nxVersion: 23.1.0
[NX v23.1.0 Daemon Server] - 2026-07-24T11:58:43.894Z - New daemon getInstalledNxVersion(): 23.1.0
[NX v23.1.0 Daemon Server] - 2026-07-24T11:58:43.894Z - [Server] Starting outdated check interval (20ms)
[NX v23.1.0 Daemon Server] - 2026-07-24T11:58:43.895Z - Started listening on: /private/tmp/51af2f7669ecb771bfa5/d.sock
DEBUG nx::native::watch::watcher: watching started origin=/Users/paiva/git/beckerin/pixie-block
[NX v23.1.0 Daemon Server] - 2026-07-24T11:58:43.899Z - [WATCHER]: Subscribed to changes within: /Users/paiva/git/beckerin/pixie-block (native)
[NX v23.1.0 Daemon Client] - 2026-07-24T11:58:43.899Z - [Client] Server available
[NX v23.1.0 Daemon Client] - 2026-07-24T11:58:43.900Z - [Client] Daemon server started, pid=7350
DEBUG nx::native::watch::watcher: watching started origin=/Users/paiva/git/beckerin/pixie-block
[NX v23.1.0 Daemon Server] - 2026-07-24T11:58:43.901Z - [LATEST-NX]: Pulling latest Nx...
[NX v23.1.0 Daemon Server] - 2026-07-24T11:58:43.902Z - [AI-AGENTS]: Starting agent configuration status computation
[isolated-plugin] spawned worker for "/Users/paiva/git/beckerin/pixie-block/node_modules/nx/dist/src/plugins/js" (pid: 7381, socket: /private/tmp/plugin7350-0-416.102667.sock)
[isolated-plugin] spawned worker for "/Users/paiva/git/beckerin/pixie-block/node_modules/nx/dist/src/plugins/package-json" (pid: 7382, socket: /private/tmp/plugin7350-1-417.464834.sock)
[isolated-plugin] spawned worker for "/Users/paiva/git/beckerin/pixie-block/node_modules/nx/dist/src/plugins/project-json/build-nodes/project-json" (pid: 7383, socket: /private/tmp/plugin7350-2-418.258959.sock)
[isolated-plugin] spawned worker for "@nx-go/nx-go" (pid: 7384, socket: /private/tmp/plugin7350-3-418.885209.sock)
[NX v23.1.0 Daemon Server] - 2026-07-24T11:58:43.907Z - Time taken for 'hash changed files from watcher' 0.014334000000019387ms
[NX v23.1.0 Daemon Server] - 2026-07-24T11:58:43.908Z - Established a connection. Number of open connections: 1
[NX v23.1.0 Daemon Server] - 2026-07-24T11:58:43.908Z - Closed a connection. Number of open connections: 0
[NX v23.1.0 Daemon Server] - 2026-07-24T11:58:43.911Z - Established a connection. Number of open connections: 1
[NX v23.1.0 Daemon Server] - 2026-07-24T11:58:43.913Z - Closed a connection. Number of open connections: 0
[NX v23.1.0 Daemon Client] - 2026-07-24T11:58:43.913Z - [Messenger] Setting up socket listeners
[NX v23.1.0 Daemon Server] - 2026-07-24T11:58:43.913Z - Established a connection. Number of open connections: 1
[NX v23.1.0 Daemon Client] - 2026-07-24T11:58:43.914Z - [Messenger] listen() complete
[NX v23.1.0 Daemon Client] - 2026-07-24T11:58:43.923Z - [Messenger] Sending message type: REQUEST_PROJECT_GRAPH
[NX v23.1.0 Daemon Client] - 2026-07-24T11:58:43.923Z - [Messenger] Message sent
[NX v23.1.0 Daemon Server] - 2026-07-24T11:58:43.924Z - Received raw message of length 3614
[NX v23.1.0 Daemon Server] - 2026-07-24T11:58:43.925Z - Received json message of type REQUEST_PROJECT_GRAPH
[NX v23.1.0 Daemon Server] - 2026-07-24T11:58:43.925Z - Graph recompute necessary due to env variable refresh. Changed keys: NODE, INIT_CWD, COLOR, PATH, NX_ANALYTICS_SESSION_ID, NX_CLI_SET
[NX v23.1.0 Daemon Server] - 2026-07-24T11:58:43.926Z - [REQUEST]: Client Request for Project Graph Received
DEBUG nx::native::watch::watcher: force-flush END count=0 replies=1 elapsed=7.723333ms
[NX v23.1.0 Daemon Server] - 2026-07-24T11:58:43.934Z - No in-memory cached project graph found. Recomputing it...
DEBUG nx::native::watch::watcher: idle-window emitting events count=1
DEBUG nx::native::watch::watcher:   [create] .nx/workspace-data/d/server-process.json
[NX v23.1.0 Daemon Server] - 2026-07-24T11:58:44.011Z - [WATCHER]: Processing file changes in outputs
[plugin-worker] "/Users/paiva/git/beckerin/pixie-block/node_modules/nx/dist/src/plugins/package-json" (pid: 7382) listening on /private/tmp/plugin7350-1-417.464834.sock
[plugin-worker] "/Users/paiva/git/beckerin/pixie-block/node_modules/nx/dist/src/plugins/js" (pid: 7381) listening on /private/tmp/plugin7350-0-416.102667.sock
[plugin-worker] "/Users/paiva/git/beckerin/pixie-block/node_modules/nx/dist/src/plugins/project-json/build-nodes/project-json" (pid: 7383) listening on /private/tmp/plugin7350-2-418.258959.sock
[plugin-worker] "@nx-go/nx-go" (pid: 7384) listening on /private/tmp/plugin7350-3-418.885209.sock
[1m[33mTime taken for 'plugin worker 7384 code loading' 148.42083300000002ms[39m[22m
[1m[33mTime taken for 'plugin worker 7383 code loading' 155.514458ms[39m[22m
[1m[33mTime taken for 'plugin worker 7381 code loading' 151.77591700000002ms[39m[22m
[1m[33mTime taken for 'plugin worker 7382 code loading' 148.22000000000003ms[39m[22m
[isolated-plugin] connected to worker for "/Users/paiva/git/beckerin/pixie-block/node_modules/nx/dist/src/plugins/js" (pid: 7381)
[isolated-plugin] connected to worker for "/Users/paiva/git/beckerin/pixie-block/node_modules/nx/dist/src/plugins/package-json" (pid: 7382)
[isolated-plugin] connected to worker for "/Users/paiva/git/beckerin/pixie-block/node_modules/nx/dist/src/plugins/project-json/build-nodes/project-json" (pid: 7383)
[isolated-plugin] connected to worker for "@nx-go/nx-go" (pid: 7384)
[NX v23.1.0 Daemon Server] - 2026-07-24T11:58:44.098Z - Time taken for 'start-plugin-worker:/Users/paiva/git/beckerin/pixie-block/node_modules/nx/dist/src/plugins/js' 194.38879200000002ms
[NX v23.1.0 Daemon Server] - 2026-07-24T11:58:44.098Z - Time taken for 'start-plugin-worker:/Users/paiva/git/beckerin/pixie-block/node_modules/nx/dist/src/plugins/package-json' 193.97645800000004ms
[NX v23.1.0 Daemon Server] - 2026-07-24T11:58:44.098Z - Time taken for 'start-plugin-worker:/Users/paiva/git/beckerin/pixie-block/node_modules/nx/dist/src/plugins/project-json/build-nodes/project-json' 193.387834ms
[NX v23.1.0 Daemon Server] - 2026-07-24T11:58:44.098Z - Time taken for 'start-plugin-worker:@nx-go/nx-go' 192.87566700000002ms
[plugin-worker] "/Users/paiva/git/beckerin/pixie-block/node_modules/nx/dist/src/plugins/package-json" (pid: 7382) connected
[plugin-worker] "/Users/paiva/git/beckerin/pixie-block/node_modules/nx/dist/src/plugins/js" (pid: 7381) connected
[plugin-worker] "@nx-go/nx-go" (pid: 7384) connected
[plugin-worker] "/Users/paiva/git/beckerin/pixie-block/node_modules/nx/dist/src/plugins/project-json/build-nodes/project-json" (pid: 7383) connected
[plugin-worker] "/Users/paiva/git/beckerin/pixie-block/node_modules/nx/dist/src/plugins/project-json/build-nodes/project-json" (pid: 7383) loaded successfully
[NX v23.1.0 Daemon Server] - 2026-07-24T11:58:44.104Z - Time taken for 'Load Nx Plugin: /Users/paiva/git/beckerin/pixie-block/node_modules/nx/dist/src/plugins/project-json/build-nodes/project-json' 203.52941699999997ms
[plugin-worker] "/Users/paiva/git/beckerin/pixie-block/node_modules/nx/dist/src/plugins/package-json" (pid: 7382) loaded successfully
[NX v23.1.0 Daemon Server] - 2026-07-24T11:58:44.106Z - Time taken for 'Load Nx Plugin: /Users/paiva/git/beckerin/pixie-block/node_modules/nx/dist/src/plugins/package-json' 205.43579200000005ms
[plugin-worker] "/Users/paiva/git/beckerin/pixie-block/node_modules/nx/dist/src/plugins/js" (pid: 7381) loaded successfully
[NX v23.1.0 Daemon Server] - 2026-07-24T11:58:44.116Z - Time taken for 'loadDefaultNxPlugins' 215.56770800000004ms
[NX v23.1.0 Daemon Server] - 2026-07-24T11:58:44.116Z - Time taken for 'Load Nx Plugin: /Users/paiva/git/beckerin/pixie-block/node_modules/nx/dist/src/plugins/js' 215.44425ms
[plugin-worker] "@nx-go/nx-go" (pid: 7384) loaded successfully
[NX v23.1.0 Daemon Server] - 2026-07-24T11:58:44.157Z - [REQUEST]: Updated workspace context based on watched changes, recomputing project graph...
[NX v23.1.0 Daemon Server] - 2026-07-24T11:58:44.157Z - [REQUEST]: 
[NX v23.1.0 Daemon Server] - 2026-07-24T11:58:44.157Z - [REQUEST]: 
[NX v23.1.0 Daemon Server] - 2026-07-24T11:58:44.158Z - [REQUEST]: Updated workspace context based on watched changes, recomputing project graph...
[NX v23.1.0 Daemon Server] - 2026-07-24T11:58:44.158Z - [REQUEST]: 
[NX v23.1.0 Daemon Server] - 2026-07-24T11:58:44.158Z - [REQUEST]: 
[NX v23.1.0 Daemon Server] - 2026-07-24T11:58:44.159Z - Streaming message to client: progress update for topic graph-construction
[NX v23.1.0 Daemon Server] - 2026-07-24T11:58:44.159Z - Streaming message to client: progress update for topic graph-construction
[NX v23.1.0 Daemon Server] - 2026-07-24T11:58:44.160Z - Time taken for 'loadSpecifiedNxPlugins' 255.55525ms
[NX v23.1.0 Daemon Server] - 2026-07-24T11:58:44.160Z - Time taken for 'Load Nx Plugin: @nx-go/nx-go' 255.41579100000007ms
[NX v23.1.0 Daemon Client] - 2026-07-24T11:58:44.160Z - [Messenger] Received message, length: 47
[NX v23.1.0 Daemon Client] - 2026-07-24T11:58:44.160Z - [Messenger] Received message, length: 47
[1m[33mTime taken for 'nx/js/dependencies-and-lockfile:createNodes' 0.4765830000000051ms[39m[22m
[1m[33mTime taken for 'nx/js/dependencies-and-lockfile:createNodes' 0.56087500000001ms[39m[22m
[NX v23.1.0 Daemon Server] - 2026-07-24T11:58:44.460Z - Streaming message to client: progress update for topic graph-construction
[NX v23.1.0 Daemon Server] - 2026-07-24T11:58:44.461Z - Streaming message to client: progress update for topic graph-construction
[NX v23.1.0 Daemon Client] - 2026-07-24T11:58:44.461Z - [Messenger] Received message, length: 160
[NX v23.1.0 Daemon Client] - 2026-07-24T11:58:44.461Z - [Messenger] Received message, length: 160
[isolated-plugin] shutting down worker for "nx/core/project-json" after createNodes
[NX v23.1.0 Daemon Server] - 2026-07-24T11:58:44.467Z - Streaming message to client: progress update for topic graph-construction
[NX v23.1.0 Daemon Server] - 2026-07-24T11:58:44.467Z - Streaming message to client: progress update for topic graph-construction
[NX v23.1.0 Daemon Client] - 2026-07-24T11:58:44.467Z - [Messenger] Received message, length: 134
[NX v23.1.0 Daemon Client] - 2026-07-24T11:58:44.467Z - [Messenger] Received message, length: 134
[isolated-plugin] shutting down worker for "nx/core/package-json" after createNodes
[NX v23.1.0 Daemon Server] - 2026-07-24T11:58:44.470Z - Streaming message to client: progress update for topic graph-construction
[NX v23.1.0 Daemon Server] - 2026-07-24T11:58:44.470Z - Streaming message to client: progress update for topic graph-construction
[NX v23.1.0 Daemon Client] - 2026-07-24T11:58:44.470Z - [Messenger] Received message, length: 93
[NX v23.1.0 Daemon Client] - 2026-07-24T11:58:44.470Z - [Messenger] Received message, length: 93
[NX v23.1.0 Daemon Server] - 2026-07-24T11:58:44.479Z - Streaming message to client: progress update for topic graph-construction
[NX v23.1.0 Daemon Client] - 2026-07-24T11:58:44.479Z - [Messenger] Received message, length: 47
[NX v23.1.0 Daemon Server] - 2026-07-24T11:58:44.479Z - Streaming message to client: progress update for topic graph-construction
[NX v23.1.0 Daemon Client] - 2026-07-24T11:58:44.479Z - [Messenger] Received message, length: 47
[NX v23.1.0 Daemon Server] - 2026-07-24T11:58:44.485Z - Streaming message to client: progress update for topic graph-construction
[NX v23.1.0 Daemon Client] - 2026-07-24T11:58:44.485Z - [Messenger] Received message, length: 47
[NX v23.1.0 Daemon Server] - 2026-07-24T11:58:44.485Z - Time taken for 'build-project-configs' 323.04925000000003ms
[NX v23.1.0 Daemon Server] - 2026-07-24T11:58:44.485Z - Time taken for 'build-project-configs' 323.43329200000005ms
[NX v23.1.0 Daemon Server] - 2026-07-24T11:58:44.485Z - Time taken for 'createNodes:merge' 3.0981669999999895ms
[NX v23.1.0 Daemon Server] - 2026-07-24T11:58:44.485Z - Time taken for 'createNodes:merge' 0.36037500000009004ms
[NX v23.1.0 Daemon Server] - 2026-07-24T11:58:44.485Z - Time taken for 'native-file-deps' 0.0036670000000640357ms
[NX v23.1.0 Daemon Server] - 2026-07-24T11:58:44.485Z - Time taken for 'get-workspace-files' 0.2659999999999627ms
[NX v23.1.0 Daemon Server] - 2026-07-24T11:58:44.485Z - Time taken for 'read cache' 0.13270799999997962ms
[1m[33mTime taken for '@nx-go/nx-go:createNodes' 0.19275000000004638ms[39m[22m
[1m[33mTime taken for '@nx-go/nx-go:createNodes' 0.25612499999999727ms[39m[22m
[1m[33mTime taken for 'build typescript dependencies' 0.3630829999999605ms[39m[22m
[isolated-plugin] shutting down worker for "nx/js/dependencies-and-lockfile" after createDependencies
[NX v23.1.0 Daemon Server] - 2026-07-24T11:58:44.488Z - Streaming message to client: progress update for topic graph-construction
[NX v23.1.0 Daemon Client] - 2026-07-24T11:58:44.488Z - [Messenger] Received message, length: 100
[NX v23.1.0 Daemon Server] - 2026-07-24T11:58:44.488Z - Time taken for 'nx/js/dependencies-and-lockfile:createDependencies' 3.5823329999999487ms
Fetching nx...
[isolated-plugin] shutting down worker for "@nx-go/nx-go" after createDependencies
[NX v23.1.0 Daemon Server] - 2026-07-24T11:58:44.589Z - Streaming message to client: progress update for topic graph-construction
[NX v23.1.0 Daemon Client] - 2026-07-24T11:58:44.589Z - [Messenger] Received message, length: 47
[NX v23.1.0 Daemon Server] - 2026-07-24T11:58:44.590Z - [SYNC]: collect registered sync generators
[NX v23.1.0 Daemon Server] - 2026-07-24T11:58:44.591Z - Wrote project graph cache to /Users/paiva/git/beckerin/pixie-block/.nx/workspace-data/project-graph.json
[NX v23.1.0 Daemon Server] - 2026-07-24T11:58:44.591Z - Serializing response for REQUEST_PROJECT_GRAPH message in json mode
[NX v23.1.0 Daemon Server] - 2026-07-24T11:58:44.591Z - Responding to REQUEST_PROJECT_GRAPH message
[NX v23.1.0 Daemon Server] - 2026-07-24T11:58:44.591Z - [REQUEST]: Responding to the client. project-graph
[NX v23.1.0 Daemon Server] - 2026-07-24T11:58:44.591Z - Time taken for 'total for creating and serializing project graph' 665.0782499999999ms
[NX v23.1.0 Daemon Server] - 2026-07-24T11:58:44.591Z - Time taken for 'total execution time for createProjectGraph()' 105.866083ms
[NX v23.1.0 Daemon Server] - 2026-07-24T11:58:44.591Z - Time taken for 'createDependencies' 104.45820900000001ms
[NX v23.1.0 Daemon Server] - 2026-07-24T11:58:44.591Z - Time taken for '@nx-go/nx-go:createDependencies' 104.28695799999991ms
[NX v23.1.0 Daemon Server] - 2026-07-24T11:58:44.591Z - Time taken for 'createMetadata' 0.011415999999826454ms
[NX v23.1.0 Daemon Server] - 2026-07-24T11:58:44.591Z - Time taken for 'serialize graph' 0.11391699999990124ms
[NX v23.1.0 Daemon Server] - 2026-07-24T11:58:44.591Z - Time taken for 'write cache' 1.0347920000001523ms
[NX v23.1.0 Daemon Server] - 2026-07-24T11:58:44.591Z - Done responding to the client project-graph
[NX v23.1.0 Daemon Server] - 2026-07-24T11:58:44.591Z - Handled json message REQUEST_PROJECT_GRAPH. Handling time: 665. Response time: 0.
[NX v23.1.0 Daemon Client] - 2026-07-24T11:58:44.591Z - [Messenger] Received message, length: 53589
[NX v23.1.0 Daemon Client] - 2026-07-24T11:58:44.592Z - [Messenger] Sending message type: GET_CONTEXT_FILE_DATA
[NX v23.1.0 Daemon Client] - 2026-07-24T11:58:44.592Z - [Messenger] Message sent
[NX v23.1.0 Daemon Server] - 2026-07-24T11:58:44.592Z - Received raw message of length 32
[NX v23.1.0 Daemon Server] - 2026-07-24T11:58:44.592Z - Received json message of type GET_CONTEXT_FILE_DATA
[NX v23.1.0 Daemon Server] - 2026-07-24T11:58:44.592Z - Serializing response for GET_CONTEXT_FILE_DATA message in json mode
[NX v23.1.0 Daemon Server] - 2026-07-24T11:58:44.592Z - Responding to GET_CONTEXT_FILE_DATA message
[NX v23.1.0 Daemon Server] - 2026-07-24T11:58:44.592Z - [REQUEST]: Responding to the client. handleContextFileData
[NX v23.1.0 Daemon Server] - 2026-07-24T11:58:44.592Z - Done responding to the client handleContextFileData
[NX v23.1.0 Daemon Server] - 2026-07-24T11:58:44.592Z - Handled json message GET_CONTEXT_FILE_DATA. Handling time: 0. Response time: 0.
[NX v23.1.0 Daemon Client] - 2026-07-24T11:58:44.592Z - [Messenger] Received message, length: 4131
DEBUG nx::native::telemetry::service: Sent 1 events: [nx/js/dependencies-and-lockfile:createDe]
[NX v23.1.0 Daemon Client] - 2026-07-24T11:58:44.612Z - [Messenger] Setting up socket listeners
[NX v23.1.0 Daemon Client] - 2026-07-24T11:58:44.613Z - [Messenger] listen() complete
[NX v23.1.0 Daemon Server] - 2026-07-24T11:58:44.612Z - Established a connection. Number of open connections: 2
[NX v23.1.0 Daemon Client] - 2026-07-24T11:58:44.613Z - [Messenger] Sending message type: REGISTER_PROJECT_GRAPH_LISTENER
[NX v23.1.0 Daemon Server] - 2026-07-24T11:58:44.613Z - Established a connection. Number of open connections: 3
[NX v23.1.0 Daemon Client] - 2026-07-24T11:58:44.613Z - [Messenger] Message sent
[NX v23.1.0 Daemon Server] - 2026-07-24T11:58:44.613Z - Closed a connection. Number of open connections: 2
[NX v23.1.0 Daemon Server] - 2026-07-24T11:58:44.614Z - Received raw message of length 42
[NX v23.1.0 Daemon Server] - 2026-07-24T11:58:44.614Z - Received json message of type REGISTER_PROJECT_GRAPH_LISTENER
DEBUG nx::native::telemetry::service: Sent 1 events: [@nx-go/nx-go:createDependencies]
[NX v23.1.0 Daemon Server] - 2026-07-24T11:58:46.662Z - [LATEST-NX]: Successfully pulled latest Nx to /private/tmp/tmp-7350-kdX1ZCc7xREY
[NX v23.1.0 Daemon Server] - 2026-07-24T11:58:46.663Z - [NX-CONSOLE]: Using local implementation (NX_USE_LOCAL=true or inner call)
DEBUG nx::native::ide::preferences: Loaded console preferences: NxConsolePreferences { auto_install_console: Some(true), path: "/Users/paiva/.config/nx/ide.json" }
DEBUG nx::native::ide::install: Detected editor: VSCode
DEBUG nx::native::ide::install: Checking if Nx Console extension is installed with: code --list-extensions
DEBUG nx::native::ide::install: Editor command 'code' is installed
DEBUG nx::native::ide::install: Editor command 'code-insiders' not found
DEBUG nx::native::ide::install: Checking if Nx Console extension is installed with: code --list-extensions
DEBUG nx::native::ide::install: Nx Console extension is installed
[NX v23.1.0 Daemon Server] - 2026-07-24T11:58:46.913Z - [NX-CONSOLE]: Console status check completed, shouldPrompt: false
DEBUG nx::native::ide::install: Nx Console extension is installed
DEBUG nx::native::ide::install: Editor command 'code' is installed
DEBUG nx::native::ide::install: Checking if Nx Console extension is installed with: code --list-extensions
DEBUG nx::native::ide::install: Nx Console extension is installed
DEBUG nx::native::ide::install: Editor command 'code-insiders' not found
DEBUG nx::native::ide::install: Editor command 'cursor' is installed
DEBUG nx::native::ide::install: Checking if Nx Console extension is installed with: cursor --list-extensions
DEBUG nx::native::ide::install: Nx Console extension is installed
DEBUG nx::native::ide::install: Editor command 'cursor' is installed
DEBUG nx::native::ide::install: Checking if Nx Console extension is installed with: cursor --list-extensions
DEBUG nx::native::ide::install: Nx Console extension is installed
[NX v23.1.0 Daemon Server] - 2026-07-24T11:58:49.237Z - [AI-AGENTS]: Agent configuration status computation completed: 2 fully configured, 1 outdated, 2 partially configured, 2 non-configured
[NX v23.1.0 Daemon Client] - 2026-07-24T12:00:43.031Z - [Messenger] Sending message type: GET_CONFIGURE_AI_AGENTS_STATUS
[NX v23.1.0 Daemon Client] - 2026-07-24T12:00:43.031Z - [Messenger] Message sent
[NX v23.1.0 Daemon Server] - 2026-07-24T12:00:43.032Z - Received raw message of length 41
[NX v23.1.0 Daemon Server] - 2026-07-24T12:00:43.032Z - Received json message of type GET_CONFIGURE_AI_AGENTS_STATUS
[NX v23.1.0 Daemon Server] - 2026-07-24T12:00:43.032Z - [AI-AGENTS]: Returning cached agent configuration status
[NX v23.1.0 Daemon Server] - 2026-07-24T12:00:43.032Z - Serializing response for GET_CONFIGURE_AI_AGENTS_STATUS message in json mode
[NX v23.1.0 Daemon Server] - 2026-07-24T12:00:43.032Z - Responding to GET_CONFIGURE_AI_AGENTS_STATUS message
[NX v23.1.0 Daemon Server] - 2026-07-24T12:00:43.032Z - [REQUEST]: Responding to the client. handleGetConfigureAiAgentsStatus
[NX v23.1.0 Daemon Server] - 2026-07-24T12:00:43.032Z - Done responding to the client handleGetConfigureAiAgentsStatus
[NX v23.1.0 Daemon Server] - 2026-07-24T12:00:43.032Z - Handled json message GET_CONFIGURE_AI_AGENTS_STATUS. Handling time: 0. Response time: 0.
[NX v23.1.0 Daemon Client] - 2026-07-24T12:00:43.032Z - [Messenger] Received message, length: 441
DEBUG nx::native::watch::watcher: idle-window emitting events count=1
DEBUG nx::native::watch::watcher: idle-window emitting events count=1
DEBUG nx::native::watch::watcher:   [create] nx.json
DEBUG nx::native::watch::watcher:   [create] nx.json
[NX v23.1.0 Daemon Server] - 2026-07-24T12:00:43.314Z - [WATCHER]: nx.json was created or restored
[NX v23.1.0 Daemon Server] - 2026-07-24T12:00:43.314Z - [WATCHER]: [watcher] routeWorkspaceChanges batch: 1 events: create:nx.json
[NX v23.1.0 Daemon Server] - 2026-07-24T12:00:43.314Z - [WATCHER]: File changes detected:
Created:
  - nx.json
Updated:
(none)
Deleted:
(none)
[NX v23.1.0 Daemon Server] - 2026-07-24T12:00:43.314Z - [SYNC]: clearing sync generators cache due to file changes
[NX v23.1.0 Daemon Server] - 2026-07-24T12:00:43.314Z - [REQUEST]: Updated workspace context based on watched changes, recomputing project graph...
[NX v23.1.0 Daemon Server] - 2026-07-24T12:00:43.314Z - [REQUEST]: nx.json
[NX v23.1.0 Daemon Server] - 2026-07-24T12:00:43.314Z - [REQUEST]: 
[plugin-client] restarting worker for "@nx-go/nx-go"
[isolated-plugin] spawned worker for "@nx-go/nx-go" (pid: 7907, socket: /private/tmp/plugin7350-4-119828.308167.sock)
[plugin-client] restarting worker for "nx/js/dependencies-and-lockfile"
[isolated-plugin] spawned worker for "nx/js/dependencies-and-lockfile" (pid: 7908, socket: /private/tmp/plugin7350-5-119829.072167.sock)
[plugin-client] restarting worker for "nx/core/package-json"
[isolated-plugin] spawned worker for "nx/core/package-json" (pid: 7909, socket: /private/tmp/plugin7350-6-119829.71775.sock)
[plugin-client] restarting worker for "nx/core/project-json"
[isolated-plugin] spawned worker for "nx/core/project-json" (pid: 7910, socket: /private/tmp/plugin7350-7-119830.16125.sock)
[NX v23.1.0 Daemon Server] - 2026-07-24T12:00:43.317Z - [WATCHER]: Processing file changes in outputs
[NX v23.1.0 Daemon Server] - 2026-07-24T12:00:43.317Z - Time taken for 'hash changed files from watcher' 0.09079199998814147ms
[plugin-worker] "nx/core/package-json" (pid: 7909) listening on /private/tmp/plugin7350-6-119829.71775.sock
[plugin-worker] "@nx-go/nx-go" (pid: 7907) listening on /private/tmp/plugin7350-4-119828.308167.sock
[1m[33mTime taken for 'plugin worker 7909 code loading' 219.342417ms[39m[22m
[plugin-worker] "nx/core/project-json" (pid: 7910) listening on /private/tmp/plugin7350-7-119830.16125.sock
[isolated-plugin] connected to worker for "nx/core/package-json" (pid: 7909)
[isolated-plugin] connected to worker for "nx/core/project-json" (pid: 7910)
[isolated-plugin] connected to worker for "@nx-go/nx-go" (pid: 7907)
[isolated-plugin] connected to worker for "nx/js/dependencies-and-lockfile" (pid: 7908)
[NX v23.1.0 Daemon Server] - 2026-07-24T12:00:43.574Z - Time taken for 'start-plugin-worker:@nx-go/nx-go' 259.2137079999957ms
[NX v23.1.0 Daemon Server] - 2026-07-24T12:00:43.574Z - Time taken for 'start-plugin-worker:nx/js/dependencies-and-lockfile' 258.47733300000255ms
[NX v23.1.0 Daemon Server] - 2026-07-24T12:00:43.574Z - Time taken for 'start-plugin-worker:nx/core/package-json' 257.11479099999997ms
[NX v23.1.0 Daemon Server] - 2026-07-24T12:00:43.574Z - Time taken for 'start-plugin-worker:nx/core/project-json' 257.1184579999972ms
[plugin-worker] "nx/core/package-json" (pid: 7909) connected
[1m[33mTime taken for 'plugin worker 7907 code loading' 221.367417ms[39m[22m
[plugin-worker] "@nx-go/nx-go" (pid: 7907) connected
[plugin-worker] "nx/js/dependencies-and-lockfile" (pid: 7908) listening on /private/tmp/plugin7350-5-119829.072167.sock
[plugin-worker] "nx/core/project-json" (pid: 7910) connected
[1m[33mTime taken for 'plugin worker 7910 code loading' 222.426167ms[39m[22m
[plugin-worker] "nx/core/project-json" (pid: 7910) loaded successfully
[plugin-worker] "nx/js/dependencies-and-lockfile" (pid: 7908) connected
[1m[33mTime taken for 'plugin worker 7908 code loading' 216.11237500000001ms[39m[22m
[isolated-plugin] shutting down worker for "nx/core/project-json" after createNodes
[plugin-worker] "nx/core/package-json" (pid: 7909) loaded successfully
[isolated-plugin] shutting down worker for "nx/core/package-json" after createNodes
[plugin-worker] "nx/js/dependencies-and-lockfile" (pid: 7908) loaded successfully
[1m[33mTime taken for 'nx/js/dependencies-and-lockfile:createNodes' 1.5756659999999556ms[39m[22m
[plugin-worker] "@nx-go/nx-go" (pid: 7907) loaded successfully
[NX v23.1.0 Daemon Server] - 2026-07-24T12:00:43.642Z - Time taken for 'build-project-configs' 325.9586249999993ms
[NX v23.1.0 Daemon Server] - 2026-07-24T12:00:43.642Z - Time taken for 'createNodes:merge' 0.2777500000083819ms
[1m[33mTime taken for '@nx-go/nx-go:createNodes' 0.36833299999995006ms[39m[22m
DEBUG nx::native::telemetry: Telemetry service initialized successfully
[1m[33mTime taken for 'build typescript dependencies' 0.06137499999999818ms[39m[22m
[isolated-plugin] shutting down worker for "nx/js/dependencies-and-lockfile" after createDependencies
[NX v23.1.0 Daemon Server] - 2026-07-24T12:00:43.873Z - Time taken for 'nx/js/dependencies-and-lockfile:createDependencies' 231.63270800000464ms
DEBUG nx::native::telemetry: Telemetry service initialized successfully
[isolated-plugin] shutting down worker for "@nx-go/nx-go" after createDependencies
[NX v23.1.0 Daemon Server] - 2026-07-24T12:00:43.876Z - [SYNC]: collect registered sync generators
[NX v23.1.0 Daemon Server] - 2026-07-24T12:00:43.876Z - [SYNC]: project graph hash is the same, not collecting task sync generators
[NX v23.1.0 Daemon Server] - 2026-07-24T12:00:43.876Z - [SYNC]: nx.json hash is the same, not collecting global sync generators
[NX v23.1.0 Daemon Server] - 2026-07-24T12:00:43.877Z - Wrote project graph cache to /Users/paiva/git/beckerin/pixie-block/.nx/workspace-data/project-graph.json
[NX v23.1.0 Daemon Server] - 2026-07-24T12:00:43.877Z - Serializing response for PROJECT_GRAPH_UPDATED message in json mode
[NX v23.1.0 Daemon Server] - 2026-07-24T12:00:43.877Z - Responding to PROJECT_GRAPH_UPDATED message
[NX v23.1.0 Daemon Server] - 2026-07-24T12:00:43.877Z - [REQUEST]: Responding to the client. Project graph updated
[NX v23.1.0 Daemon Server] - 2026-07-24T12:00:43.877Z - Time taken for 'total execution time for createProjectGraph()' 234.98237500000687ms
[NX v23.1.0 Daemon Server] - 2026-07-24T12:00:43.877Z - Time taken for 'createDependencies' 234.21133299999929ms
[NX v23.1.0 Daemon Server] - 2026-07-24T12:00:43.877Z - Time taken for '@nx-go/nx-go:createDependencies' 234.13925000000745ms
[NX v23.1.0 Daemon Server] - 2026-07-24T12:00:43.877Z - Time taken for 'createMetadata' 0.005874999988009222ms
[NX v23.1.0 Daemon Server] - 2026-07-24T12:00:43.877Z - Time taken for 'serialize graph' 0.11720900000364054ms
[NX v23.1.0 Daemon Server] - 2026-07-24T12:00:43.877Z - Time taken for 'write cache' 0.8162089999968885ms
[NX v23.1.0 Daemon Server] - 2026-07-24T12:00:43.878Z - Done responding to the client Project graph updated
[NX v23.1.0 Daemon Server] - 2026-07-24T12:00:43.878Z - Handled json message PROJECT_GRAPH_UPDATED. Handling time: 1. Response time: 1.
[NX v23.1.0 Daemon Client] - 2026-07-24T12:00:43.878Z - [Messenger] Received message, length: 53582
DEBUG nx::native::telemetry::service: Sent 1 events: [nx/js/dependencies-and-lockfile:createDe]
DEBUG nx::native::telemetry::service: Sent 1 events: [@nx-go/nx-go:createDependencies]
[NX v23.1.0 Daemon Client] - 2026-07-24T12:00:44.881Z - [Messenger] Sending message type: GET_CONTEXT_FILE_DATA
[NX v23.1.0 Daemon Server] - 2026-07-24T12:00:44.881Z - Established a connection. Number of open connections: 3
[NX v23.1.0 Daemon Client] - 2026-07-24T12:00:44.881Z - [Messenger] Message sent
[NX v23.1.0 Daemon Server] - 2026-07-24T12:00:44.881Z - Received raw message of length 32
[NX v23.1.0 Daemon Server] - 2026-07-24T12:00:44.881Z - Received json message of type GET_CONTEXT_FILE_DATA
[NX v23.1.0 Daemon Server] - 2026-07-24T12:00:44.881Z - Serializing response for GET_CONTEXT_FILE_DATA message in json mode
[NX v23.1.0 Daemon Server] - 2026-07-24T12:00:44.881Z - Responding to GET_CONTEXT_FILE_DATA message
[NX v23.1.0 Daemon Server] - 2026-07-24T12:00:44.881Z - [REQUEST]: Responding to the client. handleContextFileData
[NX v23.1.0 Daemon Server] - 2026-07-24T12:00:44.881Z - Done responding to the client handleContextFileData
[NX v23.1.0 Daemon Server] - 2026-07-24T12:00:44.881Z - Handled json message GET_CONTEXT_FILE_DATA. Handling time: 0. Response time: 0.
[NX v23.1.0 Daemon Client] - 2026-07-24T12:00:44.881Z - [Messenger] Received message, length: 4133
[NX v23.1.0 Daemon Server] - 2026-07-24T12:00:44.881Z - Closed a connection. Number of open connections: 2
[NX v23.1.0 Daemon Server] - 2026-07-24T12:00:44.897Z - Closed a connection. Number of open connections: 1
[NX v23.1.0 Daemon Client] - 2026-07-24T12:00:44.897Z - [ProjectGraphListener] Socket closed, triggering reconnection
[NX v23.1.0 Daemon Server] - 2026-07-24T12:00:44.898Z - Established a connection. Number of open connections: 2
[NX v23.1.0 Daemon Client] - 2026-07-24T12:00:44.898Z - [Messenger] Setting up socket listeners
[NX v23.1.0 Daemon Server] - 2026-07-24T12:00:44.898Z - Established a connection. Number of open connections: 3
[NX v23.1.0 Daemon Client] - 2026-07-24T12:00:44.898Z - [Messenger] listen() complete
[NX v23.1.0 Daemon Client] - 2026-07-24T12:00:44.898Z - [Messenger] Sending message type: REGISTER_PROJECT_GRAPH_LISTENER
[NX v23.1.0 Daemon Server] - 2026-07-24T12:00:44.898Z - Closed a connection. Number of open connections: 2
[NX v23.1.0 Daemon Client] - 2026-07-24T12:00:44.898Z - [Messenger] Message sent
[NX v23.1.0 Daemon Server] - 2026-07-24T12:00:44.898Z - Received raw message of length 42
[NX v23.1.0 Daemon Server] - 2026-07-24T12:00:44.899Z - Received json message of type REGISTER_PROJECT_GRAPH_LISTENER
[NX v23.1.0 Daemon Server] - 2026-07-24T12:00:45.672Z - Established a connection. Number of open connections: 3
[NX v23.1.0 Daemon Server] - 2026-07-24T12:00:45.673Z - Closed a connection. Number of open connections: 2
[NX v23.1.0 Daemon Server] - 2026-07-24T12:00:45.673Z - Established a connection. Number of open connections: 3
[NX v23.1.0 Daemon Server] - 2026-07-24T12:00:45.673Z - Established a connection. Number of open connections: 4
[NX v23.1.0 Daemon Server] - 2026-07-24T12:00:45.673Z - Closed a connection. Number of open connections: 3
[NX v23.1.0 Daemon Client] - 2026-07-24T12:00:45.673Z - [Messenger] Setting up socket listeners
[NX v23.1.0 Daemon Client] - 2026-07-24T12:00:45.674Z - [Messenger] listen() complete
[NX v23.1.0 Daemon Client] - 2026-07-24T12:00:45.680Z - [Messenger] Sending message type: GET_NX_CONSOLE_STATUS
[NX v23.1.0 Daemon Client] - 2026-07-24T12:00:45.680Z - [Messenger] Message sent
[NX v23.1.0 Daemon Server] - 2026-07-24T12:00:45.682Z - Received raw message of length 3870
[NX v23.1.0 Daemon Server] - 2026-07-24T12:00:45.682Z - Received json message of type GET_NX_CONSOLE_STATUS
[NX v23.1.0 Daemon Server] - 2026-07-24T12:00:45.682Z - Graph recompute necessary due to env variable refresh. Changed keys: CURSOR_WORKSPACE_LABEL, FPATH, CURSOR_LAYOUT, CURSOR_SPAWN_CHAIN, ELECTRON_NO_ASAR, ELECTRON_RUN_AS_NODE, CURSOR_SPAWNED_BY_EXTENSION_ID, PATH, PWD, ELECTRON_NO_ATTACH_CONSOLE, CURSOR_EXTENSION_HOST_ROLE, MACH_PORT_RENDEZVOUS_PEER_VALDATION, XPC_SERVICE_NAME, NX_WORKSPACE_ROOT_PATH, CI, STARSHIP_SESSION_KEY, INFOPATH, NODE, INIT_CWD, COLOR, NX_ANALYTICS_SESSION_ID, NX_CLI_SET
[NX v23.1.0 Daemon Server] - 2026-07-24T12:00:45.683Z - Serializing response for GET_NX_CONSOLE_STATUS message in json mode
[NX v23.1.0 Daemon Server] - 2026-07-24T12:00:45.683Z - Responding to GET_NX_CONSOLE_STATUS message
[NX v23.1.0 Daemon Server] - 2026-07-24T12:00:45.683Z - [REQUEST]: Responding to the client. handleGetNxConsoleStatus
[NX v23.1.0 Daemon Server] - 2026-07-24T12:00:45.683Z - Done responding to the client handleGetNxConsoleStatus
[NX v23.1.0 Daemon Server] - 2026-07-24T12:00:45.683Z - Handled json message GET_NX_CONSOLE_STATUS. Handling time: 0. Response time: 0.
[NX v23.1.0 Daemon Client] - 2026-07-24T12:00:45.683Z - [Messenger] Received message, length: 22
[NX v23.1.0 Daemon Client] - 2026-07-24T12:00:45.692Z - [Messenger] Sending message type: REQUEST_PROJECT_GRAPH
[NX v23.1.0 Daemon Client] - 2026-07-24T12:00:45.692Z - [Messenger] Message sent
[NX v23.1.0 Daemon Server] - 2026-07-24T12:00:45.692Z - Received raw message of length 32
[NX v23.1.0 Daemon Server] - 2026-07-24T12:00:45.692Z - Received json message of type REQUEST_PROJECT_GRAPH
[NX v23.1.0 Daemon Server] - 2026-07-24T12:00:45.692Z - [REQUEST]: Client Request for Project Graph Received
DEBUG nx::native::watch::watcher: force-flush END count=0 replies=1 elapsed=10.521959ms
[NX v23.1.0 Daemon Server] - 2026-07-24T12:00:45.703Z - No in-memory cached project graph found. Recomputing it...
[NX v23.1.0 Daemon Server] - 2026-07-24T12:00:45.703Z - [REQUEST]: Updated workspace context based on watched changes, recomputing project graph...
[NX v23.1.0 Daemon Server] - 2026-07-24T12:00:45.703Z - [REQUEST]: 
[NX v23.1.0 Daemon Server] - 2026-07-24T12:00:45.703Z - [REQUEST]: 
[NX v23.1.0 Daemon Server] - 2026-07-24T12:00:45.704Z - Streaming message to client: progress update for topic graph-construction
[plugin-client] restarting worker for "@nx-go/nx-go"
[NX v23.1.0 Daemon Client] - 2026-07-24T12:00:45.704Z - [Messenger] Received message, length: 47
[isolated-plugin] spawned worker for "@nx-go/nx-go" (pid: 7983, socket: /private/tmp/plugin7350-8-122217.119209.sock)
[plugin-client] restarting worker for "nx/js/dependencies-and-lockfile"
[isolated-plugin] spawned worker for "nx/js/dependencies-and-lockfile" (pid: 7984, socket: /private/tmp/plugin7350-9-122217.812625.sock)
[plugin-client] restarting worker for "nx/core/package-json"
[isolated-plugin] spawned worker for "nx/core/package-json" (pid: 7985, socket: /private/tmp/plugin7350-10-122218.3285.sock)
[plugin-client] restarting worker for "nx/core/project-json"
[isolated-plugin] spawned worker for "nx/core/project-json" (pid: 7986, socket: /private/tmp/plugin7350-11-122218.721125.sock)
[plugin-worker] "nx/js/dependencies-and-lockfile" (pid: 7984) listening on /private/tmp/plugin7350-9-122217.812625.sock
Time taken for 'plugin worker 7984 code loading' 103.289125ms
[plugin-worker] "nx/js/dependencies-and-lockfile" (pid: 7984) connected
[isolated-plugin] connected to worker for "nx/js/dependencies-and-lockfile" (pid: 7984)
[NX v23.1.0 Daemon Server] - 2026-07-24T12:00:45.838Z - Time taken for 'start-plugin-worker:nx/js/dependencies-and-lockfile' 133.33554200000071ms
[plugin-worker] "@nx-go/nx-go" (pid: 7983) listening on /private/tmp/plugin7350-8-122217.119209.sock
[plugin-worker] "nx/core/project-json" (pid: 7986) listening on /private/tmp/plugin7350-11-122218.721125.sock
Time taken for 'plugin worker 7986 code loading' 105.841875ms
Time taken for 'plugin worker 7983 code loading' 106.693125ms
[plugin-worker] "nx/core/package-json" (pid: 7985) listening on /private/tmp/plugin7350-10-122218.3285.sock
Time taken for 'plugin worker 7985 code loading' 109.321958ms
[plugin-worker] "nx/js/dependencies-and-lockfile" (pid: 7984) loaded successfully
[isolated-plugin] connected to worker for "@nx-go/nx-go" (pid: 7983)
[isolated-plugin] connected to worker for "nx/core/package-json" (pid: 7985)
[isolated-plugin] connected to worker for "nx/core/project-json" (pid: 7986)
[NX v23.1.0 Daemon Server] - 2026-07-24T12:00:45.848Z - Time taken for 'start-plugin-worker:@nx-go/nx-go' 143.9343749999971ms
[NX v23.1.0 Daemon Server] - 2026-07-24T12:00:45.848Z - Time taken for 'start-plugin-worker:nx/core/package-json' 142.91112499999872ms
[NX v23.1.0 Daemon Server] - 2026-07-24T12:00:45.848Z - Time taken for 'start-plugin-worker:nx/core/project-json' 142.60145800000464ms
[plugin-worker] "nx/core/project-json" (pid: 7986) connected
[plugin-worker] "@nx-go/nx-go" (pid: 7983) connected
[plugin-worker] "nx/core/package-json" (pid: 7985) connected
[plugin-worker] "nx/core/project-json" (pid: 7986) loaded successfully
[plugin-worker] "nx/core/package-json" (pid: 7985) loaded successfully
[isolated-plugin] shutting down worker for "nx/core/project-json" after createNodes
[NX v23.1.0 Daemon Server] - 2026-07-24T12:00:45.853Z - Streaming message to client: progress update for topic graph-construction
[isolated-plugin] shutting down worker for "nx/core/package-json" after createNodes
[NX v23.1.0 Daemon Server] - 2026-07-24T12:00:45.853Z - Streaming message to client: progress update for topic graph-construction
[NX v23.1.0 Daemon Client] - 2026-07-24T12:00:45.854Z - [Messenger] Received message, length: 171
Time taken for 'nx/js/dependencies-and-lockfile:createNodes' 3.025374999999997ms
[NX v23.1.0 Daemon Client] - 2026-07-24T12:00:45.854Z - [Messenger] Received message, length: 145
[NX v23.1.0 Daemon Server] - 2026-07-24T12:00:45.855Z - Streaming message to client: progress update for topic graph-construction
[NX v23.1.0 Daemon Client] - 2026-07-24T12:00:45.855Z - [Messenger] Received message, length: 93
[plugin-worker] "@nx-go/nx-go" (pid: 7983) loaded successfully
[NX v23.1.0 Daemon Server] - 2026-07-24T12:00:45.878Z - Streaming message to client: progress update for topic graph-construction
[NX v23.1.0 Daemon Client] - 2026-07-24T12:00:45.878Z - [Messenger] Received message, length: 47
[NX v23.1.0 Daemon Server] - 2026-07-24T12:00:45.878Z - Streaming message to client: progress update for topic graph-construction
[NX v23.1.0 Daemon Client] - 2026-07-24T12:00:45.879Z - [Messenger] Received message, length: 47
[NX v23.1.0 Daemon Server] - 2026-07-24T12:00:45.879Z - Time taken for 'build-project-configs' 174.46212500000547ms
[NX v23.1.0 Daemon Server] - 2026-07-24T12:00:45.879Z - Time taken for 'createNodes:merge' 0.4235409999964759ms
Time taken for '@nx-go/nx-go:createNodes' 0.28879100000000335ms
Time taken for 'build typescript dependencies' 0.051375000000007276ms
[isolated-plugin] shutting down worker for "nx/js/dependencies-and-lockfile" after createDependencies
[NX v23.1.0 Daemon Server] - 2026-07-24T12:00:46.085Z - Streaming message to client: progress update for topic graph-construction
[NX v23.1.0 Daemon Client] - 2026-07-24T12:00:46.085Z - [Messenger] Received message, length: 100
[NX v23.1.0 Daemon Server] - 2026-07-24T12:00:46.085Z - Time taken for 'nx/js/dependencies-and-lockfile:createDependencies' 206.46779199999582ms
[isolated-plugin] shutting down worker for "@nx-go/nx-go" after createDependencies
[NX v23.1.0 Daemon Server] - 2026-07-24T12:00:46.091Z - Streaming message to client: progress update for topic graph-construction
[NX v23.1.0 Daemon Client] - 2026-07-24T12:00:46.091Z - [Messenger] Received message, length: 47
[NX v23.1.0 Daemon Server] - 2026-07-24T12:00:46.092Z - [SYNC]: collect registered sync generators
[NX v23.1.0 Daemon Server] - 2026-07-24T12:00:46.092Z - [SYNC]: project graph hash is the same, not collecting task sync generators
[NX v23.1.0 Daemon Server] - 2026-07-24T12:00:46.092Z - [SYNC]: nx.json hash is the same, not collecting global sync generators
[NX v23.1.0 Daemon Server] - 2026-07-24T12:00:46.093Z - Wrote project graph cache to /Users/paiva/git/beckerin/pixie-block/.nx/workspace-data/project-graph.json
[NX v23.1.0 Daemon Server] - 2026-07-24T12:00:46.093Z - Serializing response for PROJECT_GRAPH_UPDATED message in json mode
[NX v23.1.0 Daemon Server] - 2026-07-24T12:00:46.093Z - Responding to PROJECT_GRAPH_UPDATED message
[NX v23.1.0 Daemon Server] - 2026-07-24T12:00:46.093Z - [REQUEST]: Responding to the client. Project graph updated
[NX v23.1.0 Daemon Server] - 2026-07-24T12:00:46.093Z - Serializing response for REQUEST_PROJECT_GRAPH message in json mode
[NX v23.1.0 Daemon Server] - 2026-07-24T12:00:46.093Z - Responding to REQUEST_PROJECT_GRAPH message
[NX v23.1.0 Daemon Server] - 2026-07-24T12:00:46.093Z - [REQUEST]: Responding to the client. project-graph
[NX v23.1.0 Daemon Server] - 2026-07-24T12:00:46.093Z - Time taken for 'total for creating and serializing project graph' 400.2142920000042ms
[NX v23.1.0 Daemon Server] - 2026-07-24T12:00:46.093Z - Time taken for 'total execution time for createProjectGraph()' 213.3421670000098ms
[NX v23.1.0 Daemon Server] - 2026-07-24T12:00:46.093Z - Time taken for 'createDependencies' 212.90708299999824ms
[NX v23.1.0 Daemon Server] - 2026-07-24T12:00:46.093Z - Time taken for '@nx-go/nx-go:createDependencies' 212.84137499998906ms
[NX v23.1.0 Daemon Server] - 2026-07-24T12:00:46.093Z - Time taken for 'createMetadata' 0.008333000005222857ms
[NX v23.1.0 Daemon Server] - 2026-07-24T12:00:46.093Z - Time taken for 'serialize graph' 0.10304200000246055ms
[NX v23.1.0 Daemon Server] - 2026-07-24T12:00:46.093Z - Time taken for 'write cache' 0.7534579999919515ms
[NX v23.1.0 Daemon Server] - 2026-07-24T12:00:46.093Z - Done responding to the client Project graph updated
[NX v23.1.0 Daemon Server] - 2026-07-24T12:00:46.093Z - Handled json message PROJECT_GRAPH_UPDATED. Handling time: 1. Response time: 0.
[NX v23.1.0 Daemon Client] - 2026-07-24T12:00:46.093Z - [Messenger] Received message, length: 53582
[NX v23.1.0 Daemon Server] - 2026-07-24T12:00:46.093Z - Done responding to the client project-graph
[NX v23.1.0 Daemon Server] - 2026-07-24T12:00:46.093Z - Handled json message REQUEST_PROJECT_GRAPH. Handling time: 401. Response time: 0.
[NX v23.1.0 Daemon Client] - 2026-07-24T12:00:46.093Z - [Messenger] Received message, length: 53589
[NX v23.1.0 Daemon Server] - 2026-07-24T12:00:46.101Z - Closed a connection. Number of open connections: 2
DEBUG nx::native::telemetry::service: Sent 1 events: [nx/js/dependencies-and-lockfile:createDe]
DEBUG nx::native::telemetry::service: Sent 1 events: [@nx-go/nx-go:createDependencies]
[NX v23.1.0 Daemon Client] - 2026-07-24T12:00:47.096Z - [Messenger] Sending message type: GET_CONTEXT_FILE_DATA
[NX v23.1.0 Daemon Server] - 2026-07-24T12:00:47.096Z - Established a connection. Number of open connections: 3
[NX v23.1.0 Daemon Client] - 2026-07-24T12:00:47.096Z - [Messenger] Message sent
[NX v23.1.0 Daemon Server] - 2026-07-24T12:00:47.096Z - Received raw message of length 32
[NX v23.1.0 Daemon Server] - 2026-07-24T12:00:47.096Z - Received json message of type GET_CONTEXT_FILE_DATA
[NX v23.1.0 Daemon Server] - 2026-07-24T12:00:47.096Z - Serializing response for GET_CONTEXT_FILE_DATA message in json mode
[NX v23.1.0 Daemon Server] - 2026-07-24T12:00:47.096Z - Responding to GET_CONTEXT_FILE_DATA message
[NX v23.1.0 Daemon Server] - 2026-07-24T12:00:47.096Z - [REQUEST]: Responding to the client. handleContextFileData
[NX v23.1.0 Daemon Server] - 2026-07-24T12:00:47.096Z - Done responding to the client handleContextFileData
[NX v23.1.0 Daemon Server] - 2026-07-24T12:00:47.096Z - Handled json message GET_CONTEXT_FILE_DATA. Handling time: 0. Response time: 0.
[NX v23.1.0 Daemon Client] - 2026-07-24T12:00:47.096Z - [Messenger] Received message, length: 4133
[NX v23.1.0 Daemon Server] - 2026-07-24T12:00:47.096Z - Closed a connection. Number of open connections: 2
[NX v23.1.0 Daemon Client] - 2026-07-24T12:00:47.104Z - [ProjectGraphListener] Socket closed, triggering reconnection
[NX v23.1.0 Daemon Server] - 2026-07-24T12:00:47.104Z - Closed a connection. Number of open connections: 1
[NX v23.1.0 Daemon Server] - 2026-07-24T12:00:47.105Z - Established a connection. Number of open connections: 2
[NX v23.1.0 Daemon Client] - 2026-07-24T12:00:47.105Z - [Messenger] Setting up socket listeners
[NX v23.1.0 Daemon Client] - 2026-07-24T12:00:47.105Z - [Messenger] listen() complete
[NX v23.1.0 Daemon Client] - 2026-07-24T12:00:47.105Z - [Messenger] Sending message type: REGISTER_PROJECT_GRAPH_LISTENER
[NX v23.1.0 Daemon Server] - 2026-07-24T12:00:47.105Z - Established a connection. Number of open connections: 3
[NX v23.1.0 Daemon Client] - 2026-07-24T12:00:47.105Z - [Messenger] Message sent
[NX v23.1.0 Daemon Server] - 2026-07-24T12:00:47.105Z - Closed a connection. Number of open connections: 2
[NX v23.1.0 Daemon Server] - 2026-07-24T12:00:47.105Z - Received raw message of length 42
[NX v23.1.0 Daemon Server] - 2026-07-24T12:00:47.105Z - Received json message of type REGISTER_PROJECT_GRAPH_LISTENER
[NX v23.1.0 Daemon Server] - 2026-07-24T12:01:28.663Z - Established a connection. Number of open connections: 3
[NX v23.1.0 Daemon Server] - 2026-07-24T12:01:28.664Z - Established a connection. Number of open connections: 4
[NX v23.1.0 Daemon Server] - 2026-07-24T12:01:28.664Z - Closed a connection. Number of open connections: 3
[NX v23.1.0 Daemon Server] - 2026-07-24T12:01:28.664Z - Established a connection. Number of open connections: 4
[NX v23.1.0 Daemon Server] - 2026-07-24T12:01:28.664Z - Closed a connection. Number of open connections: 3
[NX v23.1.0 Daemon Client] - 2026-07-24T12:01:28.664Z - [Messenger] Setting up socket listeners
[NX v23.1.0 Daemon Client] - 2026-07-24T12:01:28.665Z - [Messenger] listen() complete
[NX v23.1.0 Daemon Client] - 2026-07-24T12:01:28.670Z - [Messenger] Sending message type: GET_NX_CONSOLE_STATUS
[NX v23.1.0 Daemon Client] - 2026-07-24T12:01:28.671Z - [Messenger] Message sent
[NX v23.1.0 Daemon Server] - 2026-07-24T12:01:28.671Z - Received raw message of length 3291
[NX v23.1.0 Daemon Server] - 2026-07-24T12:01:28.671Z - Received json message of type GET_NX_CONSOLE_STATUS
[NX v23.1.0 Daemon Server] - 2026-07-24T12:01:28.671Z - Graph recompute necessary due to env variable refresh. Changed keys: PATH, NODE, INIT_CWD, COLOR
[NX v23.1.0 Daemon Server] - 2026-07-24T12:01:28.671Z - Serializing response for GET_NX_CONSOLE_STATUS message in json mode
[NX v23.1.0 Daemon Server] - 2026-07-24T12:01:28.671Z - Responding to GET_NX_CONSOLE_STATUS message
[NX v23.1.0 Daemon Server] - 2026-07-24T12:01:28.671Z - [REQUEST]: Responding to the client. handleGetNxConsoleStatus
[NX v23.1.0 Daemon Server] - 2026-07-24T12:01:28.671Z - Done responding to the client handleGetNxConsoleStatus
[NX v23.1.0 Daemon Server] - 2026-07-24T12:01:28.671Z - Handled json message GET_NX_CONSOLE_STATUS. Handling time: 0. Response time: 0.
[NX v23.1.0 Daemon Client] - 2026-07-24T12:01:28.671Z - [Messenger] Received message, length: 22
[NX v23.1.0 Daemon Client] - 2026-07-24T12:01:28.710Z - [Messenger] Sending message type: REQUEST_PROJECT_GRAPH
[NX v23.1.0 Daemon Client] - 2026-07-24T12:01:28.710Z - [Messenger] Message sent
[NX v23.1.0 Daemon Server] - 2026-07-24T12:01:28.710Z - Received raw message of length 32
[NX v23.1.0 Daemon Server] - 2026-07-24T12:01:28.710Z - Received json message of type REQUEST_PROJECT_GRAPH
[NX v23.1.0 Daemon Server] - 2026-07-24T12:01:28.710Z - [REQUEST]: Client Request for Project Graph Received
DEBUG nx::native::watch::watcher: force-flush END count=0 replies=1 elapsed=11.220166ms
[NX v23.1.0 Daemon Server] - 2026-07-24T12:01:28.721Z - No in-memory cached project graph found. Recomputing it...
[NX v23.1.0 Daemon Server] - 2026-07-24T12:01:28.721Z - [REQUEST]: Updated workspace context based on watched changes, recomputing project graph...
[NX v23.1.0 Daemon Server] - 2026-07-24T12:01:28.721Z - [REQUEST]: 
[NX v23.1.0 Daemon Server] - 2026-07-24T12:01:28.721Z - [REQUEST]: 
[NX v23.1.0 Daemon Server] - 2026-07-24T12:01:28.722Z - Streaming message to client: progress update for topic graph-construction
[plugin-client] restarting worker for "@nx-go/nx-go"
[NX v23.1.0 Daemon Client] - 2026-07-24T12:01:28.722Z - [Messenger] Received message, length: 47
[isolated-plugin] spawned worker for "@nx-go/nx-go" (pid: 8171, socket: /private/tmp/plugin7350-12-165235.2165.sock)
[plugin-client] restarting worker for "nx/js/dependencies-and-lockfile"
[isolated-plugin] spawned worker for "nx/js/dependencies-and-lockfile" (pid: 8172, socket: /private/tmp/plugin7350-13-165235.920292.sock)
[plugin-client] restarting worker for "nx/core/package-json"
[isolated-plugin] spawned worker for "nx/core/package-json" (pid: 8173, socket: /private/tmp/plugin7350-14-165236.394209.sock)
[plugin-client] restarting worker for "nx/core/project-json"
[isolated-plugin] spawned worker for "nx/core/project-json" (pid: 8174, socket: /private/tmp/plugin7350-15-165236.770625.sock)
[plugin-worker] "nx/core/project-json" (pid: 8174) listening on /private/tmp/plugin7350-15-165236.770625.sock
Time taken for 'plugin worker 8174 code loading' 81.110375ms
[plugin-worker] "@nx-go/nx-go" (pid: 8171) listening on /private/tmp/plugin7350-12-165235.2165.sock
[plugin-worker] "nx/core/package-json" (pid: 8173) listening on /private/tmp/plugin7350-14-165236.394209.sock
[plugin-worker] "nx/js/dependencies-and-lockfile" (pid: 8172) listening on /private/tmp/plugin7350-13-165235.920292.sock
Time taken for 'plugin worker 8171 code loading' 81.148666ms
[isolated-plugin] connected to worker for "@nx-go/nx-go" (pid: 8171)
[isolated-plugin] connected to worker for "nx/js/dependencies-and-lockfile" (pid: 8172)
[isolated-plugin] connected to worker for "nx/core/package-json" (pid: 8173)
[isolated-plugin] connected to worker for "nx/core/project-json" (pid: 8174)
[NX v23.1.0 Daemon Server] - 2026-07-24T12:01:28.833Z - Time taken for 'start-plugin-worker:@nx-go/nx-go' 110.49616599999717ms
[NX v23.1.0 Daemon Server] - 2026-07-24T12:01:28.833Z - Time taken for 'start-plugin-worker:nx/js/dependencies-and-lockfile' 109.90404200000921ms
[NX v23.1.0 Daemon Server] - 2026-07-24T12:01:28.833Z - Time taken for 'start-plugin-worker:nx/core/package-json' 109.51262500000303ms
[NX v23.1.0 Daemon Server] - 2026-07-24T12:01:28.833Z - Time taken for 'start-plugin-worker:nx/core/project-json' 109.21029099999578ms
[plugin-worker] "@nx-go/nx-go" (pid: 8171) connected
Time taken for 'plugin worker 8173 code loading' 83.62187499999999ms
[plugin-worker] "nx/core/package-json" (pid: 8173) connected
[plugin-worker] "nx/core/project-json" (pid: 8174) connected
[plugin-worker] "nx/js/dependencies-and-lockfile" (pid: 8172) connected
Time taken for 'plugin worker 8172 code loading' 80.862917ms
[plugin-worker] "nx/core/package-json" (pid: 8173) loaded successfully
[plugin-worker] "nx/core/project-json" (pid: 8174) loaded successfully
[isolated-plugin] shutting down worker for "nx/core/project-json" after createNodes
[NX v23.1.0 Daemon Server] - 2026-07-24T12:01:28.841Z - Streaming message to client: progress update for topic graph-construction
[isolated-plugin] shutting down worker for "nx/core/package-json" after createNodes
[NX v23.1.0 Daemon Server] - 2026-07-24T12:01:28.841Z - Streaming message to client: progress update for topic graph-construction
[NX v23.1.0 Daemon Client] - 2026-07-24T12:01:28.841Z - [Messenger] Received message, length: 171
[NX v23.1.0 Daemon Client] - 2026-07-24T12:01:28.842Z - [Messenger] Received message, length: 145
[plugin-worker] "nx/js/dependencies-and-lockfile" (pid: 8172) loaded successfully
Time taken for 'nx/js/dependencies-and-lockfile:createNodes' 1.9358749999999958ms
[NX v23.1.0 Daemon Server] - 2026-07-24T12:01:28.850Z - Streaming message to client: progress update for topic graph-construction
[NX v23.1.0 Daemon Client] - 2026-07-24T12:01:28.851Z - [Messenger] Received message, length: 93
[plugin-worker] "@nx-go/nx-go" (pid: 8171) loaded successfully
[NX v23.1.0 Daemon Server] - 2026-07-24T12:01:28.905Z - Streaming message to client: progress update for topic graph-construction
[NX v23.1.0 Daemon Client] - 2026-07-24T12:01:28.909Z - [Messenger] Received message, length: 47
[NX v23.1.0 Daemon Server] - 2026-07-24T12:01:28.910Z - Streaming message to client: progress update for topic graph-construction
[NX v23.1.0 Daemon Client] - 2026-07-24T12:01:28.910Z - [Messenger] Received message, length: 47
[NX v23.1.0 Daemon Server] - 2026-07-24T12:01:28.911Z - Time taken for 'build-project-configs' 184.66049999999814ms
[NX v23.1.0 Daemon Server] - 2026-07-24T12:01:28.911Z - Time taken for 'createNodes:merge' 0.4662919999973383ms
Time taken for '@nx-go/nx-go:createNodes' 2.076915999999983ms
Time taken for 'build typescript dependencies' 0.06133300000004738ms
[isolated-plugin] shutting down worker for "nx/js/dependencies-and-lockfile" after createDependencies
[NX v23.1.0 Daemon Server] - 2026-07-24T12:01:29.116Z - Streaming message to client: progress update for topic graph-construction
[NX v23.1.0 Daemon Client] - 2026-07-24T12:01:29.116Z - [Messenger] Received message, length: 100
[NX v23.1.0 Daemon Server] - 2026-07-24T12:01:29.117Z - Time taken for 'nx/js/dependencies-and-lockfile:createDependencies' 206.4371670000255ms
[isolated-plugin] shutting down worker for "@nx-go/nx-go" after createDependencies
[NX v23.1.0 Daemon Server] - 2026-07-24T12:01:29.133Z - Streaming message to client: progress update for topic graph-construction
[NX v23.1.0 Daemon Client] - 2026-07-24T12:01:29.133Z - [Messenger] Received message, length: 47
[NX v23.1.0 Daemon Server] - 2026-07-24T12:01:29.133Z - [SYNC]: collect registered sync generators
[NX v23.1.0 Daemon Server] - 2026-07-24T12:01:29.133Z - [SYNC]: project graph hash is the same, not collecting task sync generators
[NX v23.1.0 Daemon Server] - 2026-07-24T12:01:29.133Z - [SYNC]: nx.json hash is the same, not collecting global sync generators
[NX v23.1.0 Daemon Server] - 2026-07-24T12:01:29.135Z - Wrote project graph cache to /Users/paiva/git/beckerin/pixie-block/.nx/workspace-data/project-graph.json
[NX v23.1.0 Daemon Server] - 2026-07-24T12:01:29.135Z - Serializing response for PROJECT_GRAPH_UPDATED message in json mode
[NX v23.1.0 Daemon Server] - 2026-07-24T12:01:29.135Z - Responding to PROJECT_GRAPH_UPDATED message
[NX v23.1.0 Daemon Server] - 2026-07-24T12:01:29.135Z - [REQUEST]: Responding to the client. Project graph updated
[NX v23.1.0 Daemon Server] - 2026-07-24T12:01:29.135Z - Serializing response for REQUEST_PROJECT_GRAPH message in json mode
[NX v23.1.0 Daemon Server] - 2026-07-24T12:01:29.135Z - Responding to REQUEST_PROJECT_GRAPH message
[NX v23.1.0 Daemon Server] - 2026-07-24T12:01:29.135Z - [REQUEST]: Responding to the client. project-graph
[NX v23.1.0 Daemon Server] - 2026-07-24T12:01:29.135Z - Time taken for 'total for creating and serializing project graph' 425.07729099999415ms
[NX v23.1.0 Daemon Server] - 2026-07-24T12:01:29.135Z - Time taken for 'total execution time for createProjectGraph()' 224.49520800000755ms
[NX v23.1.0 Daemon Server] - 2026-07-24T12:01:29.135Z - Time taken for 'createDependencies' 223.01674999998068ms
[NX v23.1.0 Daemon Server] - 2026-07-24T12:01:29.135Z - Time taken for '@nx-go/nx-go:createDependencies' 222.80762499998673ms
[NX v23.1.0 Daemon Server] - 2026-07-24T12:01:29.135Z - Time taken for 'createMetadata' 0.0061249999853316694ms
[NX v23.1.0 Daemon Server] - 2026-07-24T12:01:29.135Z - Time taken for 'serialize graph' 0.11387500001001172ms
[NX v23.1.0 Daemon Server] - 2026-07-24T12:01:29.135Z - Time taken for 'write cache' 1.3614169999782462ms
[NX v23.1.0 Daemon Server] - 2026-07-24T12:01:29.135Z - Done responding to the client project-graph
[NX v23.1.0 Daemon Server] - 2026-07-24T12:01:29.135Z - Handled json message REQUEST_PROJECT_GRAPH. Handling time: 425. Response time: 0.
[NX v23.1.0 Daemon Server] - 2026-07-24T12:01:29.135Z - Done responding to the client Project graph updated
[NX v23.1.0 Daemon Server] - 2026-07-24T12:01:29.135Z - Handled json message PROJECT_GRAPH_UPDATED. Handling time: 2. Response time: 0.
[NX v23.1.0 Daemon Client] - 2026-07-24T12:01:29.135Z - [Messenger] Received message, length: 53589
[NX v23.1.0 Daemon Client] - 2026-07-24T12:01:29.135Z - [Messenger] Received message, length: 53582
[NX v23.1.0 Daemon Client] - 2026-07-24T12:01:29.137Z - [Messenger] Sending message type: PRE_TASKS_EXECUTION
[NX v23.1.0 Daemon Client] - 2026-07-24T12:01:29.137Z - [Messenger] Message sent
[NX v23.1.0 Daemon Server] - 2026-07-24T12:01:29.137Z - Received raw message of length 418
[NX v23.1.0 Daemon Server] - 2026-07-24T12:01:29.137Z - Received json message of type PRE_TASKS_EXECUTION
[NX v23.1.0 Daemon Server] - 2026-07-24T12:01:29.138Z - Serializing response for PRE_TASKS_EXECUTION message in json mode
[NX v23.1.0 Daemon Server] - 2026-07-24T12:01:29.138Z - Responding to PRE_TASKS_EXECUTION message
[NX v23.1.0 Daemon Server] - 2026-07-24T12:01:29.138Z - [REQUEST]: Responding to the client. handleRunPreTasksExecution
[NX v23.1.0 Daemon Server] - 2026-07-24T12:01:29.138Z - Done responding to the client handleRunPreTasksExecution
[NX v23.1.0 Daemon Server] - 2026-07-24T12:01:29.138Z - Handled json message PRE_TASKS_EXECUTION. Handling time: 1. Response time: 0.
[NX v23.1.0 Daemon Server] - 2026-07-24T12:01:29.138Z - Time taken for 'preTasksExecution' 0.40495900000678375ms
DEBUG nx::native::telemetry::service: Sent 1 events: [nx/js/dependencies-and-lockfile:createDe]
DEBUG nx::native::telemetry::service: Sent 1 events: [@nx-go/nx-go:createDependencies]
[NX v23.1.0 Daemon Client] - 2026-07-24T12:01:29.255Z - [Messenger] Received message, length: 2
[NX v23.1.0 Daemon Server] - 2026-07-24T12:01:29.257Z - Closed a connection. Number of open connections: 2
[NX v23.1.0 Daemon Client] - 2026-07-24T12:01:30.139Z - [Messenger] Sending message type: GET_CONTEXT_FILE_DATA
[NX v23.1.0 Daemon Server] - 2026-07-24T12:01:30.139Z - Established a connection. Number of open connections: 3
[NX v23.1.0 Daemon Client] - 2026-07-24T12:01:30.139Z - [Messenger] Message sent
[NX v23.1.0 Daemon Server] - 2026-07-24T12:01:30.139Z - Received raw message of length 32
[NX v23.1.0 Daemon Server] - 2026-07-24T12:01:30.139Z - Received json message of type GET_CONTEXT_FILE_DATA
[NX v23.1.0 Daemon Server] - 2026-07-24T12:01:30.139Z - Serializing response for GET_CONTEXT_FILE_DATA message in json mode
[NX v23.1.0 Daemon Server] - 2026-07-24T12:01:30.139Z - Responding to GET_CONTEXT_FILE_DATA message
[NX v23.1.0 Daemon Server] - 2026-07-24T12:01:30.139Z - [REQUEST]: Responding to the client. handleContextFileData
[NX v23.1.0 Daemon Server] - 2026-07-24T12:01:30.139Z - Done responding to the client handleContextFileData
[NX v23.1.0 Daemon Server] - 2026-07-24T12:01:30.139Z - Handled json message GET_CONTEXT_FILE_DATA. Handling time: 0. Response time: 0.
[NX v23.1.0 Daemon Client] - 2026-07-24T12:01:30.139Z - [Messenger] Received message, length: 4133
[NX v23.1.0 Daemon Server] - 2026-07-24T12:01:30.139Z - Closed a connection. Number of open connections: 2
[NX v23.1.0 Daemon Client] - 2026-07-24T12:01:30.157Z - [ProjectGraphListener] Socket closed, triggering reconnection
[NX v23.1.0 Daemon Server] - 2026-07-24T12:01:30.157Z - Closed a connection. Number of open connections: 1
[NX v23.1.0 Daemon Server] - 2026-07-24T12:01:30.157Z - Established a connection. Number of open connections: 2
[NX v23.1.0 Daemon Client] - 2026-07-24T12:01:30.157Z - [Messenger] Setting up socket listeners
[NX v23.1.0 Daemon Client] - 2026-07-24T12:01:30.157Z - [Messenger] listen() complete
[NX v23.1.0 Daemon Server] - 2026-07-24T12:01:30.157Z - Established a connection. Number of open connections: 3
[NX v23.1.0 Daemon Client] - 2026-07-24T12:01:30.157Z - [Messenger] Sending message type: REGISTER_PROJECT_GRAPH_LISTENER
[NX v23.1.0 Daemon Server] - 2026-07-24T12:01:30.157Z - Closed a connection. Number of open connections: 2
[NX v23.1.0 Daemon Client] - 2026-07-24T12:01:30.157Z - [Messenger] Message sent
[NX v23.1.0 Daemon Server] - 2026-07-24T12:01:30.157Z - Received raw message of length 42
[NX v23.1.0 Daemon Server] - 2026-07-24T12:01:30.157Z - Received json message of type REGISTER_PROJECT_GRAPH_LISTENER
DEBUG nx::native::watch::watcher: idle-window emitting events count=1
DEBUG nx::native::watch::watcher:   [update] nx.json
[NX v23.1.0 Daemon Server] - 2026-07-24T12:02:03.871Z - [WATCHER]: nx.json was modified
[NX v23.1.0 Daemon Server] - 2026-07-24T12:02:03.872Z - [WATCHER]: [watcher] routeWorkspaceChanges batch: 1 events: update:nx.json
[NX v23.1.0 Daemon Server] - 2026-07-24T12:02:03.872Z - [WATCHER]: File changes detected:
Created:
(none)
Updated:
  - nx.json
Deleted:
(none)
[NX v23.1.0 Daemon Server] - 2026-07-24T12:02:03.872Z - [SYNC]: clearing sync generators cache due to file changes
[NX v23.1.0 Daemon Server] - 2026-07-24T12:02:03.873Z - [REQUEST]: Updated workspace context based on watched changes, recomputing project graph...
[NX v23.1.0 Daemon Server] - 2026-07-24T12:02:03.873Z - [REQUEST]: nx.json
[NX v23.1.0 Daemon Server] - 2026-07-24T12:02:03.873Z - [REQUEST]: 
DEBUG nx::native::watch::watcher: idle-window emitting events count=1
DEBUG nx::native::watch::watcher:   [update] nx.json
[plugin-client] restarting worker for "@nx-go/nx-go"
[isolated-plugin] spawned worker for "@nx-go/nx-go" (pid: 8367, socket: /private/tmp/plugin7350-16-200386.835917.sock)
[plugin-client] restarting worker for "nx/js/dependencies-and-lockfile"
[isolated-plugin] spawned worker for "nx/js/dependencies-and-lockfile" (pid: 8368, socket: /private/tmp/plugin7350-17-200389.124125.sock)
[plugin-client] restarting worker for "nx/core/package-json"
[isolated-plugin] spawned worker for "nx/core/package-json" (pid: 8369, socket: /private/tmp/plugin7350-18-200389.851625.sock)
[plugin-client] restarting worker for "nx/core/project-json"
[isolated-plugin] spawned worker for "nx/core/project-json" (pid: 8370, socket: /private/tmp/plugin7350-19-200390.250084.sock)
[NX v23.1.0 Daemon Server] - 2026-07-24T12:02:03.878Z - [WATCHER]: Processing file changes in outputs
[NX v23.1.0 Daemon Server] - 2026-07-24T12:02:03.878Z - Time taken for 'hash changed files from watcher' 0.2881249999918509ms
[plugin-worker] "nx/js/dependencies-and-lockfile" (pid: 8368) listening on /private/tmp/plugin7350-17-200389.124125.sock
[plugin-worker] "@nx-go/nx-go" (pid: 8367) listening on /private/tmp/plugin7350-16-200386.835917.sock
[plugin-worker] "nx/core/project-json" (pid: 8370) listening on /private/tmp/plugin7350-19-200390.250084.sock
[plugin-worker] "nx/core/package-json" (pid: 8369) listening on /private/tmp/plugin7350-18-200389.851625.sock
Time taken for 'plugin worker 8369 code loading' 168.812667ms
Time taken for 'plugin worker 8370 code loading' 168.66333400000002ms
[isolated-plugin] connected to worker for "@nx-go/nx-go" (pid: 8367)
[isolated-plugin] connected to worker for "nx/js/dependencies-and-lockfile" (pid: 8368)
[isolated-plugin] connected to worker for "nx/core/package-json" (pid: 8369)
[isolated-plugin] connected to worker for "nx/core/project-json" (pid: 8370)
[NX v23.1.0 Daemon Server] - 2026-07-24T12:02:04.086Z - Time taken for 'start-plugin-worker:@nx-go/nx-go' 212.4539999999979ms
[NX v23.1.0 Daemon Server] - 2026-07-24T12:02:04.087Z - Time taken for 'start-plugin-worker:nx/js/dependencies-and-lockfile' 210.32720900001004ms
[NX v23.1.0 Daemon Server] - 2026-07-24T12:02:04.087Z - Time taken for 'start-plugin-worker:nx/core/package-json' 209.63883300000452ms
[NX v23.1.0 Daemon Server] - 2026-07-24T12:02:04.087Z - Time taken for 'start-plugin-worker:nx/core/project-json' 209.28525000001537ms
[plugin-worker] "nx/core/package-json" (pid: 8369) connected
[plugin-worker] "nx/core/project-json" (pid: 8370) connected
Time taken for 'plugin worker 8367 code loading' 169.600709ms
Time taken for 'plugin worker 8368 code loading' 168.874125ms
[plugin-worker] "nx/js/dependencies-and-lockfile" (pid: 8368) connected
[plugin-worker] "@nx-go/nx-go" (pid: 8367) connected
[plugin-worker] "nx/core/project-json" (pid: 8370) loaded successfully
[plugin-worker] "nx/core/package-json" (pid: 8369) loaded successfully
[isolated-plugin] shutting down worker for "nx/core/project-json" after createNodes
[isolated-plugin] shutting down worker for "nx/core/package-json" after createNodes
[plugin-worker] "nx/js/dependencies-and-lockfile" (pid: 8368) loaded successfully
Time taken for 'nx/js/dependencies-and-lockfile:createNodes' 2.9122500000000002ms
[plugin-worker] "@nx-go/nx-go" (pid: 8367) loaded successfully
[NX v23.1.0 Daemon Server] - 2026-07-24T12:02:04.155Z - Time taken for 'build-project-configs' 280.2876250000263ms
[NX v23.1.0 Daemon Server] - 2026-07-24T12:02:04.155Z - Time taken for 'createNodes:merge' 0.3632499999948777ms
Time taken for '@nx-go/nx-go:createNodes' 0.35354099999995015ms
Time taken for 'build typescript dependencies' 0.055332999999961885ms
[isolated-plugin] shutting down worker for "nx/js/dependencies-and-lockfile" after createDependencies
[NX v23.1.0 Daemon Server] - 2026-07-24T12:02:04.374Z - Time taken for 'nx/js/dependencies-and-lockfile:createDependencies' 218.84208399997442ms
[isolated-plugin] shutting down worker for "@nx-go/nx-go" after createDependencies
[NX v23.1.0 Daemon Server] - 2026-07-24T12:02:04.380Z - [SYNC]: collect registered sync generators
[NX v23.1.0 Daemon Server] - 2026-07-24T12:02:04.380Z - [SYNC]: project graph hash is the same, not collecting task sync generators
[NX v23.1.0 Daemon Server] - 2026-07-24T12:02:04.380Z - [SYNC]: nx.json hash is the same, not collecting global sync generators
[NX v23.1.0 Daemon Server] - 2026-07-24T12:02:04.382Z - Wrote project graph cache to /Users/paiva/git/beckerin/pixie-block/.nx/workspace-data/project-graph.json
[NX v23.1.0 Daemon Server] - 2026-07-24T12:02:04.382Z - Serializing response for PROJECT_GRAPH_UPDATED message in json mode
[NX v23.1.0 Daemon Server] - 2026-07-24T12:02:04.382Z - Responding to PROJECT_GRAPH_UPDATED message
[NX v23.1.0 Daemon Server] - 2026-07-24T12:02:04.382Z - [REQUEST]: Responding to the client. Project graph updated
[NX v23.1.0 Daemon Server] - 2026-07-24T12:02:04.383Z - Time taken for 'total execution time for createProjectGraph()' 225.97220799999195ms
[NX v23.1.0 Daemon Server] - 2026-07-24T12:02:04.383Z - Time taken for 'createDependencies' 225.19591700000456ms
[NX v23.1.0 Daemon Server] - 2026-07-24T12:02:04.383Z - Time taken for '@nx-go/nx-go:createDependencies' 225.13912499998696ms
[NX v23.1.0 Daemon Server] - 2026-07-24T12:02:04.383Z - Time taken for 'createMetadata' 0.006209000013768673ms
[NX v23.1.0 Daemon Server] - 2026-07-24T12:02:04.383Z - Time taken for 'serialize graph' 0.11683400001493283ms
[NX v23.1.0 Daemon Server] - 2026-07-24T12:02:04.383Z - Time taken for 'write cache' 1.981792000005953ms
[NX v23.1.0 Daemon Server] - 2026-07-24T12:02:04.383Z - Done responding to the client Project graph updated
[NX v23.1.0 Daemon Server] - 2026-07-24T12:02:04.383Z - Handled json message PROJECT_GRAPH_UPDATED. Handling time: 2. Response time: 1.
[NX v23.1.0 Daemon Client] - 2026-07-24T12:02:04.383Z - [Messenger] Received message, length: 53582
DEBUG nx::native::telemetry::service: Sent 1 events: [nx/js/dependencies-and-lockfile:createDe]
DEBUG nx::native::telemetry::service: Sent 1 events: [@nx-go/nx-go:createDependencies]
[NX v23.1.0 Daemon Server] - 2026-07-24T12:02:05.222Z - Established a connection. Number of open connections: 3
[NX v23.1.0 Daemon Server] - 2026-07-24T12:02:05.223Z - Closed a connection. Number of open connections: 2
[NX v23.1.0 Daemon Server] - 2026-07-24T12:02:05.223Z - Established a connection. Number of open connections: 3
[NX v23.1.0 Daemon Server] - 2026-07-24T12:02:05.223Z - Closed a connection. Number of open connections: 2
[NX v23.1.0 Daemon Server] - 2026-07-24T12:02:05.223Z - Established a connection. Number of open connections: 3
[NX v23.1.0 Daemon Client] - 2026-07-24T12:02:05.223Z - [Messenger] Setting up socket listeners
[NX v23.1.0 Daemon Client] - 2026-07-24T12:02:05.224Z - [Messenger] listen() complete
[NX v23.1.0 Daemon Client] - 2026-07-24T12:02:05.246Z - [Messenger] Sending message type: GET_NX_CONSOLE_STATUS
[NX v23.1.0 Daemon Client] - 2026-07-24T12:02:05.246Z - [Messenger] Message sent
[NX v23.1.0 Daemon Server] - 2026-07-24T12:02:05.247Z - Received raw message of length 3291
[NX v23.1.0 Daemon Server] - 2026-07-24T12:02:05.247Z - Received json message of type GET_NX_CONSOLE_STATUS
[NX v23.1.0 Daemon Server] - 2026-07-24T12:02:05.247Z - Serializing response for GET_NX_CONSOLE_STATUS message in json mode
[NX v23.1.0 Daemon Server] - 2026-07-24T12:02:05.247Z - Responding to GET_NX_CONSOLE_STATUS message
[NX v23.1.0 Daemon Server] - 2026-07-24T12:02:05.247Z - [REQUEST]: Responding to the client. handleGetNxConsoleStatus
[NX v23.1.0 Daemon Server] - 2026-07-24T12:02:05.247Z - Done responding to the client handleGetNxConsoleStatus
[NX v23.1.0 Daemon Server] - 2026-07-24T12:02:05.247Z - Handled json message GET_NX_CONSOLE_STATUS. Handling time: 0. Response time: 0.
[NX v23.1.0 Daemon Client] - 2026-07-24T12:02:05.248Z - [Messenger] Received message, length: 22
[NX v23.1.0 Daemon Client] - 2026-07-24T12:02:05.296Z - [Messenger] Sending message type: REQUEST_PROJECT_GRAPH
[NX v23.1.0 Daemon Client] - 2026-07-24T12:02:05.297Z - [Messenger] Message sent
[NX v23.1.0 Daemon Server] - 2026-07-24T12:02:05.297Z - Received raw message of length 32
[NX v23.1.0 Daemon Server] - 2026-07-24T12:02:05.297Z - Received json message of type REQUEST_PROJECT_GRAPH
[NX v23.1.0 Daemon Server] - 2026-07-24T12:02:05.297Z - [REQUEST]: Client Request for Project Graph Received
DEBUG nx::native::watch::watcher: force-flush END count=0 replies=1 elapsed=10.116542ms
[NX v23.1.0 Daemon Server] - 2026-07-24T12:02:05.307Z - Reusing in-memory cached project graph because no files changed.
[NX v23.1.0 Daemon Server] - 2026-07-24T12:02:05.307Z - Serializing response for REQUEST_PROJECT_GRAPH message in json mode
[NX v23.1.0 Daemon Server] - 2026-07-24T12:02:05.307Z - Responding to REQUEST_PROJECT_GRAPH message
[NX v23.1.0 Daemon Server] - 2026-07-24T12:02:05.307Z - [REQUEST]: Responding to the client. project-graph
[NX v23.1.0 Daemon Server] - 2026-07-24T12:02:05.308Z - Time taken for 'total for creating and serializing project graph' 10.561707999993814ms
[NX v23.1.0 Daemon Server] - 2026-07-24T12:02:05.308Z - Done responding to the client project-graph
[NX v23.1.0 Daemon Server] - 2026-07-24T12:02:05.308Z - Handled json message REQUEST_PROJECT_GRAPH. Handling time: 10. Response time: 1.
[NX v23.1.0 Daemon Client] - 2026-07-24T12:02:05.308Z - [Messenger] Received message, length: 53589
[NX v23.1.0 Daemon Client] - 2026-07-24T12:02:05.310Z - [Messenger] Sending message type: PRE_TASKS_EXECUTION
[NX v23.1.0 Daemon Client] - 2026-07-24T12:02:05.310Z - [Messenger] Message sent
[NX v23.1.0 Daemon Server] - 2026-07-24T12:02:05.310Z - Received raw message of length 511
[NX v23.1.0 Daemon Server] - 2026-07-24T12:02:05.310Z - Received json message of type PRE_TASKS_EXECUTION
[NX v23.1.0 Daemon Server] - 2026-07-24T12:02:05.310Z - Serializing response for PRE_TASKS_EXECUTION message in json mode
[NX v23.1.0 Daemon Server] - 2026-07-24T12:02:05.310Z - Responding to PRE_TASKS_EXECUTION message
[NX v23.1.0 Daemon Server] - 2026-07-24T12:02:05.310Z - [REQUEST]: Responding to the client. handleRunPreTasksExecution
[NX v23.1.0 Daemon Server] - 2026-07-24T12:02:05.311Z - Done responding to the client handleRunPreTasksExecution
[NX v23.1.0 Daemon Server] - 2026-07-24T12:02:05.311Z - Handled json message PRE_TASKS_EXECUTION. Handling time: 0. Response time: 1.
[NX v23.1.0 Daemon Server] - 2026-07-24T12:02:05.311Z - Time taken for 'preTasksExecution' 0.12737500001094304ms
[NX v23.1.0 Daemon Server] - 2026-07-24T12:02:05.386Z - Established a connection. Number of open connections: 4
[NX v23.1.0 Daemon Client] - 2026-07-24T12:02:05.386Z - [Messenger] Sending message type: GET_CONTEXT_FILE_DATA
[NX v23.1.0 Daemon Client] - 2026-07-24T12:02:05.386Z - [Messenger] Message sent
[NX v23.1.0 Daemon Server] - 2026-07-24T12:02:05.386Z - Closed a connection. Number of open connections: 3
[NX v23.1.0 Daemon Server] - 2026-07-24T12:02:05.387Z - Received raw message of length 32
[NX v23.1.0 Daemon Server] - 2026-07-24T12:02:05.387Z - Received json message of type GET_CONTEXT_FILE_DATA
[NX v23.1.0 Daemon Server] - 2026-07-24T12:02:05.387Z - Serializing response for GET_CONTEXT_FILE_DATA message in json mode
[NX v23.1.0 Daemon Server] - 2026-07-24T12:02:05.387Z - Responding to GET_CONTEXT_FILE_DATA message
[NX v23.1.0 Daemon Server] - 2026-07-24T12:02:05.387Z - [REQUEST]: Responding to the client. handleContextFileData
[NX v23.1.0 Daemon Server] - 2026-07-24T12:02:05.387Z - Done responding to the client handleContextFileData
[NX v23.1.0 Daemon Server] - 2026-07-24T12:02:05.387Z - Handled json message GET_CONTEXT_FILE_DATA. Handling time: 0. Response time: 0.
[NX v23.1.0 Daemon Client] - 2026-07-24T12:02:05.387Z - [Messenger] Received message, length: 4132
[NX v23.1.0 Daemon Client] - 2026-07-24T12:02:05.401Z - [ProjectGraphListener] Socket closed, triggering reconnection
[NX v23.1.0 Daemon Server] - 2026-07-24T12:02:05.401Z - Closed a connection. Number of open connections: 2
[NX v23.1.0 Daemon Server] - 2026-07-24T12:02:05.401Z - Established a connection. Number of open connections: 3
[NX v23.1.0 Daemon Client] - 2026-07-24T12:02:05.401Z - [Messenger] Setting up socket listeners
[NX v23.1.0 Daemon Client] - 2026-07-24T12:02:05.401Z - [Messenger] listen() complete
[NX v23.1.0 Daemon Client] - 2026-07-24T12:02:05.401Z - [Messenger] Sending message type: REGISTER_PROJECT_GRAPH_LISTENER
[NX v23.1.0 Daemon Client] - 2026-07-24T12:02:05.401Z - [Messenger] Message sent
[NX v23.1.0 Daemon Server] - 2026-07-24T12:02:05.401Z - Established a connection. Number of open connections: 4
[NX v23.1.0 Daemon Server] - 2026-07-24T12:02:05.401Z - Closed a connection. Number of open connections: 3
[NX v23.1.0 Daemon Server] - 2026-07-24T12:02:05.402Z - Received raw message of length 42
[NX v23.1.0 Daemon Server] - 2026-07-24T12:02:05.402Z - Received json message of type REGISTER_PROJECT_GRAPH_LISTENER
[NX v23.1.0 Daemon Client] - 2026-07-24T12:02:05.434Z - [Messenger] Received message, length: 2
[NX v23.1.0 Daemon Server] - 2026-07-24T12:02:05.436Z - Closed a connection. Number of open connections: 2
[NX v23.1.0 Daemon Server] - 2026-07-24T12:03:28.978Z - Established a connection. Number of open connections: 3
[NX v23.1.0 Daemon Server] - 2026-07-24T12:03:28.978Z - Closed a connection. Number of open connections: 2
[NX v23.1.0 Daemon Server] - 2026-07-24T12:03:28.979Z - Established a connection. Number of open connections: 3
[NX v23.1.0 Daemon Server] - 2026-07-24T12:03:28.979Z - Closed a connection. Number of open connections: 2
[NX v23.1.0 Daemon Server] - 2026-07-24T12:03:28.979Z - Established a connection. Number of open connections: 3
[NX v23.1.0 Daemon Client] - 2026-07-24T12:03:28.979Z - [Messenger] Setting up socket listeners
[NX v23.1.0 Daemon Client] - 2026-07-24T12:03:28.980Z - [Messenger] listen() complete
[NX v23.1.0 Daemon Client] - 2026-07-24T12:03:28.987Z - [Messenger] Sending message type: GET_NX_CONSOLE_STATUS
[NX v23.1.0 Daemon Client] - 2026-07-24T12:03:28.987Z - [Messenger] Message sent
[NX v23.1.0 Daemon Server] - 2026-07-24T12:03:28.988Z - Received raw message of length 3279
[NX v23.1.0 Daemon Server] - 2026-07-24T12:03:28.988Z - Received json message of type GET_NX_CONSOLE_STATUS
[NX v23.1.0 Daemon Server] - 2026-07-24T12:03:28.988Z - Graph recompute necessary due to env variable refresh. Changed keys: PWD
[NX v23.1.0 Daemon Server] - 2026-07-24T12:03:28.988Z - Serializing response for GET_NX_CONSOLE_STATUS message in json mode
[NX v23.1.0 Daemon Server] - 2026-07-24T12:03:28.988Z - Responding to GET_NX_CONSOLE_STATUS message
[NX v23.1.0 Daemon Server] - 2026-07-24T12:03:28.988Z - [REQUEST]: Responding to the client. handleGetNxConsoleStatus
[NX v23.1.0 Daemon Server] - 2026-07-24T12:03:28.988Z - Done responding to the client handleGetNxConsoleStatus
[NX v23.1.0 Daemon Server] - 2026-07-24T12:03:28.988Z - Handled json message GET_NX_CONSOLE_STATUS. Handling time: 0. Response time: 0.
[NX v23.1.0 Daemon Client] - 2026-07-24T12:03:28.988Z - [Messenger] Received message, length: 22
[NX v23.1.0 Daemon Client] - 2026-07-24T12:03:29.036Z - [Messenger] Sending message type: REQUEST_PROJECT_GRAPH
[NX v23.1.0 Daemon Client] - 2026-07-24T12:03:29.036Z - [Messenger] Message sent
[NX v23.1.0 Daemon Server] - 2026-07-24T12:03:29.036Z - Received raw message of length 32
[NX v23.1.0 Daemon Server] - 2026-07-24T12:03:29.036Z - Received json message of type REQUEST_PROJECT_GRAPH
[NX v23.1.0 Daemon Server] - 2026-07-24T12:03:29.036Z - [REQUEST]: Client Request for Project Graph Received
DEBUG nx::native::watch::watcher: force-flush END count=0 replies=1 elapsed=10.894792ms
[NX v23.1.0 Daemon Server] - 2026-07-24T12:03:29.047Z - No in-memory cached project graph found. Recomputing it...
[NX v23.1.0 Daemon Server] - 2026-07-24T12:03:29.048Z - [REQUEST]: Updated workspace context based on watched changes, recomputing project graph...
[NX v23.1.0 Daemon Server] - 2026-07-24T12:03:29.048Z - [REQUEST]: 
[NX v23.1.0 Daemon Server] - 2026-07-24T12:03:29.048Z - [REQUEST]: 
[NX v23.1.0 Daemon Server] - 2026-07-24T12:03:29.048Z - Streaming message to client: progress update for topic graph-construction
[plugin-client] restarting worker for "@nx-go/nx-go"
[NX v23.1.0 Daemon Client] - 2026-07-24T12:03:29.048Z - [Messenger] Received message, length: 47
[isolated-plugin] spawned worker for "@nx-go/nx-go" (pid: 9133, socket: /private/tmp/plugin7350-20-285561.30225.sock)
[plugin-client] restarting worker for "nx/js/dependencies-and-lockfile"
[isolated-plugin] spawned worker for "nx/js/dependencies-and-lockfile" (pid: 9134, socket: /private/tmp/plugin7350-21-285562.223292.sock)
[plugin-client] restarting worker for "nx/core/package-json"
[isolated-plugin] spawned worker for "nx/core/package-json" (pid: 9135, socket: /private/tmp/plugin7350-22-285562.749542.sock)
[plugin-client] restarting worker for "nx/core/project-json"
[isolated-plugin] spawned worker for "nx/core/project-json" (pid: 9136, socket: /private/tmp/plugin7350-23-285563.239667.sock)
[plugin-worker] "nx/core/project-json" (pid: 9136) listening on /private/tmp/plugin7350-23-285563.239667.sock
[plugin-worker] "@nx-go/nx-go" (pid: 9133) listening on /private/tmp/plugin7350-20-285561.30225.sock
[plugin-worker] "nx/core/package-json" (pid: 9135) listening on /private/tmp/plugin7350-22-285562.749542.sock
[plugin-worker] "nx/js/dependencies-and-lockfile" (pid: 9134) listening on /private/tmp/plugin7350-21-285562.223292.sock
Time taken for 'plugin worker 9133 code loading' 101.639625ms
Time taken for 'plugin worker 9136 code loading' 104.72508400000001ms
Time taken for 'plugin worker 9134 code loading' 105.85066699999999ms
Time taken for 'plugin worker 9135 code loading' 103.810959ms
[isolated-plugin] connected to worker for "@nx-go/nx-go" (pid: 9133)
[isolated-plugin] connected to worker for "nx/js/dependencies-and-lockfile" (pid: 9134)
[isolated-plugin] connected to worker for "nx/core/package-json" (pid: 9135)
[isolated-plugin] connected to worker for "nx/core/project-json" (pid: 9136)
[NX v23.1.0 Daemon Server] - 2026-07-24T12:03:29.197Z - Time taken for 'start-plugin-worker:@nx-go/nx-go' 148.49579200003063ms
[NX v23.1.0 Daemon Server] - 2026-07-24T12:03:29.197Z - Time taken for 'start-plugin-worker:nx/js/dependencies-and-lockfile' 147.81449999997858ms
[NX v23.1.0 Daemon Server] - 2026-07-24T12:03:29.197Z - Time taken for 'start-plugin-worker:nx/core/package-json' 147.38154100003885ms
[NX v23.1.0 Daemon Server] - 2026-07-24T12:03:29.197Z - Time taken for 'start-plugin-worker:nx/core/project-json' 146.97325000003912ms
[plugin-worker] "nx/core/package-json" (pid: 9135) connected
[plugin-worker] "nx/core/project-json" (pid: 9136) connected
[plugin-worker] "@nx-go/nx-go" (pid: 9133) connected
[plugin-worker] "nx/js/dependencies-and-lockfile" (pid: 9134) connected
[plugin-worker] "nx/core/project-json" (pid: 9136) loaded successfully
[plugin-worker] "nx/core/package-json" (pid: 9135) loaded successfully
[isolated-plugin] shutting down worker for "nx/core/project-json" after createNodes
[NX v23.1.0 Daemon Server] - 2026-07-24T12:03:29.203Z - Streaming message to client: progress update for topic graph-construction
[isolated-plugin] shutting down worker for "nx/core/package-json" after createNodes
[NX v23.1.0 Daemon Server] - 2026-07-24T12:03:29.204Z - Streaming message to client: progress update for topic graph-construction
[NX v23.1.0 Daemon Client] - 2026-07-24T12:03:29.204Z - [Messenger] Received message, length: 171
[NX v23.1.0 Daemon Client] - 2026-07-24T12:03:29.204Z - [Messenger] Received message, length: 145
[plugin-worker] "nx/js/dependencies-and-lockfile" (pid: 9134) loaded successfully
Time taken for 'nx/js/dependencies-and-lockfile:createNodes' 2.205874999999992ms
[NX v23.1.0 Daemon Server] - 2026-07-24T12:03:29.217Z - Streaming message to client: progress update for topic graph-construction
[NX v23.1.0 Daemon Client] - 2026-07-24T12:03:29.217Z - [Messenger] Received message, length: 93
[plugin-worker] "@nx-go/nx-go" (pid: 9133) loaded successfully
[NX v23.1.0 Daemon Server] - 2026-07-24T12:03:29.248Z - Streaming message to client: progress update for topic graph-construction
[NX v23.1.0 Daemon Client] - 2026-07-24T12:03:29.249Z - [Messenger] Received message, length: 47
[NX v23.1.0 Daemon Server] - 2026-07-24T12:03:29.250Z - Streaming message to client: progress update for topic graph-construction
[NX v23.1.0 Daemon Client] - 2026-07-24T12:03:29.250Z - [Messenger] Received message, length: 47
[NX v23.1.0 Daemon Server] - 2026-07-24T12:03:29.250Z - Time taken for 'build-project-configs' 200.813582999981ms
[NX v23.1.0 Daemon Server] - 2026-07-24T12:03:29.250Z - Time taken for 'createNodes:merge' 0.30579100002069026ms
Time taken for '@nx-go/nx-go:createNodes' 0.41833299999998985ms
Time taken for 'build typescript dependencies' 0.09183300000000827ms
[isolated-plugin] shutting down worker for "nx/js/dependencies-and-lockfile" after createDependencies
[NX v23.1.0 Daemon Server] - 2026-07-24T12:03:29.509Z - Streaming message to client: progress update for topic graph-construction
[NX v23.1.0 Daemon Client] - 2026-07-24T12:03:29.509Z - [Messenger] Received message, length: 100
[NX v23.1.0 Daemon Server] - 2026-07-24T12:03:29.510Z - Time taken for 'nx/js/dependencies-and-lockfile:createDependencies' 259.9990419999813ms
[isolated-plugin] shutting down worker for "@nx-go/nx-go" after createDependencies
[NX v23.1.0 Daemon Server] - 2026-07-24T12:03:29.524Z - Streaming message to client: progress update for topic graph-construction
[NX v23.1.0 Daemon Client] - 2026-07-24T12:03:29.524Z - [Messenger] Received message, length: 47
[NX v23.1.0 Daemon Server] - 2026-07-24T12:03:29.525Z - [SYNC]: collect registered sync generators
[NX v23.1.0 Daemon Server] - 2026-07-24T12:03:29.525Z - [SYNC]: project graph hash is the same, not collecting task sync generators
[NX v23.1.0 Daemon Server] - 2026-07-24T12:03:29.525Z - [SYNC]: nx.json hash is the same, not collecting global sync generators
[NX v23.1.0 Daemon Server] - 2026-07-24T12:03:29.526Z - Wrote project graph cache to /Users/paiva/git/beckerin/pixie-block/.nx/workspace-data/project-graph.json
[NX v23.1.0 Daemon Server] - 2026-07-24T12:03:29.526Z - Serializing response for PROJECT_GRAPH_UPDATED message in json mode
[NX v23.1.0 Daemon Server] - 2026-07-24T12:03:29.527Z - Responding to PROJECT_GRAPH_UPDATED message
[NX v23.1.0 Daemon Server] - 2026-07-24T12:03:29.527Z - [REQUEST]: Responding to the client. Project graph updated
[NX v23.1.0 Daemon Server] - 2026-07-24T12:03:29.527Z - Serializing response for REQUEST_PROJECT_GRAPH message in json mode
[NX v23.1.0 Daemon Server] - 2026-07-24T12:03:29.527Z - Responding to REQUEST_PROJECT_GRAPH message
[NX v23.1.0 Daemon Server] - 2026-07-24T12:03:29.527Z - [REQUEST]: Responding to the client. project-graph
[NX v23.1.0 Daemon Server] - 2026-07-24T12:03:29.527Z - Time taken for 'total for creating and serializing project graph' 490.58158300002106ms
[NX v23.1.0 Daemon Server] - 2026-07-24T12:03:29.527Z - Time taken for 'total execution time for createProjectGraph()' 275.19183299998986ms
[NX v23.1.0 Daemon Server] - 2026-07-24T12:03:29.527Z - Time taken for 'createDependencies' 274.67129199998453ms
[NX v23.1.0 Daemon Server] - 2026-07-24T12:03:29.527Z - Time taken for '@nx-go/nx-go:createDependencies' 274.5887089999742ms
[NX v23.1.0 Daemon Server] - 2026-07-24T12:03:29.527Z - Time taken for 'createMetadata' 0.00712500000372529ms
[NX v23.1.0 Daemon Server] - 2026-07-24T12:03:29.527Z - Time taken for 'serialize graph' 0.15350000001490116ms
[NX v23.1.0 Daemon Server] - 2026-07-24T12:03:29.527Z - Time taken for 'write cache' 1.740916000038851ms
[NX v23.1.0 Daemon Server] - 2026-07-24T12:03:29.527Z - Done responding to the client Project graph updated
[NX v23.1.0 Daemon Server] - 2026-07-24T12:03:29.527Z - Handled json message PROJECT_GRAPH_UPDATED. Handling time: 1. Response time: 1.
[NX v23.1.0 Daemon Client] - 2026-07-24T12:03:29.527Z - [Messenger] Received message, length: 53582
[NX v23.1.0 Daemon Server] - 2026-07-24T12:03:29.527Z - Done responding to the client project-graph
[NX v23.1.0 Daemon Server] - 2026-07-24T12:03:29.527Z - Handled json message REQUEST_PROJECT_GRAPH. Handling time: 491. Response time: 0.
[NX v23.1.0 Daemon Client] - 2026-07-24T12:03:29.527Z - [Messenger] Received message, length: 53589
[NX v23.1.0 Daemon Client] - 2026-07-24T12:03:29.529Z - [Messenger] Sending message type: PRE_TASKS_EXECUTION
[NX v23.1.0 Daemon Client] - 2026-07-24T12:03:29.529Z - [Messenger] Message sent
[NX v23.1.0 Daemon Server] - 2026-07-24T12:03:29.529Z - Received raw message of length 511
[NX v23.1.0 Daemon Server] - 2026-07-24T12:03:29.529Z - Received json message of type PRE_TASKS_EXECUTION
[NX v23.1.0 Daemon Server] - 2026-07-24T12:03:29.529Z - Serializing response for PRE_TASKS_EXECUTION message in json mode
[NX v23.1.0 Daemon Server] - 2026-07-24T12:03:29.529Z - Responding to PRE_TASKS_EXECUTION message
[NX v23.1.0 Daemon Server] - 2026-07-24T12:03:29.529Z - [REQUEST]: Responding to the client. handleRunPreTasksExecution
[NX v23.1.0 Daemon Server] - 2026-07-24T12:03:29.529Z - Done responding to the client handleRunPreTasksExecution
[NX v23.1.0 Daemon Server] - 2026-07-24T12:03:29.529Z - Handled json message PRE_TASKS_EXECUTION. Handling time: 0. Response time: 0.
[NX v23.1.0 Daemon Server] - 2026-07-24T12:03:29.529Z - Time taken for 'preTasksExecution' 0.07466599997133017ms
DEBUG nx::native::telemetry::service: Sent 1 events: [nx/js/dependencies-and-lockfile:createDe]
[NX v23.1.0 Daemon Client] - 2026-07-24T12:03:29.645Z - [Messenger] Received message, length: 2
[NX v23.1.0 Daemon Server] - 2026-07-24T12:03:29.647Z - Closed a connection. Number of open connections: 2
DEBUG nx::native::telemetry::service: Sent 1 events: [@nx-go/nx-go:createDependencies]
[NX v23.1.0 Daemon Client] - 2026-07-24T12:03:30.531Z - [Messenger] Sending message type: GET_CONTEXT_FILE_DATA
[NX v23.1.0 Daemon Server] - 2026-07-24T12:03:30.531Z - Established a connection. Number of open connections: 3
[NX v23.1.0 Daemon Client] - 2026-07-24T12:03:30.531Z - [Messenger] Message sent
[NX v23.1.0 Daemon Server] - 2026-07-24T12:03:30.531Z - Received raw message of length 32
[NX v23.1.0 Daemon Server] - 2026-07-24T12:03:30.531Z - Received json message of type GET_CONTEXT_FILE_DATA
[NX v23.1.0 Daemon Server] - 2026-07-24T12:03:30.531Z - Serializing response for GET_CONTEXT_FILE_DATA message in json mode
[NX v23.1.0 Daemon Server] - 2026-07-24T12:03:30.531Z - Responding to GET_CONTEXT_FILE_DATA message
[NX v23.1.0 Daemon Server] - 2026-07-24T12:03:30.531Z - [REQUEST]: Responding to the client. handleContextFileData
[NX v23.1.0 Daemon Server] - 2026-07-24T12:03:30.531Z - Done responding to the client handleContextFileData
[NX v23.1.0 Daemon Server] - 2026-07-24T12:03:30.531Z - Handled json message GET_CONTEXT_FILE_DATA. Handling time: 0. Response time: 0.
[NX v23.1.0 Daemon Client] - 2026-07-24T12:03:30.531Z - [Messenger] Received message, length: 4132
[NX v23.1.0 Daemon Server] - 2026-07-24T12:03:30.532Z - Closed a connection. Number of open connections: 2
[NX v23.1.0 Daemon Client] - 2026-07-24T12:03:30.551Z - [ProjectGraphListener] Socket closed, triggering reconnection
[NX v23.1.0 Daemon Server] - 2026-07-24T12:03:30.551Z - Closed a connection. Number of open connections: 1
[NX v23.1.0 Daemon Server] - 2026-07-24T12:03:30.552Z - Established a connection. Number of open connections: 2
[NX v23.1.0 Daemon Client] - 2026-07-24T12:03:30.552Z - [Messenger] Setting up socket listeners
[NX v23.1.0 Daemon Server] - 2026-07-24T12:03:30.552Z - Established a connection. Number of open connections: 3
[NX v23.1.0 Daemon Client] - 2026-07-24T12:03:30.552Z - [Messenger] listen() complete
[NX v23.1.0 Daemon Client] - 2026-07-24T12:03:30.552Z - [Messenger] Sending message type: REGISTER_PROJECT_GRAPH_LISTENER
[NX v23.1.0 Daemon Server] - 2026-07-24T12:03:30.552Z - Closed a connection. Number of open connections: 2
[NX v23.1.0 Daemon Client] - 2026-07-24T12:03:30.552Z - [Messenger] Message sent
[NX v23.1.0 Daemon Server] - 2026-07-24T12:03:30.552Z - Received raw message of length 42
[NX v23.1.0 Daemon Server] - 2026-07-24T12:03:30.552Z - Received json message of type REGISTER_PROJECT_GRAPH_LISTENER
DEBUG nx::native::watch::watcher: idle-window emitting events count=1
DEBUG nx::native::watch::watcher: idle-window emitting events count=1
DEBUG nx::native::watch::watcher:   [update] nx.json
DEBUG nx::native::watch::watcher:   [update] nx.json
[NX v23.1.0 Daemon Server] - 2026-07-24T12:03:39.182Z - [WATCHER]: nx.json was modified
[NX v23.1.0 Daemon Server] - 2026-07-24T12:03:39.182Z - [WATCHER]: [watcher] routeWorkspaceChanges batch: 1 events: update:nx.json
[NX v23.1.0 Daemon Server] - 2026-07-24T12:03:39.182Z - [WATCHER]: File changes detected:
Created:
(none)
Updated:
  - nx.json
Deleted:
(none)
[NX v23.1.0 Daemon Server] - 2026-07-24T12:03:39.183Z - [SYNC]: clearing sync generators cache due to file changes
[NX v23.1.0 Daemon Server] - 2026-07-24T12:03:39.183Z - [REQUEST]: Updated workspace context based on watched changes, recomputing project graph...
[NX v23.1.0 Daemon Server] - 2026-07-24T12:03:39.183Z - [REQUEST]: nx.json
[NX v23.1.0 Daemon Server] - 2026-07-24T12:03:39.183Z - [REQUEST]: 
[plugin-client] restarting worker for "@nx-go/nx-go"
[isolated-plugin] spawned worker for "@nx-go/nx-go" (pid: 9230, socket: /private/tmp/plugin7350-24-295696.3135.sock)
[plugin-client] restarting worker for "nx/js/dependencies-and-lockfile"
[isolated-plugin] spawned worker for "nx/js/dependencies-and-lockfile" (pid: 9231, socket: /private/tmp/plugin7350-25-295697.368334.sock)
[plugin-client] restarting worker for "nx/core/package-json"
[isolated-plugin] spawned worker for "nx/core/package-json" (pid: 9232, socket: /private/tmp/plugin7350-26-295698.097625.sock)
[plugin-client] restarting worker for "nx/core/project-json"
[isolated-plugin] spawned worker for "nx/core/project-json" (pid: 9233, socket: /private/tmp/plugin7350-27-295698.661667.sock)
[NX v23.1.0 Daemon Server] - 2026-07-24T12:03:39.186Z - [WATCHER]: Processing file changes in outputs
[NX v23.1.0 Daemon Server] - 2026-07-24T12:03:39.187Z - Time taken for 'hash changed files from watcher' 0.18754100002115592ms
[plugin-worker] "nx/js/dependencies-and-lockfile" (pid: 9231) listening on /private/tmp/plugin7350-25-295697.368334.sock
[plugin-worker] "@nx-go/nx-go" (pid: 9230) listening on /private/tmp/plugin7350-24-295696.3135.sock
[plugin-worker] "nx/core/package-json" (pid: 9232) listening on /private/tmp/plugin7350-26-295698.097625.sock
[plugin-worker] "nx/core/project-json" (pid: 9233) listening on /private/tmp/plugin7350-27-295698.661667.sock
Time taken for 'plugin worker 9232 code loading' 216.24937500000001ms
Time taken for 'plugin worker 9233 code loading' 217.73149999999998ms
Time taken for 'plugin worker 9231 code loading' 215.17862499999998ms
Time taken for 'plugin worker 9230 code loading' 217.004291ms
[isolated-plugin] connected to worker for "@nx-go/nx-go" (pid: 9230)
[isolated-plugin] connected to worker for "nx/js/dependencies-and-lockfile" (pid: 9231)
[isolated-plugin] connected to worker for "nx/core/package-json" (pid: 9232)
[isolated-plugin] connected to worker for "nx/core/project-json" (pid: 9233)
[NX v23.1.0 Daemon Server] - 2026-07-24T12:03:39.463Z - Time taken for 'start-plugin-worker:@nx-go/nx-go' 278.2419590000063ms
[NX v23.1.0 Daemon Server] - 2026-07-24T12:03:39.463Z - Time taken for 'start-plugin-worker:nx/js/dependencies-and-lockfile' 277.57500000001164ms
[NX v23.1.0 Daemon Server] - 2026-07-24T12:03:39.464Z - Time taken for 'start-plugin-worker:nx/core/package-json' 276.9560840000049ms
[NX v23.1.0 Daemon Server] - 2026-07-24T12:03:39.464Z - Time taken for 'start-plugin-worker:nx/core/project-json' 276.93754100002116ms
[plugin-worker] "nx/core/package-json" (pid: 9232) connected
[plugin-worker] "nx/core/project-json" (pid: 9233) connected
[plugin-worker] "nx/js/dependencies-and-lockfile" (pid: 9231) connected
[plugin-worker] "@nx-go/nx-go" (pid: 9230) connected
[plugin-worker] "nx/core/project-json" (pid: 9233) loaded successfully
[plugin-worker] "nx/core/package-json" (pid: 9232) loaded successfully
[isolated-plugin] shutting down worker for "nx/core/project-json" after createNodes
[isolated-plugin] shutting down worker for "nx/core/package-json" after createNodes
[plugin-worker] "nx/js/dependencies-and-lockfile" (pid: 9231) loaded successfully
Time taken for 'nx/js/dependencies-and-lockfile:createNodes' 3.5667910000000234ms
[plugin-worker] "@nx-go/nx-go" (pid: 9230) loaded successfully
[NX v23.1.0 Daemon Server] - 2026-07-24T12:03:39.573Z - Time taken for 'build-project-configs' 386.33324999996694ms
[NX v23.1.0 Daemon Server] - 2026-07-24T12:03:39.573Z - Time taken for 'createNodes:merge' 0.5048339999630116ms
Time taken for '@nx-go/nx-go:createNodes' 1.0883330000000342ms
Time taken for 'build typescript dependencies' 0.08408399999996163ms
[isolated-plugin] shutting down worker for "nx/js/dependencies-and-lockfile" after createDependencies
[NX v23.1.0 Daemon Server] - 2026-07-24T12:03:39.945Z - Time taken for 'nx/js/dependencies-and-lockfile:createDependencies' 372.74700000003213ms
[isolated-plugin] shutting down worker for "@nx-go/nx-go" after createDependencies
[NX v23.1.0 Daemon Server] - 2026-07-24T12:03:39.953Z - [SYNC]: collect registered sync generators
[NX v23.1.0 Daemon Server] - 2026-07-24T12:03:39.953Z - [SYNC]: project graph hash is the same, not collecting task sync generators
[NX v23.1.0 Daemon Server] - 2026-07-24T12:03:39.953Z - [SYNC]: nx.json hash is the same, not collecting global sync generators
[NX v23.1.0 Daemon Server] - 2026-07-24T12:03:39.954Z - Wrote project graph cache to /Users/paiva/git/beckerin/pixie-block/.nx/workspace-data/project-graph.json
[NX v23.1.0 Daemon Server] - 2026-07-24T12:03:39.955Z - Serializing response for PROJECT_GRAPH_UPDATED message in json mode
[NX v23.1.0 Daemon Server] - 2026-07-24T12:03:39.955Z - Responding to PROJECT_GRAPH_UPDATED message
[NX v23.1.0 Daemon Server] - 2026-07-24T12:03:39.955Z - [REQUEST]: Responding to the client. Project graph updated
[NX v23.1.0 Daemon Server] - 2026-07-24T12:03:39.955Z - Time taken for 'total execution time for createProjectGraph()' 382.95954099996015ms
[NX v23.1.0 Daemon Server] - 2026-07-24T12:03:39.955Z - Time taken for 'createDependencies' 381.3088749999879ms
[NX v23.1.0 Daemon Server] - 2026-07-24T12:03:39.955Z - Time taken for '@nx-go/nx-go:createDependencies' 381.1712909999769ms
[NX v23.1.0 Daemon Server] - 2026-07-24T12:03:39.955Z - Time taken for 'createMetadata' 0.00866600003791973ms
[NX v23.1.0 Daemon Server] - 2026-07-24T12:03:39.955Z - Time taken for 'serialize graph' 0.15808399999514222ms
[NX v23.1.0 Daemon Server] - 2026-07-24T12:03:39.955Z - Time taken for 'write cache' 1.0874169999733567ms
[NX v23.1.0 Daemon Server] - 2026-07-24T12:03:39.955Z - Done responding to the client Project graph updated
[NX v23.1.0 Daemon Server] - 2026-07-24T12:03:39.955Z - Handled json message PROJECT_GRAPH_UPDATED. Handling time: 2. Response time: 0.
[NX v23.1.0 Daemon Client] - 2026-07-24T12:03:39.955Z - [Messenger] Received message, length: 53582
DEBUG nx::native::telemetry::service: Sent 1 events: [nx/js/dependencies-and-lockfile:createDe]
DEBUG nx::native::telemetry::service: Sent 1 events: [@nx-go/nx-go:createDependencies]
[NX v23.1.0 Daemon Client] - 2026-07-24T12:03:40.960Z - [Messenger] Sending message type: GET_CONTEXT_FILE_DATA
[NX v23.1.0 Daemon Server] - 2026-07-24T12:03:40.960Z - Established a connection. Number of open connections: 3
[NX v23.1.0 Daemon Client] - 2026-07-24T12:03:40.960Z - [Messenger] Message sent
[NX v23.1.0 Daemon Server] - 2026-07-24T12:03:40.960Z - Received raw message of length 32
[NX v23.1.0 Daemon Server] - 2026-07-24T12:03:40.960Z - Received json message of type GET_CONTEXT_FILE_DATA
[NX v23.1.0 Daemon Server] - 2026-07-24T12:03:40.960Z - Serializing response for GET_CONTEXT_FILE_DATA message in json mode
[NX v23.1.0 Daemon Server] - 2026-07-24T12:03:40.960Z - Responding to GET_CONTEXT_FILE_DATA message
[NX v23.1.0 Daemon Server] - 2026-07-24T12:03:40.960Z - [REQUEST]: Responding to the client. handleContextFileData
[NX v23.1.0 Daemon Server] - 2026-07-24T12:03:40.960Z - Done responding to the client handleContextFileData
[NX v23.1.0 Daemon Server] - 2026-07-24T12:03:40.960Z - Handled json message GET_CONTEXT_FILE_DATA. Handling time: 0. Response time: 0.
[NX v23.1.0 Daemon Client] - 2026-07-24T12:03:40.960Z - [Messenger] Received message, length: 4133
[NX v23.1.0 Daemon Server] - 2026-07-24T12:03:40.960Z - Closed a connection. Number of open connections: 2
[NX v23.1.0 Daemon Client] - 2026-07-24T12:03:40.978Z - [ProjectGraphListener] Socket closed, triggering reconnection
[NX v23.1.0 Daemon Server] - 2026-07-24T12:03:40.978Z - Closed a connection. Number of open connections: 1
[NX v23.1.0 Daemon Client] - 2026-07-24T12:03:40.978Z - [Messenger] Setting up socket listeners
[NX v23.1.0 Daemon Server] - 2026-07-24T12:03:40.978Z - Established a connection. Number of open connections: 2
[NX v23.1.0 Daemon Client] - 2026-07-24T12:03:40.978Z - [Messenger] listen() complete
[NX v23.1.0 Daemon Client] - 2026-07-24T12:03:40.978Z - [Messenger] Sending message type: REGISTER_PROJECT_GRAPH_LISTENER
[NX v23.1.0 Daemon Client] - 2026-07-24T12:03:40.979Z - [Messenger] Message sent
[NX v23.1.0 Daemon Server] - 2026-07-24T12:03:40.979Z - Established a connection. Number of open connections: 3
[NX v23.1.0 Daemon Server] - 2026-07-24T12:03:40.979Z - Closed a connection. Number of open connections: 2
[NX v23.1.0 Daemon Server] - 2026-07-24T12:03:40.979Z - Received raw message of length 42
[NX v23.1.0 Daemon Server] - 2026-07-24T12:03:40.979Z - Received json message of type REGISTER_PROJECT_GRAPH_LISTENER
[NX v23.1.0 Daemon Server] - 2026-07-24T12:05:04.238Z - Established a connection. Number of open connections: 3
[NX v23.1.0 Daemon Server] - 2026-07-24T12:05:04.239Z - Closed a connection. Number of open connections: 2
[NX v23.1.0 Daemon Server] - 2026-07-24T12:05:04.240Z - Established a connection. Number of open connections: 3
[NX v23.1.0 Daemon Server] - 2026-07-24T12:05:04.240Z - Closed a connection. Number of open connections: 2
[NX v23.1.0 Daemon Server] - 2026-07-24T12:05:04.240Z - Established a connection. Number of open connections: 3
[NX v23.1.0 Daemon Client] - 2026-07-24T12:05:04.240Z - [Messenger] Setting up socket listeners
[NX v23.1.0 Daemon Client] - 2026-07-24T12:05:04.241Z - [Messenger] listen() complete
[NX v23.1.0 Daemon Client] - 2026-07-24T12:05:04.250Z - [Messenger] Sending message type: GET_NX_CONSOLE_STATUS
[NX v23.1.0 Daemon Client] - 2026-07-24T12:05:04.250Z - [Messenger] Message sent
[NX v23.1.0 Daemon Server] - 2026-07-24T12:05:04.252Z - Received raw message of length 3734
[NX v23.1.0 Daemon Server] - 2026-07-24T12:05:04.252Z - Received json message of type GET_NX_CONSOLE_STATUS
[NX v23.1.0 Daemon Server] - 2026-07-24T12:05:04.253Z - Graph recompute necessary due to env variable refresh. Changed keys: PATH, XPC_SERVICE_NAME, STARSHIP_SESSION_KEY, NODE, INIT_CWD, COLOR, NX_CONSOLE
[NX v23.1.0 Daemon Server] - 2026-07-24T12:05:04.254Z - Serializing response for GET_NX_CONSOLE_STATUS message in json mode
[NX v23.1.0 Daemon Server] - 2026-07-24T12:05:04.254Z - Responding to GET_NX_CONSOLE_STATUS message
[NX v23.1.0 Daemon Server] - 2026-07-24T12:05:04.254Z - [REQUEST]: Responding to the client. handleGetNxConsoleStatus
[NX v23.1.0 Daemon Server] - 2026-07-24T12:05:04.254Z - Done responding to the client handleGetNxConsoleStatus
[NX v23.1.0 Daemon Server] - 2026-07-24T12:05:04.254Z - Handled json message GET_NX_CONSOLE_STATUS. Handling time: 1. Response time: 0.
[NX v23.1.0 Daemon Client] - 2026-07-24T12:05:04.254Z - [Messenger] Received message, length: 22
[NX v23.1.0 Daemon Client] - 2026-07-24T12:05:04.310Z - [Messenger] Sending message type: REQUEST_PROJECT_GRAPH
[NX v23.1.0 Daemon Client] - 2026-07-24T12:05:04.310Z - [Messenger] Message sent
[NX v23.1.0 Daemon Server] - 2026-07-24T12:05:04.311Z - Received raw message of length 32
[NX v23.1.0 Daemon Server] - 2026-07-24T12:05:04.311Z - Received json message of type REQUEST_PROJECT_GRAPH
[NX v23.1.0 Daemon Server] - 2026-07-24T12:05:04.311Z - [REQUEST]: Client Request for Project Graph Received
DEBUG nx::native::watch::watcher: force-flush END count=0 replies=1 elapsed=10.911834ms
[NX v23.1.0 Daemon Server] - 2026-07-24T12:05:04.322Z - No in-memory cached project graph found. Recomputing it...
[NX v23.1.0 Daemon Server] - 2026-07-24T12:05:04.322Z - [REQUEST]: Updated workspace context based on watched changes, recomputing project graph...
[NX v23.1.0 Daemon Server] - 2026-07-24T12:05:04.322Z - [REQUEST]: 
[NX v23.1.0 Daemon Server] - 2026-07-24T12:05:04.322Z - [REQUEST]: 
[NX v23.1.0 Daemon Server] - 2026-07-24T12:05:04.323Z - Streaming message to client: progress update for topic graph-construction
[plugin-client] restarting worker for "@nx-go/nx-go"
[NX v23.1.0 Daemon Client] - 2026-07-24T12:05:04.323Z - [Messenger] Received message, length: 47
[isolated-plugin] spawned worker for "@nx-go/nx-go" (pid: 9584, socket: /private/tmp/plugin7350-28-380836.10525.sock)
[plugin-client] restarting worker for "nx/js/dependencies-and-lockfile"
[isolated-plugin] spawned worker for "nx/js/dependencies-and-lockfile" (pid: 9585, socket: /private/tmp/plugin7350-29-380837.185292.sock)
[plugin-client] restarting worker for "nx/core/package-json"
[isolated-plugin] spawned worker for "nx/core/package-json" (pid: 9586, socket: /private/tmp/plugin7350-30-380837.832459.sock)
[plugin-client] restarting worker for "nx/core/project-json"
[isolated-plugin] spawned worker for "nx/core/project-json" (pid: 9587, socket: /private/tmp/plugin7350-31-380838.433292.sock)
[plugin-worker] "nx/js/dependencies-and-lockfile" (pid: 9585) listening on /private/tmp/plugin7350-29-380837.185292.sock
[plugin-worker] "@nx-go/nx-go" (pid: 9584) listening on /private/tmp/plugin7350-28-380836.10525.sock
Time taken for 'plugin worker 9584 code loading' 139.36783300000002ms
Time taken for 'plugin worker 9585 code loading' 137.874917ms
[plugin-worker] "@nx-go/nx-go" (pid: 9584) connected
[plugin-worker] "nx/js/dependencies-and-lockfile" (pid: 9585) connected
[isolated-plugin] connected to worker for "@nx-go/nx-go" (pid: 9584)
[isolated-plugin] connected to worker for "nx/js/dependencies-and-lockfile" (pid: 9585)
[NX v23.1.0 Daemon Server] - 2026-07-24T12:05:04.509Z - Time taken for 'start-plugin-worker:@nx-go/nx-go' 184.4537920000148ms
[NX v23.1.0 Daemon Server] - 2026-07-24T12:05:04.509Z - Time taken for 'start-plugin-worker:nx/js/dependencies-and-lockfile' 183.80629199999385ms
[plugin-worker] "nx/core/package-json" (pid: 9586) listening on /private/tmp/plugin7350-30-380837.832459.sock
Time taken for 'plugin worker 9586 code loading' 144.900625ms
[plugin-worker] "nx/core/project-json" (pid: 9587) listening on /private/tmp/plugin7350-31-380838.433292.sock
Time taken for 'plugin worker 9587 code loading' 148.162625ms
[isolated-plugin] connected to worker for "nx/core/package-json" (pid: 9586)
[isolated-plugin] connected to worker for "nx/core/project-json" (pid: 9587)
[NX v23.1.0 Daemon Server] - 2026-07-24T12:05:04.519Z - Time taken for 'start-plugin-worker:nx/core/package-json' 192.6629580000299ms
[NX v23.1.0 Daemon Server] - 2026-07-24T12:05:04.519Z - Time taken for 'start-plugin-worker:nx/core/project-json' 192.5834170000162ms
[plugin-worker] "nx/core/project-json" (pid: 9587) connected
[plugin-worker] "nx/core/package-json" (pid: 9586) connected
[plugin-worker] "nx/core/project-json" (pid: 9587) loaded successfully
[plugin-worker] "nx/core/package-json" (pid: 9586) loaded successfully
[isolated-plugin] shutting down worker for "nx/core/project-json" after createNodes
[NX v23.1.0 Daemon Server] - 2026-07-24T12:05:04.531Z - Streaming message to client: progress update for topic graph-construction
[NX v23.1.0 Daemon Client] - 2026-07-24T12:05:04.532Z - [Messenger] Received message, length: 171
[isolated-plugin] shutting down worker for "nx/core/package-json" after createNodes
[NX v23.1.0 Daemon Server] - 2026-07-24T12:05:04.533Z - Streaming message to client: progress update for topic graph-construction
[NX v23.1.0 Daemon Client] - 2026-07-24T12:05:04.534Z - [Messenger] Received message, length: 145
[plugin-worker] "nx/js/dependencies-and-lockfile" (pid: 9585) loaded successfully
Time taken for 'nx/js/dependencies-and-lockfile:createNodes' 7.664249999999981ms
[NX v23.1.0 Daemon Server] - 2026-07-24T12:05:04.546Z - Streaming message to client: progress update for topic graph-construction
[NX v23.1.0 Daemon Client] - 2026-07-24T12:05:04.546Z - [Messenger] Received message, length: 93
[plugin-worker] "@nx-go/nx-go" (pid: 9584) loaded successfully
[NX v23.1.0 Daemon Server] - 2026-07-24T12:05:04.588Z - Streaming message to client: progress update for topic graph-construction
[NX v23.1.0 Daemon Client] - 2026-07-24T12:05:04.588Z - [Messenger] Received message, length: 47
[NX v23.1.0 Daemon Server] - 2026-07-24T12:05:04.590Z - Streaming message to client: progress update for topic graph-construction
[NX v23.1.0 Daemon Client] - 2026-07-24T12:05:04.590Z - [Messenger] Received message, length: 47
[NX v23.1.0 Daemon Server] - 2026-07-24T12:05:04.590Z - Time taken for 'build-project-configs' 265.614208999963ms
[NX v23.1.0 Daemon Server] - 2026-07-24T12:05:04.590Z - Time taken for 'createNodes:merge' 0.3511249999864958ms
Time taken for '@nx-go/nx-go:createNodes' 0.5082920000000115ms
Time taken for 'build typescript dependencies' 0.07749999999998636ms
[isolated-plugin] shutting down worker for "nx/js/dependencies-and-lockfile" after createDependencies
[NX v23.1.0 Daemon Server] - 2026-07-24T12:05:04.889Z - Streaming message to client: progress update for topic graph-construction
[NX v23.1.0 Daemon Client] - 2026-07-24T12:05:04.889Z - [Messenger] Received message, length: 100
[NX v23.1.0 Daemon Server] - 2026-07-24T12:05:04.889Z - Time taken for 'nx/js/dependencies-and-lockfile:createDependencies' 299.5271669999929ms
[isolated-plugin] shutting down worker for "@nx-go/nx-go" after createDependencies
[NX v23.1.0 Daemon Server] - 2026-07-24T12:05:04.900Z - Streaming message to client: progress update for topic graph-construction
[NX v23.1.0 Daemon Client] - 2026-07-24T12:05:04.900Z - [Messenger] Received message, length: 47
[NX v23.1.0 Daemon Server] - 2026-07-24T12:05:04.901Z - [SYNC]: collect registered sync generators
[NX v23.1.0 Daemon Server] - 2026-07-24T12:05:04.901Z - [SYNC]: project graph hash is the same, not collecting task sync generators
[NX v23.1.0 Daemon Server] - 2026-07-24T12:05:04.901Z - [SYNC]: nx.json hash is the same, not collecting global sync generators
[NX v23.1.0 Daemon Server] - 2026-07-24T12:05:04.904Z - Wrote project graph cache to /Users/paiva/git/beckerin/pixie-block/.nx/workspace-data/project-graph.json
[NX v23.1.0 Daemon Server] - 2026-07-24T12:05:04.904Z - Serializing response for PROJECT_GRAPH_UPDATED message in json mode
[NX v23.1.0 Daemon Server] - 2026-07-24T12:05:04.904Z - Responding to PROJECT_GRAPH_UPDATED message
[NX v23.1.0 Daemon Server] - 2026-07-24T12:05:04.904Z - [REQUEST]: Responding to the client. Project graph updated
[NX v23.1.0 Daemon Server] - 2026-07-24T12:05:04.904Z - Serializing response for REQUEST_PROJECT_GRAPH message in json mode
[NX v23.1.0 Daemon Server] - 2026-07-24T12:05:04.904Z - Responding to REQUEST_PROJECT_GRAPH message
[NX v23.1.0 Daemon Server] - 2026-07-24T12:05:04.904Z - [REQUEST]: Responding to the client. project-graph
[NX v23.1.0 Daemon Server] - 2026-07-24T12:05:04.904Z - Time taken for 'total for creating and serializing project graph' 593.4374160000007ms
[NX v23.1.0 Daemon Server] - 2026-07-24T12:05:04.904Z - Time taken for 'total execution time for createProjectGraph()' 311.3022500000079ms
[NX v23.1.0 Daemon Server] - 2026-07-24T12:05:04.904Z - Time taken for 'createDependencies' 310.6944160000421ms
[NX v23.1.0 Daemon Server] - 2026-07-24T12:05:04.904Z - Time taken for '@nx-go/nx-go:createDependencies' 310.5914169999887ms
[NX v23.1.0 Daemon Server] - 2026-07-24T12:05:04.904Z - Time taken for 'createMetadata' 0.007540999969933182ms
[NX v23.1.0 Daemon Server] - 2026-07-24T12:05:04.904Z - Time taken for 'serialize graph' 0.16550000000279397ms
[NX v23.1.0 Daemon Server] - 2026-07-24T12:05:04.904Z - Time taken for 'write cache' 2.987916000012774ms
[NX v23.1.0 Daemon Server] - 2026-07-24T12:05:04.905Z - Done responding to the client project-graph
[NX v23.1.0 Daemon Server] - 2026-07-24T12:05:04.905Z - Handled json message REQUEST_PROJECT_GRAPH. Handling time: 593. Response time: 1.
[NX v23.1.0 Daemon Client] - 2026-07-24T12:05:04.905Z - [Messenger] Received message, length: 53589
[NX v23.1.0 Daemon Server] - 2026-07-24T12:05:04.905Z - Done responding to the client Project graph updated
[NX v23.1.0 Daemon Server] - 2026-07-24T12:05:04.905Z - Handled json message PROJECT_GRAPH_UPDATED. Handling time: 3. Response time: 1.
[NX v23.1.0 Daemon Client] - 2026-07-24T12:05:04.905Z - [Messenger] Received message, length: 53582
[NX v23.1.0 Daemon Client] - 2026-07-24T12:05:04.907Z - [Messenger] Sending message type: PRE_TASKS_EXECUTION
[NX v23.1.0 Daemon Client] - 2026-07-24T12:05:04.907Z - [Messenger] Message sent
[NX v23.1.0 Daemon Server] - 2026-07-24T12:05:04.907Z - Received raw message of length 432
[NX v23.1.0 Daemon Server] - 2026-07-24T12:05:04.908Z - Received json message of type PRE_TASKS_EXECUTION
[NX v23.1.0 Daemon Server] - 2026-07-24T12:05:04.908Z - Serializing response for PRE_TASKS_EXECUTION message in json mode
[NX v23.1.0 Daemon Server] - 2026-07-24T12:05:04.908Z - Responding to PRE_TASKS_EXECUTION message
[NX v23.1.0 Daemon Server] - 2026-07-24T12:05:04.908Z - [REQUEST]: Responding to the client. handleRunPreTasksExecution
[NX v23.1.0 Daemon Server] - 2026-07-24T12:05:04.908Z - Done responding to the client handleRunPreTasksExecution
[NX v23.1.0 Daemon Server] - 2026-07-24T12:05:04.908Z - Handled json message PRE_TASKS_EXECUTION. Handling time: 0. Response time: 0.
[NX v23.1.0 Daemon Client] - 2026-07-24T12:05:04.908Z - [Messenger] Received message, length: 2
[NX v23.1.0 Daemon Server] - 2026-07-24T12:05:04.908Z - Time taken for 'preTasksExecution' 0.2780419999617152ms
[NX v23.1.0 Daemon Client] - 2026-07-24T12:05:04.920Z - [Messenger] Sending message type: HASH_TASKS
[NX v23.1.0 Daemon Client] - 2026-07-24T12:05:04.921Z - [Messenger] Message sent
[NX v23.1.0 Daemon Server] - 2026-07-24T12:05:04.921Z - Received raw message of length 6568
[NX v23.1.0 Daemon Server] - 2026-07-24T12:05:04.921Z - Received json message of type HASH_TASKS
DEBUG nx::native::telemetry::service: Sent 1 events: [nx/js/dependencies-and-lockfile:createDe]
DEBUG nx::native::watch::watcher: force-flush END count=0 replies=1 elapsed=10.43125ms
[NX v23.1.0 Daemon Server] - 2026-07-24T12:05:04.932Z - Reusing in-memory cached project graph because no files changed.
DEBUG nx::native::tasks::hash_planner: get_plans_internal COMPLETED in 600.333µs - processed 1 tasks (setup: 392.25µs, parallel_planning: 205.125µs, pool: 7 unique instructions)
DEBUG nx::native::tasks::hashers::hash_workspace_files: Hashing workspace fileset: Adding "3895922822332558164" (".gitignore") to hash
DEBUG nx::native::tasks::hashers::hash_workspace_files: Hashing workspace fileset: Adding "17520421427198561273" ("nx.json") to hash
DEBUG nx::native::tasks::hashers::hash_workspace_files: Hashing workspace fileset: Adding "12984691112017789301" ("go.work") to hash
DEBUG nx::native::tasks::hashers::hash_workspace_files: Hashing workspace fileset: Adding "4326889716592757203" ("go.work.sum") to hash
DEBUG nx::native::tasks::hashers::hash_workspace_files: Hashing workspace fileset: Hash Value: "10932988427785228146"
DEBUG nx::native::tasks::hashers::hash_workspace_files: Hashing workspace fileset: Hash Value: "11283688023519892206"
DEBUG nx::native::tasks::task_hasher: hash_plans COMPLETED in 765.917µs - processed 1 plans (setup: 16.25µs, hashing: 747.625µs, assembly: 14.375µs)
[NX v23.1.0 Daemon Server] - 2026-07-24T12:05:04.935Z - Serializing response for HASH_TASKS message in json mode
[NX v23.1.0 Daemon Server] - 2026-07-24T12:05:04.935Z - Responding to HASH_TASKS message
[NX v23.1.0 Daemon Server] - 2026-07-24T12:05:04.935Z - [REQUEST]: Responding to the client. handleHashTasks
[NX v23.1.0 Daemon Server] - 2026-07-24T12:05:04.935Z - Done responding to the client handleHashTasks
[NX v23.1.0 Daemon Server] - 2026-07-24T12:05:04.935Z - Handled json message HASH_TASKS. Handling time: 14. Response time: 0.
[NX v23.1.0 Daemon Client] - 2026-07-24T12:05:04.936Z - [Messenger] Received message, length: 746
DEBUG nx::native::telemetry::service: Sent 1 events: [@nx-go/nx-go:createDependencies]
[NX v23.1.0 Daemon Client] - 2026-07-24T12:05:05.909Z - [Messenger] Sending message type: GET_CONTEXT_FILE_DATA
[NX v23.1.0 Daemon Server] - 2026-07-24T12:05:05.909Z - Established a connection. Number of open connections: 4
[NX v23.1.0 Daemon Client] - 2026-07-24T12:05:05.909Z - [Messenger] Message sent
[NX v23.1.0 Daemon Server] - 2026-07-24T12:05:05.909Z - Received raw message of length 32
[NX v23.1.0 Daemon Server] - 2026-07-24T12:05:05.909Z - Received json message of type GET_CONTEXT_FILE_DATA
[NX v23.1.0 Daemon Server] - 2026-07-24T12:05:05.910Z - Serializing response for GET_CONTEXT_FILE_DATA message in json mode
[NX v23.1.0 Daemon Server] - 2026-07-24T12:05:05.910Z - Responding to GET_CONTEXT_FILE_DATA message
[NX v23.1.0 Daemon Server] - 2026-07-24T12:05:05.910Z - [REQUEST]: Responding to the client. handleContextFileData
[NX v23.1.0 Daemon Server] - 2026-07-24T12:05:05.910Z - Done responding to the client handleContextFileData
[NX v23.1.0 Daemon Server] - 2026-07-24T12:05:05.910Z - Handled json message GET_CONTEXT_FILE_DATA. Handling time: 1. Response time: 0.
[NX v23.1.0 Daemon Server] - 2026-07-24T12:05:05.910Z - Closed a connection. Number of open connections: 3
[NX v23.1.0 Daemon Client] - 2026-07-24T12:05:05.910Z - [Messenger] Received message, length: 4133
[NX v23.1.0 Daemon Client] - 2026-07-24T12:05:05.928Z - [ProjectGraphListener] Socket closed, triggering reconnection
[NX v23.1.0 Daemon Server] - 2026-07-24T12:05:05.928Z - Closed a connection. Number of open connections: 2
[NX v23.1.0 Daemon Client] - 2026-07-24T12:05:05.929Z - [Messenger] Setting up socket listeners
[NX v23.1.0 Daemon Server] - 2026-07-24T12:05:05.929Z - Established a connection. Number of open connections: 3
[NX v23.1.0 Daemon Client] - 2026-07-24T12:05:05.929Z - [Messenger] listen() complete
[NX v23.1.0 Daemon Client] - 2026-07-24T12:05:05.929Z - [Messenger] Sending message type: REGISTER_PROJECT_GRAPH_LISTENER
[NX v23.1.0 Daemon Client] - 2026-07-24T12:05:05.929Z - [Messenger] Message sent
[NX v23.1.0 Daemon Server] - 2026-07-24T12:05:05.929Z - Established a connection. Number of open connections: 4
[NX v23.1.0 Daemon Server] - 2026-07-24T12:05:05.929Z - Closed a connection. Number of open connections: 3
[NX v23.1.0 Daemon Server] - 2026-07-24T12:05:05.929Z - Received raw message of length 42
[NX v23.1.0 Daemon Server] - 2026-07-24T12:05:05.929Z - Received json message of type REGISTER_PROJECT_GRAPH_LISTENER
[NX v23.1.0 Daemon Client] - 2026-07-24T12:05:06.193Z - [Messenger] Sending message type: GET_ESTIMATED_TASK_TIMINGS
[NX v23.1.0 Daemon Client] - 2026-07-24T12:05:06.194Z - [Messenger] Message sent
[NX v23.1.0 Daemon Server] - 2026-07-24T12:05:06.195Z - Received raw message of length 91
[NX v23.1.0 Daemon Server] - 2026-07-24T12:05:06.195Z - Received json message of type GET_ESTIMATED_TASK_TIMINGS
[NX v23.1.0 Daemon Server] - 2026-07-24T12:05:06.196Z - Serializing response for GET_ESTIMATED_TASK_TIMINGS message in json mode
[NX v23.1.0 Daemon Server] - 2026-07-24T12:05:06.196Z - Responding to GET_ESTIMATED_TASK_TIMINGS message
[NX v23.1.0 Daemon Server] - 2026-07-24T12:05:06.196Z - [REQUEST]: Responding to the client. handleGetEstimatedTaskTimings
[NX v23.1.0 Daemon Server] - 2026-07-24T12:05:06.196Z - Done responding to the client handleGetEstimatedTaskTimings
[NX v23.1.0 Daemon Server] - 2026-07-24T12:05:06.196Z - Handled json message GET_ESTIMATED_TASK_TIMINGS. Handling time: 1. Response time: 0.
[NX v23.1.0 Daemon Client] - 2026-07-24T12:05:06.200Z - [Messenger] Received message, length: 2
[NX v23.1.0 Daemon Client] - 2026-07-24T12:05:07.145Z - [Messenger] Sending message type: RECORD_TASK_RUNS
[NX v23.1.0 Daemon Client] - 2026-07-24T12:05:07.145Z - [Messenger] Message sent
[NX v23.1.0 Daemon Server] - 2026-07-24T12:05:07.145Z - Received raw message of length 210
[NX v23.1.0 Daemon Server] - 2026-07-24T12:05:07.145Z - Received json message of type RECORD_TASK_RUNS
[NX v23.1.0 Daemon Server] - 2026-07-24T12:05:07.146Z - Serializing response for RECORD_TASK_RUNS message in json mode
[NX v23.1.0 Daemon Server] - 2026-07-24T12:05:07.146Z - Responding to RECORD_TASK_RUNS message
[NX v23.1.0 Daemon Server] - 2026-07-24T12:05:07.146Z - [REQUEST]: Responding to the client. handleRecordTaskRuns
[NX v23.1.0 Daemon Server] - 2026-07-24T12:05:07.146Z - Done responding to the client handleRecordTaskRuns
[NX v23.1.0 Daemon Server] - 2026-07-24T12:05:07.146Z - Handled json message RECORD_TASK_RUNS. Handling time: 1. Response time: 0.
[NX v23.1.0 Daemon Client] - 2026-07-24T12:05:07.146Z - [Messenger] Received message, length: 4
[NX v23.1.0 Daemon Client] - 2026-07-24T12:05:07.146Z - [Messenger] Sending message type: GET_FLAKY_TASKS
[NX v23.1.0 Daemon Client] - 2026-07-24T12:05:07.146Z - [Messenger] Message sent
[NX v23.1.0 Daemon Server] - 2026-07-24T12:05:07.146Z - Received raw message of length 60
[NX v23.1.0 Daemon Server] - 2026-07-24T12:05:07.147Z - Received json message of type GET_FLAKY_TASKS
[NX v23.1.0 Daemon Server] - 2026-07-24T12:05:07.147Z - Serializing response for GET_FLAKY_TASKS message in json mode
[NX v23.1.0 Daemon Server] - 2026-07-24T12:05:07.147Z - Responding to GET_FLAKY_TASKS message
[NX v23.1.0 Daemon Server] - 2026-07-24T12:05:07.147Z - [REQUEST]: Responding to the client. handleGetFlakyTasks
[NX v23.1.0 Daemon Server] - 2026-07-24T12:05:07.147Z - Done responding to the client handleGetFlakyTasks
[NX v23.1.0 Daemon Server] - 2026-07-24T12:05:07.147Z - Handled json message GET_FLAKY_TASKS. Handling time: 0. Response time: 0.
[NX v23.1.0 Daemon Client] - 2026-07-24T12:05:07.147Z - [Messenger] Received message, length: 2
[NX v23.1.0 Daemon Client] - 2026-07-24T12:05:07.148Z - [Messenger] Sending message type: PROCESS_IN_BACKGROUND
[NX v23.1.0 Daemon Client] - 2026-07-24T12:05:07.148Z - [Messenger] Message sent
[NX v23.1.0 Daemon Server] - 2026-07-24T12:05:07.149Z - Received raw message of length 56421
[NX v23.1.0 Daemon Server] - 2026-07-24T12:05:07.149Z - Received json message of type PROCESS_IN_BACKGROUND
Was not able to require.resolve module nx/src/utils/app-root from the following paths: /Users/paiva/git/beckerin/pixie-block/node_modules. This may be expected.
Was not able to require.resolve module nx/src/utils/app-root from the following paths: /Users/paiva/git/beckerin/pixie-block/node_modules. This may be expected.
[NX v23.1.0 Daemon Server] - 2026-07-24T12:05:07.268Z - Serializing response for PROCESS_IN_BACKGROUND message in json mode
[NX v23.1.0 Daemon Server] - 2026-07-24T12:05:07.268Z - Responding to PROCESS_IN_BACKGROUND message
[NX v23.1.0 Daemon Server] - 2026-07-24T12:05:07.268Z - [REQUEST]: Responding to the client. PROCESS_IN_BACKGROUND
[NX v23.1.0 Daemon Server] - 2026-07-24T12:05:07.268Z - Done responding to the client PROCESS_IN_BACKGROUND
[NX v23.1.0 Daemon Server] - 2026-07-24T12:05:07.269Z - Handled json message PROCESS_IN_BACKGROUND. Handling time: 119. Response time: 1.
[NX v23.1.0 Daemon Client] - 2026-07-24T12:05:07.269Z - [Messenger] Received message, length: 2
[NX v23.1.0 Daemon Server] - 2026-07-24T12:05:07.269Z - Uploading file artifacts

[7m[1m[38;5;214m NX [39m[22m[27m  [38;5;214mNx Cloud: Storing 10636842663208371482 with storeV2[39m


[7m[1m[38;5;214m NX [39m[22m[27m  [38;5;214mNx Cloud: Storing 10636842663208371482 with storeV2[39m

[NX v23.1.0 Daemon Client] - 2026-07-24T12:05:07.270Z - [Messenger] Sending message type: GET_CONFIGURE_AI_AGENTS_STATUS
[NX v23.1.0 Daemon Client] - 2026-07-24T12:05:07.271Z - [Messenger] Message sent
[NX v23.1.0 Daemon Server] - 2026-07-24T12:05:07.273Z - Received raw message of length 41
[NX v23.1.0 Daemon Server] - 2026-07-24T12:05:07.273Z - Received json message of type GET_CONFIGURE_AI_AGENTS_STATUS
[NX v23.1.0 Daemon Server] - 2026-07-24T12:05:07.273Z - [AI-AGENTS]: Returning cached agent configuration status
[NX v23.1.0 Daemon Server] - 2026-07-24T12:05:07.273Z - Serializing response for GET_CONFIGURE_AI_AGENTS_STATUS message in json mode
[NX v23.1.0 Daemon Server] - 2026-07-24T12:05:07.273Z - Responding to GET_CONFIGURE_AI_AGENTS_STATUS message
[NX v23.1.0 Daemon Server] - 2026-07-24T12:05:07.274Z - [REQUEST]: Responding to the client. handleGetConfigureAiAgentsStatus
[NX v23.1.0 Daemon Server] - 2026-07-24T12:05:07.274Z - Done responding to the client handleGetConfigureAiAgentsStatus
[NX v23.1.0 Daemon Server] - 2026-07-24T12:05:07.274Z - Handled json message GET_CONFIGURE_AI_AGENTS_STATUS. Handling time: 0. Response time: 1.
[NX v23.1.0 Daemon Client] - 2026-07-24T12:05:07.274Z - [Messenger] Received message, length: 441
[NX v23.1.0 Daemon Server] - 2026-07-24T12:05:07.275Z - Established a connection. Number of open connections: 4
[NX v23.1.0 Daemon Server] - 2026-07-24T12:05:07.276Z - Closed a connection. Number of open connections: 3
[NX v23.1.0 Daemon Client] - 2026-07-24T12:05:07.278Z - [Messenger] Sending message type: POST_TASKS_EXECUTION
[NX v23.1.0 Daemon Client] - 2026-07-24T12:05:07.279Z - [Messenger] Message sent
[NX v23.1.0 Daemon Server] - 2026-07-24T12:05:07.292Z - Received raw message of length 3595
[NX v23.1.0 Daemon Server] - 2026-07-24T12:05:07.292Z - Received json message of type POST_TASKS_EXECUTION
[NX v23.1.0 Daemon Server] - 2026-07-24T12:05:07.293Z - Serializing response for POST_TASKS_EXECUTION message in json mode
[NX v23.1.0 Daemon Server] - 2026-07-24T12:05:07.293Z - Responding to POST_TASKS_EXECUTION message
[NX v23.1.0 Daemon Server] - 2026-07-24T12:05:07.293Z - [REQUEST]: Responding to the client. handleRunPostTasksExecution
[NX v23.1.0 Daemon Server] - 2026-07-24T12:05:07.293Z - Done responding to the client handleRunPostTasksExecution
[NX v23.1.0 Daemon Server] - 2026-07-24T12:05:07.293Z - Handled json message POST_TASKS_EXECUTION. Handling time: 1. Response time: 0.
[NX v23.1.0 Daemon Client] - 2026-07-24T12:05:07.293Z - [Messenger] Received message, length: 4
[NX v23.1.0 Daemon Server] - 2026-07-24T12:05:07.293Z - Time taken for 'postTasksExecution' 0.13874999998370185ms
[NX v23.1.0 Daemon Server] - 2026-07-24T12:05:07.300Z - Closed a connection. Number of open connections: 2

[7m[1m[38;5;214m NX [39m[22m[27m  [38;5;214mNx Cloud: Stored 10636842663208371482 /Users/paiva/git/beckerin/pixie-block/.nx/cache/10636842663208371482[39m


[7m[1m[38;5;214m NX [39m[22m[27m  [38;5;214mNx Cloud: Stored 10636842663208371482 /Users/paiva/git/beckerin/pixie-block/.nx/cache/terminalOutputs/10636842663208371482[39m

[NX v23.1.0 Daemon Server] - 2026-07-24T12:05:07.602Z - Done uploading file artifacts
[NX v23.1.0 Daemon Server] - 2026-07-24T12:05:07.602Z - Sending EndRun request
[Nx Cloud Debug] Attempting to acquire filesystem lock with path:  /Users/paiva/git/beckerin/pixie-block/.nx/cache/client-instance-id.lock
[Nx Cloud Debug] Failed to create folder lock at path: /Users/paiva/git/beckerin/pixie-block/.nx/cache/client-instance-id.lock
[Nx Cloud] Unable to detect a VCS context from the environment.

[7m[1m[38;5;214m NX [39m[22m[27m  [38;5;214mRunEnd. Completed tasks[39m


[
  "pixie-block:test"
]

[NX v23.1.0 Daemon Server] - 2026-07-24T12:05:07.607Z - Established a connection. Number of open connections: 3
[NX v23.1.0 Daemon Server] - 2026-07-24T12:05:07.608Z - Closed a connection. Number of open connections: 2
[NX v23.1.0 Daemon Server] - 2026-07-24T12:05:07.608Z - Established a connection. Number of open connections: 3
[NX v23.1.0 Daemon Server] - 2026-07-24T12:05:07.609Z - Closed a connection. Number of open connections: 2
[NX v23.1.0 Daemon Server] - 2026-07-24T12:05:07.609Z - Established a connection. Number of open connections: 3
[NX v23.1.0 Daemon Client] - 2026-07-24T12:05:07.609Z - [Messenger] Setting up socket listeners
[NX v23.1.0 Daemon Client] - 2026-07-24T12:05:07.610Z - [Messenger] listen() complete
[NX v23.1.0 Daemon Client] - 2026-07-24T12:05:07.618Z - [Messenger] Sending message type: GET_NX_CONSOLE_STATUS
[NX v23.1.0 Daemon Client] - 2026-07-24T12:05:07.619Z - [Messenger] Message sent
[NX v23.1.0 Daemon Server] - 2026-07-24T12:05:07.621Z - Received raw message of length 3734
[NX v23.1.0 Daemon Server] - 2026-07-24T12:05:07.621Z - Received json message of type GET_NX_CONSOLE_STATUS
[NX v23.1.0 Daemon Server] - 2026-07-24T12:05:07.621Z - Serializing response for GET_NX_CONSOLE_STATUS message in json mode
[NX v23.1.0 Daemon Server] - 2026-07-24T12:05:07.621Z - Responding to GET_NX_CONSOLE_STATUS message
[NX v23.1.0 Daemon Server] - 2026-07-24T12:05:07.621Z - [REQUEST]: Responding to the client. handleGetNxConsoleStatus
[NX v23.1.0 Daemon Server] - 2026-07-24T12:05:07.621Z - Done responding to the client handleGetNxConsoleStatus
[NX v23.1.0 Daemon Server] - 2026-07-24T12:05:07.621Z - Handled json message GET_NX_CONSOLE_STATUS. Handling time: 0. Response time: 0.
[NX v23.1.0 Daemon Client] - 2026-07-24T12:05:07.622Z - [Messenger] Received message, length: 22
[NX v23.1.0 Daemon Client] - 2026-07-24T12:05:07.666Z - [Messenger] Sending message type: REQUEST_PROJECT_GRAPH
[NX v23.1.0 Daemon Client] - 2026-07-24T12:05:07.667Z - [Messenger] Message sent
[NX v23.1.0 Daemon Server] - 2026-07-24T12:05:07.667Z - Received raw message of length 32
[NX v23.1.0 Daemon Server] - 2026-07-24T12:05:07.667Z - Received json message of type REQUEST_PROJECT_GRAPH
[NX v23.1.0 Daemon Server] - 2026-07-24T12:05:07.667Z - [REQUEST]: Client Request for Project Graph Received
DEBUG nx::native::watch::watcher: force-flush END count=0 replies=1 elapsed=10.279125ms
[NX v23.1.0 Daemon Server] - 2026-07-24T12:05:07.677Z - Reusing in-memory cached project graph because no files changed.
[NX v23.1.0 Daemon Server] - 2026-07-24T12:05:07.678Z - Serializing response for REQUEST_PROJECT_GRAPH message in json mode
[NX v23.1.0 Daemon Server] - 2026-07-24T12:05:07.678Z - Responding to REQUEST_PROJECT_GRAPH message
[NX v23.1.0 Daemon Server] - 2026-07-24T12:05:07.678Z - [REQUEST]: Responding to the client. project-graph
[NX v23.1.0 Daemon Server] - 2026-07-24T12:05:07.678Z - Time taken for 'total for creating and serializing project graph' 10.73137500003213ms
[NX v23.1.0 Daemon Server] - 2026-07-24T12:05:07.678Z - Done responding to the client project-graph
[NX v23.1.0 Daemon Server] - 2026-07-24T12:05:07.679Z - Handled json message REQUEST_PROJECT_GRAPH. Handling time: 11. Response time: 1.
[NX v23.1.0 Daemon Client] - 2026-07-24T12:05:07.679Z - [Messenger] Received message, length: 53589
[NX v23.1.0 Daemon Client] - 2026-07-24T12:05:07.680Z - [Messenger] Sending message type: PRE_TASKS_EXECUTION
[NX v23.1.0 Daemon Client] - 2026-07-24T12:05:07.680Z - [Messenger] Message sent
[NX v23.1.0 Daemon Server] - 2026-07-24T12:05:07.681Z - Received raw message of length 437
[NX v23.1.0 Daemon Server] - 2026-07-24T12:05:07.681Z - Received json message of type PRE_TASKS_EXECUTION
[NX v23.1.0 Daemon Server] - 2026-07-24T12:05:07.681Z - Serializing response for PRE_TASKS_EXECUTION message in json mode
[NX v23.1.0 Daemon Server] - 2026-07-24T12:05:07.681Z - Responding to PRE_TASKS_EXECUTION message
[NX v23.1.0 Daemon Server] - 2026-07-24T12:05:07.681Z - [REQUEST]: Responding to the client. handleRunPreTasksExecution
[NX v23.1.0 Daemon Server] - 2026-07-24T12:05:07.681Z - Done responding to the client handleRunPreTasksExecution
[NX v23.1.0 Daemon Server] - 2026-07-24T12:05:07.681Z - Handled json message PRE_TASKS_EXECUTION. Handling time: 0. Response time: 0.
[NX v23.1.0 Daemon Client] - 2026-07-24T12:05:07.681Z - [Messenger] Received message, length: 2
[NX v23.1.0 Daemon Server] - 2026-07-24T12:05:07.681Z - Time taken for 'preTasksExecution' 0.12008299998706207ms
[NX v23.1.0 Daemon Client] - 2026-07-24T12:05:07.691Z - [Messenger] Sending message type: HASH_TASKS
[NX v23.1.0 Daemon Client] - 2026-07-24T12:05:07.691Z - [Messenger] Message sent
[NX v23.1.0 Daemon Server] - 2026-07-24T12:05:07.692Z - Received raw message of length 6608
[NX v23.1.0 Daemon Server] - 2026-07-24T12:05:07.692Z - Received json message of type HASH_TASKS
DEBUG nx::native::watch::watcher: force-flush END count=0 replies=1 elapsed=11.329208ms
[NX v23.1.0 Daemon Server] - 2026-07-24T12:05:07.703Z - Reusing in-memory cached project graph because no files changed.
DEBUG nx::native::tasks::hash_planner: get_plans_internal COMPLETED in 34.917µs - processed 1 tasks (setup: 2.5µs, parallel_planning: 30.958µs, pool: 7 unique instructions)
DEBUG nx::native::tasks::task_hasher: hash_plans COMPLETED in 417.125µs - processed 1 plans (setup: 25.084µs, hashing: 391.25µs, assembly: 16.167µs)
[NX v23.1.0 Daemon Server] - 2026-07-24T12:05:07.704Z - Serializing response for HASH_TASKS message in json mode
[NX v23.1.0 Daemon Server] - 2026-07-24T12:05:07.704Z - Responding to HASH_TASKS message
[NX v23.1.0 Daemon Server] - 2026-07-24T12:05:07.704Z - [REQUEST]: Responding to the client. handleHashTasks
[NX v23.1.0 Daemon Server] - 2026-07-24T12:05:07.705Z - Done responding to the client handleHashTasks
[NX v23.1.0 Daemon Server] - 2026-07-24T12:05:07.705Z - Handled json message HASH_TASKS. Handling time: 12. Response time: 1.
[NX v23.1.0 Daemon Client] - 2026-07-24T12:05:07.705Z - [Messenger] Received message, length: 746
RunEnd duration: 166
[NX v23.1.0 Daemon Server] - 2026-07-24T12:05:07.769Z - Done sending EndRun request
[NX v23.1.0 Daemon Client] - 2026-07-24T12:05:07.974Z - [Messenger] Sending message type: GET_ESTIMATED_TASK_TIMINGS
[NX v23.1.0 Daemon Client] - 2026-07-24T12:05:07.974Z - [Messenger] Message sent
[NX v23.1.0 Daemon Server] - 2026-07-24T12:05:07.974Z - Received raw message of length 95
[NX v23.1.0 Daemon Server] - 2026-07-24T12:05:07.975Z - Received json message of type GET_ESTIMATED_TASK_TIMINGS
[NX v23.1.0 Daemon Server] - 2026-07-24T12:05:07.975Z - Serializing response for GET_ESTIMATED_TASK_TIMINGS message in json mode
[NX v23.1.0 Daemon Server] - 2026-07-24T12:05:07.975Z - Responding to GET_ESTIMATED_TASK_TIMINGS message
[NX v23.1.0 Daemon Server] - 2026-07-24T12:05:07.975Z - [REQUEST]: Responding to the client. handleGetEstimatedTaskTimings
[NX v23.1.0 Daemon Server] - 2026-07-24T12:05:07.975Z - Done responding to the client handleGetEstimatedTaskTimings
[NX v23.1.0 Daemon Server] - 2026-07-24T12:05:07.975Z - Handled json message GET_ESTIMATED_TASK_TIMINGS. Handling time: 0. Response time: 0.
[NX v23.1.0 Daemon Client] - 2026-07-24T12:05:07.975Z - [Messenger] Received message, length: 2
[NX v23.1.0 Daemon Client] - 2026-07-24T12:05:08.525Z - [Messenger] Sending message type: RECORD_TASK_RUNS
[NX v23.1.0 Daemon Client] - 2026-07-24T12:05:08.525Z - [Messenger] Message sent
[NX v23.1.0 Daemon Server] - 2026-07-24T12:05:08.525Z - Received raw message of length 214
[NX v23.1.0 Daemon Server] - 2026-07-24T12:05:08.525Z - Received json message of type RECORD_TASK_RUNS
[NX v23.1.0 Daemon Server] - 2026-07-24T12:05:08.526Z - Serializing response for RECORD_TASK_RUNS message in json mode
[NX v23.1.0 Daemon Server] - 2026-07-24T12:05:08.526Z - Responding to RECORD_TASK_RUNS message
[NX v23.1.0 Daemon Server] - 2026-07-24T12:05:08.526Z - [REQUEST]: Responding to the client. handleRecordTaskRuns
[NX v23.1.0 Daemon Server] - 2026-07-24T12:05:08.526Z - Done responding to the client handleRecordTaskRuns
[NX v23.1.0 Daemon Server] - 2026-07-24T12:05:08.526Z - Handled json message RECORD_TASK_RUNS. Handling time: 1. Response time: 0.
[NX v23.1.0 Daemon Client] - 2026-07-24T12:05:08.526Z - [Messenger] Received message, length: 4
[NX v23.1.0 Daemon Client] - 2026-07-24T12:05:08.526Z - [Messenger] Sending message type: GET_FLAKY_TASKS
[NX v23.1.0 Daemon Client] - 2026-07-24T12:05:08.526Z - [Messenger] Message sent
[NX v23.1.0 Daemon Server] - 2026-07-24T12:05:08.526Z - Received raw message of length 60
[NX v23.1.0 Daemon Server] - 2026-07-24T12:05:08.527Z - Received json message of type GET_FLAKY_TASKS
[NX v23.1.0 Daemon Server] - 2026-07-24T12:05:08.527Z - Serializing response for GET_FLAKY_TASKS message in json mode
[NX v23.1.0 Daemon Server] - 2026-07-24T12:05:08.527Z - Responding to GET_FLAKY_TASKS message
[NX v23.1.0 Daemon Server] - 2026-07-24T12:05:08.527Z - [REQUEST]: Responding to the client. handleGetFlakyTasks
[NX v23.1.0 Daemon Server] - 2026-07-24T12:05:08.527Z - Done responding to the client handleGetFlakyTasks
[NX v23.1.0 Daemon Server] - 2026-07-24T12:05:08.527Z - Handled json message GET_FLAKY_TASKS. Handling time: 0. Response time: 0.
[NX v23.1.0 Daemon Client] - 2026-07-24T12:05:08.527Z - [Messenger] Received message, length: 2
[NX v23.1.0 Daemon Client] - 2026-07-24T12:05:08.529Z - [Messenger] Sending message type: PROCESS_IN_BACKGROUND
[NX v23.1.0 Daemon Client] - 2026-07-24T12:05:08.529Z - [Messenger] Message sent
[NX v23.1.0 Daemon Server] - 2026-07-24T12:05:08.529Z - Received raw message of length 54592
[NX v23.1.0 Daemon Server] - 2026-07-24T12:05:08.530Z - Received json message of type PROCESS_IN_BACKGROUND
[NX v23.1.0 Daemon Server] - 2026-07-24T12:05:08.562Z - Serializing response for PROCESS_IN_BACKGROUND message in json mode
[NX v23.1.0 Daemon Server] - 2026-07-24T12:05:08.562Z - Responding to PROCESS_IN_BACKGROUND message
[NX v23.1.0 Daemon Server] - 2026-07-24T12:05:08.562Z - [REQUEST]: Responding to the client. PROCESS_IN_BACKGROUND
[NX v23.1.0 Daemon Server] - 2026-07-24T12:05:08.562Z - Done responding to the client PROCESS_IN_BACKGROUND
[NX v23.1.0 Daemon Server] - 2026-07-24T12:05:08.562Z - Handled json message PROCESS_IN_BACKGROUND. Handling time: 32. Response time: 0.
[NX v23.1.0 Daemon Client] - 2026-07-24T12:05:08.563Z - [Messenger] Received message, length: 2
[NX v23.1.0 Daemon Server] - 2026-07-24T12:05:08.563Z - Uploading file artifacts

[7m[1m[38;5;214m NX [39m[22m[27m  [38;5;214mNx Cloud: Storing 10030652202844184849 with storeV2[39m

[NX v23.1.0 Daemon Server] - 2026-07-24T12:05:08.564Z - Established a connection. Number of open connections: 4
[NX v23.1.0 Daemon Server] - 2026-07-24T12:05:08.564Z - Closed a connection. Number of open connections: 3
[NX v23.1.0 Daemon Client] - 2026-07-24T12:05:08.564Z - [Messenger] Sending message type: GET_CONFIGURE_AI_AGENTS_STATUS
[NX v23.1.0 Daemon Client] - 2026-07-24T12:05:08.564Z - [Messenger] Message sent
[NX v23.1.0 Daemon Server] - 2026-07-24T12:05:08.564Z - Received raw message of length 41
[NX v23.1.0 Daemon Server] - 2026-07-24T12:05:08.564Z - Received json message of type GET_CONFIGURE_AI_AGENTS_STATUS
[NX v23.1.0 Daemon Server] - 2026-07-24T12:05:08.564Z - [AI-AGENTS]: Returning cached agent configuration status
[NX v23.1.0 Daemon Server] - 2026-07-24T12:05:08.565Z - Serializing response for GET_CONFIGURE_AI_AGENTS_STATUS message in json mode
[NX v23.1.0 Daemon Server] - 2026-07-24T12:05:08.565Z - Responding to GET_CONFIGURE_AI_AGENTS_STATUS message
[NX v23.1.0 Daemon Server] - 2026-07-24T12:05:08.565Z - [REQUEST]: Responding to the client. handleGetConfigureAiAgentsStatus
[NX v23.1.0 Daemon Server] - 2026-07-24T12:05:08.565Z - Done responding to the client handleGetConfigureAiAgentsStatus
[NX v23.1.0 Daemon Server] - 2026-07-24T12:05:08.565Z - Handled json message GET_CONFIGURE_AI_AGENTS_STATUS. Handling time: 1. Response time: 0.
[NX v23.1.0 Daemon Client] - 2026-07-24T12:05:08.565Z - [Messenger] Received message, length: 441
[NX v23.1.0 Daemon Client] - 2026-07-24T12:05:08.568Z - [Messenger] Sending message type: POST_TASKS_EXECUTION
[NX v23.1.0 Daemon Client] - 2026-07-24T12:05:08.568Z - [Messenger] Message sent
[NX v23.1.0 Daemon Server] - 2026-07-24T12:05:08.568Z - Received raw message of length 3876
[NX v23.1.0 Daemon Server] - 2026-07-24T12:05:08.568Z - Received json message of type POST_TASKS_EXECUTION
[NX v23.1.0 Daemon Server] - 2026-07-24T12:05:08.568Z - Serializing response for POST_TASKS_EXECUTION message in json mode
[NX v23.1.0 Daemon Server] - 2026-07-24T12:05:08.568Z - Responding to POST_TASKS_EXECUTION message
[NX v23.1.0 Daemon Server] - 2026-07-24T12:05:08.568Z - [REQUEST]: Responding to the client. handleRunPostTasksExecution
[NX v23.1.0 Daemon Server] - 2026-07-24T12:05:08.568Z - Done responding to the client handleRunPostTasksExecution
[NX v23.1.0 Daemon Server] - 2026-07-24T12:05:08.568Z - Handled json message POST_TASKS_EXECUTION. Handling time: 0. Response time: 0.
[NX v23.1.0 Daemon Client] - 2026-07-24T12:05:08.568Z - [Messenger] Received message, length: 4
[NX v23.1.0 Daemon Server] - 2026-07-24T12:05:08.568Z - Time taken for 'postTasksExecution' 0.15004099998623133ms
[NX v23.1.0 Daemon Server] - 2026-07-24T12:05:08.576Z - Closed a connection. Number of open connections: 2

[7m[1m[38;5;214m NX [39m[22m[27m  [38;5;214mNx Cloud: Stored 10030652202844184849 /Users/paiva/git/beckerin/pixie-block/.nx/cache/terminalOutputs/10030652202844184849[39m

[NX v23.1.0 Daemon Server] - 2026-07-24T12:05:08.759Z - Done uploading file artifacts
[NX v23.1.0 Daemon Server] - 2026-07-24T12:05:08.759Z - Sending EndRun request
[Nx Cloud Debug] Attempting to acquire filesystem lock with path:  /Users/paiva/git/beckerin/pixie-block/.nx/cache/client-instance-id.lock
[Nx Cloud Debug] Failed to create folder lock at path: /Users/paiva/git/beckerin/pixie-block/.nx/cache/client-instance-id.lock
[Nx Cloud] Unable to detect a VCS context from the environment.

[7m[1m[38;5;214m NX [39m[22m[27m  [38;5;214mRunEnd. Completed tasks[39m


[
  "pixie-block:generate"
]

RunEnd duration: 117
[NX v23.1.0 Daemon Server] - 2026-07-24T12:05:08.877Z - Done sending EndRun request
[NX v23.1.0 Daemon Server] - 2026-07-24T12:06:21.455Z - Established a connection. Number of open connections: 3
[NX v23.1.0 Daemon Server] - 2026-07-24T12:06:21.455Z - Closed a connection. Number of open connections: 2
[NX v23.1.0 Daemon Server] - 2026-07-24T12:06:21.456Z - Established a connection. Number of open connections: 3
[NX v23.1.0 Daemon Server] - 2026-07-24T12:06:21.456Z - Closed a connection. Number of open connections: 2
[NX v23.1.0 Daemon Server] - 2026-07-24T12:06:21.456Z - Established a connection. Number of open connections: 3
[NX v23.1.0 Daemon Client] - 2026-07-24T12:06:21.456Z - [Messenger] Setting up socket listeners
[NX v23.1.0 Daemon Client] - 2026-07-24T12:06:21.457Z - [Messenger] listen() complete
[NX v23.1.0 Daemon Client] - 2026-07-24T12:06:21.464Z - [Messenger] Sending message type: GET_NX_CONSOLE_STATUS
[NX v23.1.0 Daemon Client] - 2026-07-24T12:06:21.465Z - [Messenger] Message sent
[NX v23.1.0 Daemon Server] - 2026-07-24T12:06:21.465Z - Received raw message of length 3279
[NX v23.1.0 Daemon Server] - 2026-07-24T12:06:21.466Z - Received json message of type GET_NX_CONSOLE_STATUS
[NX v23.1.0 Daemon Server] - 2026-07-24T12:06:21.466Z - Graph recompute necessary due to env variable refresh. Changed keys: PATH, XPC_SERVICE_NAME, STARSHIP_SESSION_KEY, NODE, INIT_CWD, COLOR, NX_CONSOLE
[NX v23.1.0 Daemon Server] - 2026-07-24T12:06:21.466Z - Serializing response for GET_NX_CONSOLE_STATUS message in json mode
[NX v23.1.0 Daemon Server] - 2026-07-24T12:06:21.466Z - Responding to GET_NX_CONSOLE_STATUS message
[NX v23.1.0 Daemon Server] - 2026-07-24T12:06:21.466Z - [REQUEST]: Responding to the client. handleGetNxConsoleStatus
[NX v23.1.0 Daemon Server] - 2026-07-24T12:06:21.466Z - Done responding to the client handleGetNxConsoleStatus
[NX v23.1.0 Daemon Server] - 2026-07-24T12:06:21.466Z - Handled json message GET_NX_CONSOLE_STATUS. Handling time: 0. Response time: 0.
[NX v23.1.0 Daemon Client] - 2026-07-24T12:06:21.466Z - [Messenger] Received message, length: 22
[NX v23.1.0 Daemon Client] - 2026-07-24T12:06:21.515Z - [Messenger] Sending message type: REQUEST_PROJECT_GRAPH
[NX v23.1.0 Daemon Client] - 2026-07-24T12:06:21.515Z - [Messenger] Message sent
[NX v23.1.0 Daemon Server] - 2026-07-24T12:06:21.515Z - Received raw message of length 32
[NX v23.1.0 Daemon Server] - 2026-07-24T12:06:21.515Z - Received json message of type REQUEST_PROJECT_GRAPH
[NX v23.1.0 Daemon Server] - 2026-07-24T12:06:21.516Z - [REQUEST]: Client Request for Project Graph Received
DEBUG nx::native::watch::watcher: force-flush END count=0 replies=1 elapsed=10.885291ms
[NX v23.1.0 Daemon Server] - 2026-07-24T12:06:21.527Z - No in-memory cached project graph found. Recomputing it...
[NX v23.1.0 Daemon Server] - 2026-07-24T12:06:21.527Z - [REQUEST]: Updated workspace context based on watched changes, recomputing project graph...
[NX v23.1.0 Daemon Server] - 2026-07-24T12:06:21.527Z - [REQUEST]: 
[NX v23.1.0 Daemon Server] - 2026-07-24T12:06:21.527Z - [REQUEST]: 
[NX v23.1.0 Daemon Server] - 2026-07-24T12:06:21.528Z - Streaming message to client: progress update for topic graph-construction
[plugin-client] restarting worker for "@nx-go/nx-go"
[NX v23.1.0 Daemon Client] - 2026-07-24T12:06:21.528Z - [Messenger] Received message, length: 47
[isolated-plugin] spawned worker for "@nx-go/nx-go" (pid: 10063, socket: /private/tmp/plugin7350-32-458040.415625.sock)
[plugin-client] restarting worker for "nx/js/dependencies-and-lockfile"
[isolated-plugin] spawned worker for "nx/js/dependencies-and-lockfile" (pid: 10064, socket: /private/tmp/plugin7350-33-458041.577209.sock)
[plugin-client] restarting worker for "nx/core/package-json"
[isolated-plugin] spawned worker for "nx/core/package-json" (pid: 10065, socket: /private/tmp/plugin7350-34-458042.150625.sock)
[plugin-client] restarting worker for "nx/core/project-json"
[isolated-plugin] spawned worker for "nx/core/project-json" (pid: 10066, socket: /private/tmp/plugin7350-35-458042.636375.sock)
[plugin-worker] "nx/js/dependencies-and-lockfile" (pid: 10064) listening on /private/tmp/plugin7350-33-458041.577209.sock
[isolated-plugin] connected to worker for "nx/js/dependencies-and-lockfile" (pid: 10064)
[NX v23.1.0 Daemon Server] - 2026-07-24T12:06:21.668Z - Time taken for 'start-plugin-worker:nx/js/dependencies-and-lockfile' 138.28387500002282ms
Time taken for 'plugin worker 10064 code loading' 99.912042ms
[plugin-worker] "nx/js/dependencies-and-lockfile" (pid: 10064) connected
[plugin-worker] "nx/core/project-json" (pid: 10066) listening on /private/tmp/plugin7350-35-458042.636375.sock
Time taken for 'plugin worker 10066 code loading' 103.33754099999999ms
[plugin-worker] "nx/core/package-json" (pid: 10065) listening on /private/tmp/plugin7350-34-458042.150625.sock
Time taken for 'plugin worker 10065 code loading' 101.951666ms
[plugin-worker] "@nx-go/nx-go" (pid: 10063) listening on /private/tmp/plugin7350-32-458040.415625.sock
Time taken for 'plugin worker 10063 code loading' 109.245917ms
[isolated-plugin] connected to worker for "@nx-go/nx-go" (pid: 10063)
[isolated-plugin] connected to worker for "nx/core/package-json" (pid: 10065)
[isolated-plugin] connected to worker for "nx/core/project-json" (pid: 10066)
[NX v23.1.0 Daemon Server] - 2026-07-24T12:06:21.679Z - Time taken for 'start-plugin-worker:@nx-go/nx-go' 150.14325000002282ms
[NX v23.1.0 Daemon Server] - 2026-07-24T12:06:21.679Z - Time taken for 'start-plugin-worker:nx/core/package-json' 148.59783300000709ms
[NX v23.1.0 Daemon Server] - 2026-07-24T12:06:21.679Z - Time taken for 'start-plugin-worker:nx/core/project-json' 148.24808300001314ms
[plugin-worker] "@nx-go/nx-go" (pid: 10063) connected
[plugin-worker] "nx/core/project-json" (pid: 10066) connected
[plugin-worker] "nx/core/project-json" (pid: 10066) loaded successfully
[plugin-worker] "nx/core/package-json" (pid: 10065) connected
[plugin-worker] "nx/js/dependencies-and-lockfile" (pid: 10064) loaded successfully
[isolated-plugin] shutting down worker for "nx/core/project-json" after createNodes
[NX v23.1.0 Daemon Server] - 2026-07-24T12:06:21.684Z - Streaming message to client: progress update for topic graph-construction
[NX v23.1.0 Daemon Client] - 2026-07-24T12:06:21.684Z - [Messenger] Received message, length: 171
[plugin-worker] "nx/core/package-json" (pid: 10065) loaded successfully
[isolated-plugin] shutting down worker for "nx/core/package-json" after createNodes
[NX v23.1.0 Daemon Server] - 2026-07-24T12:06:21.689Z - Streaming message to client: progress update for topic graph-construction
Time taken for 'nx/js/dependencies-and-lockfile:createNodes' 1.9815420000000188ms
[NX v23.1.0 Daemon Client] - 2026-07-24T12:06:21.689Z - [Messenger] Received message, length: 145
[NX v23.1.0 Daemon Server] - 2026-07-24T12:06:21.690Z - Streaming message to client: progress update for topic graph-construction
[NX v23.1.0 Daemon Client] - 2026-07-24T12:06:21.690Z - [Messenger] Received message, length: 93
[plugin-worker] "@nx-go/nx-go" (pid: 10063) loaded successfully
[NX v23.1.0 Daemon Server] - 2026-07-24T12:06:21.730Z - Streaming message to client: progress update for topic graph-construction
[NX v23.1.0 Daemon Client] - 2026-07-24T12:06:21.730Z - [Messenger] Received message, length: 47
[NX v23.1.0 Daemon Server] - 2026-07-24T12:06:21.731Z - Streaming message to client: progress update for topic graph-construction
[NX v23.1.0 Daemon Client] - 2026-07-24T12:06:21.731Z - [Messenger] Received message, length: 47
[NX v23.1.0 Daemon Server] - 2026-07-24T12:06:21.731Z - Time taken for 'build-project-configs' 202.19758400000865ms
[NX v23.1.0 Daemon Server] - 2026-07-24T12:06:21.731Z - Time taken for 'createNodes:merge' 0.28833300003316253ms
Time taken for '@nx-go/nx-go:createNodes' 0.43362500000000637ms
Time taken for 'build typescript dependencies' 0.0917919999999981ms
[isolated-plugin] shutting down worker for "nx/js/dependencies-and-lockfile" after createDependencies
[NX v23.1.0 Daemon Server] - 2026-07-24T12:06:21.989Z - Streaming message to client: progress update for topic graph-construction
[NX v23.1.0 Daemon Client] - 2026-07-24T12:06:21.990Z - [Messenger] Received message, length: 100
[NX v23.1.0 Daemon Server] - 2026-07-24T12:06:21.990Z - Time taken for 'nx/js/dependencies-and-lockfile:createDependencies' 259.29329200001666ms
[isolated-plugin] shutting down worker for "@nx-go/nx-go" after createDependencies
[NX v23.1.0 Daemon Server] - 2026-07-24T12:06:22.010Z - Streaming message to client: progress update for topic graph-construction
[NX v23.1.0 Daemon Client] - 2026-07-24T12:06:22.010Z - [Messenger] Received message, length: 47
[NX v23.1.0 Daemon Server] - 2026-07-24T12:06:22.010Z - [SYNC]: collect registered sync generators
[NX v23.1.0 Daemon Server] - 2026-07-24T12:06:22.010Z - [SYNC]: project graph hash is the same, not collecting task sync generators
[NX v23.1.0 Daemon Server] - 2026-07-24T12:06:22.010Z - [SYNC]: nx.json hash is the same, not collecting global sync generators
[NX v23.1.0 Daemon Server] - 2026-07-24T12:06:22.012Z - Wrote project graph cache to /Users/paiva/git/beckerin/pixie-block/.nx/workspace-data/project-graph.json
[NX v23.1.0 Daemon Server] - 2026-07-24T12:06:22.012Z - Serializing response for PROJECT_GRAPH_UPDATED message in json mode
[NX v23.1.0 Daemon Server] - 2026-07-24T12:06:22.012Z - Responding to PROJECT_GRAPH_UPDATED message
[NX v23.1.0 Daemon Server] - 2026-07-24T12:06:22.012Z - [REQUEST]: Responding to the client. Project graph updated
[NX v23.1.0 Daemon Server] - 2026-07-24T12:06:22.012Z - Serializing response for REQUEST_PROJECT_GRAPH message in json mode
[NX v23.1.0 Daemon Server] - 2026-07-24T12:06:22.012Z - Responding to REQUEST_PROJECT_GRAPH message
[NX v23.1.0 Daemon Server] - 2026-07-24T12:06:22.012Z - [REQUEST]: Responding to the client. project-graph
[NX v23.1.0 Daemon Server] - 2026-07-24T12:06:22.012Z - Time taken for 'total for creating and serializing project graph' 496.72775000002ms
[NX v23.1.0 Daemon Server] - 2026-07-24T12:06:22.012Z - Time taken for 'total execution time for createProjectGraph()' 279.8928329999908ms
[NX v23.1.0 Daemon Server] - 2026-07-24T12:06:22.012Z - Time taken for 'createDependencies' 279.219207999995ms
[NX v23.1.0 Daemon Server] - 2026-07-24T12:06:22.012Z - Time taken for '@nx-go/nx-go:createDependencies' 279.12504099996295ms
[NX v23.1.0 Daemon Server] - 2026-07-24T12:06:22.012Z - Time taken for 'createMetadata' 0.13499999995110556ms
[NX v23.1.0 Daemon Server] - 2026-07-24T12:06:22.012Z - Time taken for 'serialize graph' 0.15370800002710894ms
[NX v23.1.0 Daemon Server] - 2026-07-24T12:06:22.012Z - Time taken for 'write cache' 1.552332999999635ms
[NX v23.1.0 Daemon Server] - 2026-07-24T12:06:22.013Z - Done responding to the client Project graph updated
[NX v23.1.0 Daemon Server] - 2026-07-24T12:06:22.013Z - Handled json message PROJECT_GRAPH_UPDATED. Handling time: 2. Response time: 1.
[NX v23.1.0 Daemon Server] - 2026-07-24T12:06:22.013Z - Done responding to the client project-graph
[NX v23.1.0 Daemon Server] - 2026-07-24T12:06:22.013Z - Handled json message REQUEST_PROJECT_GRAPH. Handling time: 496. Response time: 1.
[NX v23.1.0 Daemon Client] - 2026-07-24T12:06:22.013Z - [Messenger] Received message, length: 53582
[NX v23.1.0 Daemon Client] - 2026-07-24T12:06:22.013Z - [Messenger] Received message, length: 53589
[NX v23.1.0 Daemon Server] - 2026-07-24T12:06:22.014Z - Closed a connection. Number of open connections: 2
DEBUG nx::native::telemetry::service: Sent 1 events: [nx/js/dependencies-and-lockfile:createDe]
DEBUG nx::native::telemetry::service: Sent 1 events: [@nx-go/nx-go:createDependencies]
[NX v23.1.0 Daemon Server] - 2026-07-24T12:06:23.019Z - Established a connection. Number of open connections: 3
[NX v23.1.0 Daemon Client] - 2026-07-24T12:06:23.019Z - [Messenger] Sending message type: GET_CONTEXT_FILE_DATA
[NX v23.1.0 Daemon Client] - 2026-07-24T12:06:23.019Z - [Messenger] Message sent
[NX v23.1.0 Daemon Server] - 2026-07-24T12:06:23.019Z - Received raw message of length 32
[NX v23.1.0 Daemon Server] - 2026-07-24T12:06:23.019Z - Received json message of type GET_CONTEXT_FILE_DATA
[NX v23.1.0 Daemon Server] - 2026-07-24T12:06:23.019Z - Serializing response for GET_CONTEXT_FILE_DATA message in json mode
[NX v23.1.0 Daemon Server] - 2026-07-24T12:06:23.019Z - Responding to GET_CONTEXT_FILE_DATA message
[NX v23.1.0 Daemon Server] - 2026-07-24T12:06:23.019Z - [REQUEST]: Responding to the client. handleContextFileData
[NX v23.1.0 Daemon Server] - 2026-07-24T12:06:23.019Z - Done responding to the client handleContextFileData
[NX v23.1.0 Daemon Server] - 2026-07-24T12:06:23.020Z - Handled json message GET_CONTEXT_FILE_DATA. Handling time: 0. Response time: 1.
[NX v23.1.0 Daemon Client] - 2026-07-24T12:06:23.020Z - [Messenger] Received message, length: 4133
[NX v23.1.0 Daemon Server] - 2026-07-24T12:06:23.020Z - Closed a connection. Number of open connections: 2
[NX v23.1.0 Daemon Client] - 2026-07-24T12:06:23.038Z - [ProjectGraphListener] Socket closed, triggering reconnection
[NX v23.1.0 Daemon Server] - 2026-07-24T12:06:23.038Z - Closed a connection. Number of open connections: 1
[NX v23.1.0 Daemon Server] - 2026-07-24T12:06:23.039Z - Established a connection. Number of open connections: 2
[NX v23.1.0 Daemon Client] - 2026-07-24T12:06:23.039Z - [Messenger] Setting up socket listeners
[NX v23.1.0 Daemon Client] - 2026-07-24T12:06:23.039Z - [Messenger] listen() complete
[NX v23.1.0 Daemon Server] - 2026-07-24T12:06:23.039Z - Established a connection. Number of open connections: 3
[NX v23.1.0 Daemon Client] - 2026-07-24T12:06:23.039Z - [Messenger] Sending message type: REGISTER_PROJECT_GRAPH_LISTENER
[NX v23.1.0 Daemon Client] - 2026-07-24T12:06:23.039Z - [Messenger] Message sent
[NX v23.1.0 Daemon Server] - 2026-07-24T12:06:23.039Z - Closed a connection. Number of open connections: 2
[NX v23.1.0 Daemon Server] - 2026-07-24T12:06:23.039Z - Received raw message of length 42
[NX v23.1.0 Daemon Server] - 2026-07-24T12:06:23.039Z - Received json message of type REGISTER_PROJECT_GRAPH_LISTENER
[NX v23.1.0 Daemon Server] - 2026-07-24T12:06:30.812Z - Established a connection. Number of open connections: 3
[NX v23.1.0 Daemon Server] - 2026-07-24T12:06:30.812Z - Closed a connection. Number of open connections: 2
[NX v23.1.0 Daemon Server] - 2026-07-24T12:06:30.812Z - Established a connection. Number of open connections: 3
[NX v23.1.0 Daemon Server] - 2026-07-24T12:06:30.812Z - Closed a connection. Number of open connections: 2
[NX v23.1.0 Daemon Server] - 2026-07-24T12:06:30.812Z - Established a connection. Number of open connections: 3
[NX v23.1.0 Daemon Client] - 2026-07-24T12:06:30.813Z - [Messenger] Setting up socket listeners
[NX v23.1.0 Daemon Client] - 2026-07-24T12:06:30.813Z - [Messenger] listen() complete
[NX v23.1.0 Daemon Client] - 2026-07-24T12:06:30.820Z - [Messenger] Sending message type: GET_NX_CONSOLE_STATUS
[NX v23.1.0 Daemon Client] - 2026-07-24T12:06:30.821Z - [Messenger] Message sent
[NX v23.1.0 Daemon Server] - 2026-07-24T12:06:30.821Z - Received raw message of length 3279
[NX v23.1.0 Daemon Server] - 2026-07-24T12:06:30.821Z - Received json message of type GET_NX_CONSOLE_STATUS
[NX v23.1.0 Daemon Server] - 2026-07-24T12:06:30.821Z - Serializing response for GET_NX_CONSOLE_STATUS message in json mode
[NX v23.1.0 Daemon Server] - 2026-07-24T12:06:30.821Z - Responding to GET_NX_CONSOLE_STATUS message
[NX v23.1.0 Daemon Server] - 2026-07-24T12:06:30.821Z - [REQUEST]: Responding to the client. handleGetNxConsoleStatus
[NX v23.1.0 Daemon Server] - 2026-07-24T12:06:30.822Z - Done responding to the client handleGetNxConsoleStatus
[NX v23.1.0 Daemon Server] - 2026-07-24T12:06:30.822Z - Handled json message GET_NX_CONSOLE_STATUS. Handling time: 0. Response time: 1.
[NX v23.1.0 Daemon Client] - 2026-07-24T12:06:30.822Z - [Messenger] Received message, length: 22
[NX v23.1.0 Daemon Client] - 2026-07-24T12:06:30.853Z - [Messenger] Sending message type: REQUEST_PROJECT_GRAPH
[NX v23.1.0 Daemon Client] - 2026-07-24T12:06:30.853Z - [Messenger] Message sent
[NX v23.1.0 Daemon Server] - 2026-07-24T12:06:30.853Z - Received raw message of length 32
[NX v23.1.0 Daemon Server] - 2026-07-24T12:06:30.853Z - Received json message of type REQUEST_PROJECT_GRAPH
[NX v23.1.0 Daemon Server] - 2026-07-24T12:06:30.853Z - [REQUEST]: Client Request for Project Graph Received
DEBUG nx::native::watch::watcher: force-flush END count=0 replies=1 elapsed=10.420125ms
[NX v23.1.0 Daemon Server] - 2026-07-24T12:06:30.864Z - Reusing in-memory cached project graph because no files changed.
[NX v23.1.0 Daemon Server] - 2026-07-24T12:06:30.864Z - Serializing response for REQUEST_PROJECT_GRAPH message in json mode
[NX v23.1.0 Daemon Server] - 2026-07-24T12:06:30.864Z - Responding to REQUEST_PROJECT_GRAPH message
[NX v23.1.0 Daemon Server] - 2026-07-24T12:06:30.864Z - [REQUEST]: Responding to the client. project-graph
[NX v23.1.0 Daemon Server] - 2026-07-24T12:06:30.864Z - Time taken for 'total for creating and serializing project graph' 10.672374999965541ms
[NX v23.1.0 Daemon Server] - 2026-07-24T12:06:30.864Z - Done responding to the client project-graph
[NX v23.1.0 Daemon Server] - 2026-07-24T12:06:30.864Z - Handled json message REQUEST_PROJECT_GRAPH. Handling time: 11. Response time: 0.
[NX v23.1.0 Daemon Client] - 2026-07-24T12:06:30.864Z - [Messenger] Received message, length: 53589
[NX v23.1.0 Daemon Server] - 2026-07-24T12:06:30.866Z - Closed a connection. Number of open connections: 2
DEBUG nx::native::watch::watcher: idle-window emitting events count=1
DEBUG nx::native::watch::watcher:   [update] pixie-block/project.json
DEBUG nx::native::watch::watcher: idle-window emitting events count=1
DEBUG nx::native::watch::watcher:   [update] pixie-block/project.json
[NX v23.1.0 Daemon Server] - 2026-07-24T12:07:09.973Z - [WATCHER]: pixie-block/project.json was modified
[NX v23.1.0 Daemon Server] - 2026-07-24T12:07:09.973Z - [WATCHER]: [watcher] routeWorkspaceChanges batch: 1 events: update:pixie-block/project.json
[NX v23.1.0 Daemon Server] - 2026-07-24T12:07:09.973Z - [WATCHER]: File changes detected:
Created:
(none)
Updated:
  - pixie-block/project.json
Deleted:
(none)
[NX v23.1.0 Daemon Server] - 2026-07-24T12:07:09.974Z - [SYNC]: clearing sync generators cache due to file changes
[NX v23.1.0 Daemon Server] - 2026-07-24T12:07:09.974Z - [REQUEST]: Updated workspace context based on watched changes, recomputing project graph...
[NX v23.1.0 Daemon Server] - 2026-07-24T12:07:09.974Z - [REQUEST]: pixie-block/project.json
[NX v23.1.0 Daemon Server] - 2026-07-24T12:07:09.974Z - [REQUEST]: 
[plugin-client] restarting worker for "@nx-go/nx-go"
[isolated-plugin] spawned worker for "@nx-go/nx-go" (pid: 10292, socket: /private/tmp/plugin7350-36-506486.496834.sock)
[plugin-client] restarting worker for "nx/js/dependencies-and-lockfile"
[isolated-plugin] spawned worker for "nx/js/dependencies-and-lockfile" (pid: 10293, socket: /private/tmp/plugin7350-37-506487.417459.sock)
[plugin-client] restarting worker for "nx/core/package-json"
[isolated-plugin] spawned worker for "nx/core/package-json" (pid: 10294, socket: /private/tmp/plugin7350-38-506487.9855.sock)
[plugin-client] restarting worker for "nx/core/project-json"
[isolated-plugin] spawned worker for "nx/core/project-json" (pid: 10295, socket: /private/tmp/plugin7350-39-506488.509375.sock)
[NX v23.1.0 Daemon Server] - 2026-07-24T12:07:09.977Z - [WATCHER]: Processing file changes in outputs
[NX v23.1.0 Daemon Server] - 2026-07-24T12:07:09.977Z - Time taken for 'hash changed files from watcher' 0.1478750000242144ms
[plugin-worker] "nx/js/dependencies-and-lockfile" (pid: 10293) listening on /private/tmp/plugin7350-37-506487.417459.sock
[plugin-worker] "nx/core/project-json" (pid: 10295) listening on /private/tmp/plugin7350-39-506488.509375.sock
[plugin-worker] "nx/core/package-json" (pid: 10294) listening on /private/tmp/plugin7350-38-506487.9855.sock
[plugin-worker] "@nx-go/nx-go" (pid: 10292) listening on /private/tmp/plugin7350-36-506486.496834.sock
Time taken for 'plugin worker 10293 code loading' 191.425833ms
Time taken for 'plugin worker 10294 code loading' 191.452125ms
Time taken for 'plugin worker 10295 code loading' 191.47691600000002ms
[isolated-plugin] connected to worker for "@nx-go/nx-go" (pid: 10292)
[isolated-plugin] connected to worker for "nx/js/dependencies-and-lockfile" (pid: 10293)
[isolated-plugin] connected to worker for "nx/core/package-json" (pid: 10294)
[isolated-plugin] connected to worker for "nx/core/project-json" (pid: 10295)
[NX v23.1.0 Daemon Server] - 2026-07-24T12:07:10.219Z - Time taken for 'start-plugin-worker:@nx-go/nx-go' 240.19041699997615ms
[NX v23.1.0 Daemon Server] - 2026-07-24T12:07:10.219Z - Time taken for 'start-plugin-worker:nx/js/dependencies-and-lockfile' 239.9796249999781ms
[NX v23.1.0 Daemon Server] - 2026-07-24T12:07:10.219Z - Time taken for 'start-plugin-worker:nx/core/package-json' 239.6655000000028ms
[NX v23.1.0 Daemon Server] - 2026-07-24T12:07:10.219Z - Time taken for 'start-plugin-worker:nx/core/project-json' 239.4058340000338ms
[plugin-worker] "nx/core/project-json" (pid: 10295) connected
[plugin-worker] "nx/js/dependencies-and-lockfile" (pid: 10293) connected
Time taken for 'plugin worker 10292 code loading' 191.59825ms
[plugin-worker] "@nx-go/nx-go" (pid: 10292) connected
[plugin-worker] "nx/core/package-json" (pid: 10294) connected
[plugin-worker] "nx/core/package-json" (pid: 10294) loaded successfully
[plugin-worker] "nx/core/project-json" (pid: 10295) loaded successfully
[isolated-plugin] shutting down worker for "nx/core/project-json" after createNodes
[isolated-plugin] shutting down worker for "nx/core/package-json" after createNodes
[plugin-worker] "nx/js/dependencies-and-lockfile" (pid: 10293) loaded successfully
Time taken for 'nx/js/dependencies-and-lockfile:createNodes' 2.687833999999981ms
[plugin-worker] "@nx-go/nx-go" (pid: 10292) loaded successfully
[NX v23.1.0 Daemon Server] - 2026-07-24T12:07:10.296Z - Time taken for 'build-project-configs' 319.2122499999823ms
[NX v23.1.0 Daemon Server] - 2026-07-24T12:07:10.296Z - Time taken for 'createNodes:merge' 0.932874999998603ms
[NX v23.1.0 Daemon Server] - 2026-07-24T12:07:10.296Z - Time taken for 'native-file-deps' 0.0019169999868609011ms
[NX v23.1.0 Daemon Server] - 2026-07-24T12:07:10.296Z - Time taken for 'get-workspace-files' 0.35683400003472343ms
Time taken for '@nx-go/nx-go:createNodes' 0.4191250000000082ms
Time taken for 'build typescript dependencies' 0.5311659999999847ms
[isolated-plugin] shutting down worker for "nx/js/dependencies-and-lockfile" after createDependencies
[NX v23.1.0 Daemon Server] - 2026-07-24T12:07:10.598Z - Time taken for 'nx/js/dependencies-and-lockfile:createDependencies' 303.04649999999674ms
[isolated-plugin] shutting down worker for "@nx-go/nx-go" after createDependencies
[NX v23.1.0 Daemon Server] - 2026-07-24T12:07:10.610Z - [SYNC]: collect registered sync generators
[NX v23.1.0 Daemon Server] - 2026-07-24T12:07:10.610Z - [SYNC]: nx.json hash is the same, not collecting global sync generators
[NX v23.1.0 Daemon Server] - 2026-07-24T12:07:10.612Z - Wrote project graph cache to /Users/paiva/git/beckerin/pixie-block/.nx/workspace-data/project-graph.json
[NX v23.1.0 Daemon Server] - 2026-07-24T12:07:10.612Z - Serializing response for PROJECT_GRAPH_UPDATED message in json mode
[NX v23.1.0 Daemon Server] - 2026-07-24T12:07:10.612Z - Responding to PROJECT_GRAPH_UPDATED message
[NX v23.1.0 Daemon Server] - 2026-07-24T12:07:10.612Z - [REQUEST]: Responding to the client. Project graph updated
[NX v23.1.0 Daemon Server] - 2026-07-24T12:07:10.612Z - Time taken for 'total execution time for createProjectGraph()' 316.0407089999644ms
[NX v23.1.0 Daemon Server] - 2026-07-24T12:07:10.612Z - Time taken for 'createDependencies' 315.2442499999888ms
[NX v23.1.0 Daemon Server] - 2026-07-24T12:07:10.612Z - Time taken for '@nx-go/nx-go:createDependencies' 315.1624159999774ms
[NX v23.1.0 Daemon Server] - 2026-07-24T12:07:10.612Z - Time taken for 'createMetadata' 0.007958000001963228ms
[NX v23.1.0 Daemon Server] - 2026-07-24T12:07:10.612Z - Time taken for 'serialize graph' 0.15979199996218085ms
[NX v23.1.0 Daemon Server] - 2026-07-24T12:07:10.612Z - Time taken for 'write cache' 1.5456660000490956ms
[NX v23.1.0 Daemon Server] - 2026-07-24T12:07:10.613Z - Done responding to the client Project graph updated
[NX v23.1.0 Daemon Server] - 2026-07-24T12:07:10.613Z - Handled json message PROJECT_GRAPH_UPDATED. Handling time: 2. Response time: 1.
[NX v23.1.0 Daemon Client] - 2026-07-24T12:07:10.613Z - [Messenger] Received message, length: 54003
DEBUG nx::native::telemetry::service: Sent 1 events: [nx/js/dependencies-and-lockfile:createDe]
DEBUG nx::native::telemetry::service: Sent 1 events: [@nx-go/nx-go:createDependencies]
[NX v23.1.0 Daemon Client] - 2026-07-24T12:07:11.616Z - [Messenger] Sending message type: GET_CONTEXT_FILE_DATA
[NX v23.1.0 Daemon Client] - 2026-07-24T12:07:11.616Z - [Messenger] Message sent
[NX v23.1.0 Daemon Server] - 2026-07-24T12:07:11.616Z - Established a connection. Number of open connections: 3
[NX v23.1.0 Daemon Server] - 2026-07-24T12:07:11.616Z - Received raw message of length 32
[NX v23.1.0 Daemon Server] - 2026-07-24T12:07:11.616Z - Received json message of type GET_CONTEXT_FILE_DATA
[NX v23.1.0 Daemon Server] - 2026-07-24T12:07:11.617Z - Serializing response for GET_CONTEXT_FILE_DATA message in json mode
[NX v23.1.0 Daemon Server] - 2026-07-24T12:07:11.617Z - Responding to GET_CONTEXT_FILE_DATA message
[NX v23.1.0 Daemon Server] - 2026-07-24T12:07:11.617Z - [REQUEST]: Responding to the client. handleContextFileData
[NX v23.1.0 Daemon Server] - 2026-07-24T12:07:11.617Z - Done responding to the client handleContextFileData
[NX v23.1.0 Daemon Server] - 2026-07-24T12:07:11.617Z - Handled json message GET_CONTEXT_FILE_DATA. Handling time: 1. Response time: 0.
[NX v23.1.0 Daemon Client] - 2026-07-24T12:07:11.617Z - [Messenger] Received message, length: 4133
[NX v23.1.0 Daemon Server] - 2026-07-24T12:07:11.617Z - Closed a connection. Number of open connections: 2
[NX v23.1.0 Daemon Client] - 2026-07-24T12:07:11.635Z - [ProjectGraphListener] Socket closed, triggering reconnection
[NX v23.1.0 Daemon Server] - 2026-07-24T12:07:11.635Z - Closed a connection. Number of open connections: 1
[NX v23.1.0 Daemon Server] - 2026-07-24T12:07:11.636Z - Established a connection. Number of open connections: 2
[NX v23.1.0 Daemon Client] - 2026-07-24T12:07:11.636Z - [Messenger] Setting up socket listeners
[NX v23.1.0 Daemon Client] - 2026-07-24T12:07:11.636Z - [Messenger] listen() complete
[NX v23.1.0 Daemon Client] - 2026-07-24T12:07:11.636Z - [Messenger] Sending message type: REGISTER_PROJECT_GRAPH_LISTENER
[NX v23.1.0 Daemon Server] - 2026-07-24T12:07:11.636Z - Established a connection. Number of open connections: 3
[NX v23.1.0 Daemon Client] - 2026-07-24T12:07:11.636Z - [Messenger] Message sent
[NX v23.1.0 Daemon Server] - 2026-07-24T12:07:11.636Z - Closed a connection. Number of open connections: 2
[NX v23.1.0 Daemon Server] - 2026-07-24T12:07:11.636Z - Received raw message of length 42
[NX v23.1.0 Daemon Server] - 2026-07-24T12:07:11.636Z - Received json message of type REGISTER_PROJECT_GRAPH_LISTENER
[NX v23.1.0 Daemon Server] - 2026-07-24T12:07:11.712Z - Established a connection. Number of open connections: 3
[NX v23.1.0 Daemon Server] - 2026-07-24T12:07:11.712Z - Closed a connection. Number of open connections: 2
[NX v23.1.0 Daemon Server] - 2026-07-24T12:07:11.712Z - Established a connection. Number of open connections: 3
[NX v23.1.0 Daemon Server] - 2026-07-24T12:07:11.712Z - Closed a connection. Number of open connections: 2
[NX v23.1.0 Daemon Server] - 2026-07-24T12:07:11.713Z - Established a connection. Number of open connections: 3
[NX v23.1.0 Daemon Client] - 2026-07-24T12:07:11.713Z - [Messenger] Setting up socket listeners
[NX v23.1.0 Daemon Client] - 2026-07-24T12:07:11.713Z - [Messenger] listen() complete
[NX v23.1.0 Daemon Client] - 2026-07-24T12:07:11.721Z - [Messenger] Sending message type: GET_NX_CONSOLE_STATUS
[NX v23.1.0 Daemon Client] - 2026-07-24T12:07:11.721Z - [Messenger] Message sent
[NX v23.1.0 Daemon Server] - 2026-07-24T12:07:11.721Z - Received raw message of length 3279
[NX v23.1.0 Daemon Server] - 2026-07-24T12:07:11.722Z - Received json message of type GET_NX_CONSOLE_STATUS
[NX v23.1.0 Daemon Server] - 2026-07-24T12:07:11.722Z - Serializing response for GET_NX_CONSOLE_STATUS message in json mode
[NX v23.1.0 Daemon Server] - 2026-07-24T12:07:11.722Z - Responding to GET_NX_CONSOLE_STATUS message
[NX v23.1.0 Daemon Server] - 2026-07-24T12:07:11.722Z - [REQUEST]: Responding to the client. handleGetNxConsoleStatus
[NX v23.1.0 Daemon Server] - 2026-07-24T12:07:11.722Z - Done responding to the client handleGetNxConsoleStatus
[NX v23.1.0 Daemon Server] - 2026-07-24T12:07:11.722Z - Handled json message GET_NX_CONSOLE_STATUS. Handling time: 0. Response time: 0.
[NX v23.1.0 Daemon Client] - 2026-07-24T12:07:11.722Z - [Messenger] Received message, length: 22
[NX v23.1.0 Daemon Client] - 2026-07-24T12:07:11.757Z - [Messenger] Sending message type: REQUEST_PROJECT_GRAPH
[NX v23.1.0 Daemon Client] - 2026-07-24T12:07:11.757Z - [Messenger] Message sent
[NX v23.1.0 Daemon Server] - 2026-07-24T12:07:11.757Z - Received raw message of length 32
[NX v23.1.0 Daemon Server] - 2026-07-24T12:07:11.757Z - Received json message of type REQUEST_PROJECT_GRAPH
[NX v23.1.0 Daemon Server] - 2026-07-24T12:07:11.757Z - [REQUEST]: Client Request for Project Graph Received
DEBUG nx::native::watch::watcher: force-flush END count=0 replies=1 elapsed=10.298625ms
[NX v23.1.0 Daemon Server] - 2026-07-24T12:07:11.768Z - Reusing in-memory cached project graph because no files changed.
[NX v23.1.0 Daemon Server] - 2026-07-24T12:07:11.768Z - Serializing response for REQUEST_PROJECT_GRAPH message in json mode
[NX v23.1.0 Daemon Server] - 2026-07-24T12:07:11.768Z - Responding to REQUEST_PROJECT_GRAPH message
[NX v23.1.0 Daemon Server] - 2026-07-24T12:07:11.768Z - [REQUEST]: Responding to the client. project-graph
[NX v23.1.0 Daemon Server] - 2026-07-24T12:07:11.768Z - Time taken for 'total for creating and serializing project graph' 10.51487499999348ms
[NX v23.1.0 Daemon Server] - 2026-07-24T12:07:11.768Z - Done responding to the client project-graph
[NX v23.1.0 Daemon Server] - 2026-07-24T12:07:11.768Z - Handled json message REQUEST_PROJECT_GRAPH. Handling time: 11. Response time: 0.
[NX v23.1.0 Daemon Client] - 2026-07-24T12:07:11.768Z - [Messenger] Received message, length: 54010
[NX v23.1.0 Daemon Server] - 2026-07-24T12:07:11.770Z - Closed a connection. Number of open connections: 2
[NX v23.1.0 Daemon Server] - 2026-07-24T12:07:15.287Z - Established a connection. Number of open connections: 3
[NX v23.1.0 Daemon Server] - 2026-07-24T12:07:15.287Z - Closed a connection. Number of open connections: 2
[NX v23.1.0 Daemon Server] - 2026-07-24T12:07:15.288Z - Established a connection. Number of open connections: 3
[NX v23.1.0 Daemon Server] - 2026-07-24T12:07:15.288Z - Closed a connection. Number of open connections: 2
[NX v23.1.0 Daemon Server] - 2026-07-24T12:07:15.288Z - Established a connection. Number of open connections: 3
[NX v23.1.0 Daemon Client] - 2026-07-24T12:07:15.288Z - [Messenger] Setting up socket listeners
[NX v23.1.0 Daemon Client] - 2026-07-24T12:07:15.289Z - [Messenger] listen() complete
[NX v23.1.0 Daemon Client] - 2026-07-24T12:07:15.297Z - [Messenger] Sending message type: GET_NX_CONSOLE_STATUS
[NX v23.1.0 Daemon Client] - 2026-07-24T12:07:15.297Z - [Messenger] Message sent
[NX v23.1.0 Daemon Server] - 2026-07-24T12:07:15.298Z - Received raw message of length 3279
[NX v23.1.0 Daemon Server] - 2026-07-24T12:07:15.298Z - Received json message of type GET_NX_CONSOLE_STATUS
[NX v23.1.0 Daemon Server] - 2026-07-24T12:07:15.298Z - Serializing response for GET_NX_CONSOLE_STATUS message in json mode
[NX v23.1.0 Daemon Server] - 2026-07-24T12:07:15.298Z - Responding to GET_NX_CONSOLE_STATUS message
[NX v23.1.0 Daemon Server] - 2026-07-24T12:07:15.298Z - [REQUEST]: Responding to the client. handleGetNxConsoleStatus
[NX v23.1.0 Daemon Server] - 2026-07-24T12:07:15.298Z - Done responding to the client handleGetNxConsoleStatus
[NX v23.1.0 Daemon Server] - 2026-07-24T12:07:15.298Z - Handled json message GET_NX_CONSOLE_STATUS. Handling time: 0. Response time: 0.
[NX v23.1.0 Daemon Client] - 2026-07-24T12:07:15.298Z - [Messenger] Received message, length: 22
[NX v23.1.0 Daemon Client] - 2026-07-24T12:07:15.330Z - [Messenger] Sending message type: REQUEST_PROJECT_GRAPH
[NX v23.1.0 Daemon Client] - 2026-07-24T12:07:15.330Z - [Messenger] Message sent
[NX v23.1.0 Daemon Server] - 2026-07-24T12:07:15.330Z - Received raw message of length 32
[NX v23.1.0 Daemon Server] - 2026-07-24T12:07:15.330Z - Received json message of type REQUEST_PROJECT_GRAPH
[NX v23.1.0 Daemon Server] - 2026-07-24T12:07:15.330Z - [REQUEST]: Client Request for Project Graph Received
DEBUG nx::native::watch::watcher: force-flush END count=0 replies=1 elapsed=983µs
[NX v23.1.0 Daemon Server] - 2026-07-24T12:07:15.331Z - Reusing in-memory cached project graph because no files changed.
[NX v23.1.0 Daemon Server] - 2026-07-24T12:07:15.332Z - Serializing response for REQUEST_PROJECT_GRAPH message in json mode
[NX v23.1.0 Daemon Server] - 2026-07-24T12:07:15.332Z - Responding to REQUEST_PROJECT_GRAPH message
[NX v23.1.0 Daemon Server] - 2026-07-24T12:07:15.332Z - [REQUEST]: Responding to the client. project-graph
[NX v23.1.0 Daemon Server] - 2026-07-24T12:07:15.332Z - Time taken for 'total for creating and serializing project graph' 1.3605419999803416ms
[NX v23.1.0 Daemon Server] - 2026-07-24T12:07:15.332Z - Done responding to the client project-graph
[NX v23.1.0 Daemon Server] - 2026-07-24T12:07:15.332Z - Handled json message REQUEST_PROJECT_GRAPH. Handling time: 2. Response time: 0.
[NX v23.1.0 Daemon Client] - 2026-07-24T12:07:15.332Z - [Messenger] Received message, length: 54010
[NX v23.1.0 Daemon Server] - 2026-07-24T12:07:15.333Z - Closed a connection. Number of open connections: 2
[NX v23.1.0 Daemon Server] - 2026-07-24T12:07:22.527Z - Established a connection. Number of open connections: 3
[NX v23.1.0 Daemon Server] - 2026-07-24T12:07:22.527Z - Closed a connection. Number of open connections: 2
[NX v23.1.0 Daemon Server] - 2026-07-24T12:07:22.528Z - Established a connection. Number of open connections: 3
[NX v23.1.0 Daemon Server] - 2026-07-24T12:07:22.528Z - Established a connection. Number of open connections: 4
[NX v23.1.0 Daemon Server] - 2026-07-24T12:07:22.528Z - Closed a connection. Number of open connections: 3
[NX v23.1.0 Daemon Client] - 2026-07-24T12:07:22.528Z - [Messenger] Setting up socket listeners
[NX v23.1.0 Daemon Client] - 2026-07-24T12:07:22.529Z - [Messenger] listen() complete
[NX v23.1.0 Daemon Client] - 2026-07-24T12:07:22.536Z - [Messenger] Sending message type: GET_NX_CONSOLE_STATUS
[NX v23.1.0 Daemon Client] - 2026-07-24T12:07:22.537Z - [Messenger] Message sent
[NX v23.1.0 Daemon Server] - 2026-07-24T12:07:22.539Z - Received raw message of length 3734
[NX v23.1.0 Daemon Server] - 2026-07-24T12:07:22.539Z - Received json message of type GET_NX_CONSOLE_STATUS
[NX v23.1.0 Daemon Server] - 2026-07-24T12:07:22.539Z - Graph recompute necessary due to env variable refresh. Changed keys: PATH, XPC_SERVICE_NAME, STARSHIP_SESSION_KEY, NODE, INIT_CWD, COLOR, NX_CONSOLE
[NX v23.1.0 Daemon Server] - 2026-07-24T12:07:22.540Z - Serializing response for GET_NX_CONSOLE_STATUS message in json mode
[NX v23.1.0 Daemon Server] - 2026-07-24T12:07:22.540Z - Responding to GET_NX_CONSOLE_STATUS message
[NX v23.1.0 Daemon Server] - 2026-07-24T12:07:22.540Z - [REQUEST]: Responding to the client. handleGetNxConsoleStatus
[NX v23.1.0 Daemon Server] - 2026-07-24T12:07:22.540Z - Done responding to the client handleGetNxConsoleStatus
[NX v23.1.0 Daemon Server] - 2026-07-24T12:07:22.540Z - Handled json message GET_NX_CONSOLE_STATUS. Handling time: 0. Response time: 0.
[NX v23.1.0 Daemon Client] - 2026-07-24T12:07:22.540Z - [Messenger] Received message, length: 22
[NX v23.1.0 Daemon Client] - 2026-07-24T12:07:22.580Z - [Messenger] Sending message type: REQUEST_PROJECT_GRAPH
[NX v23.1.0 Daemon Client] - 2026-07-24T12:07:22.580Z - [Messenger] Message sent
[NX v23.1.0 Daemon Server] - 2026-07-24T12:07:22.580Z - Received raw message of length 32
[NX v23.1.0 Daemon Server] - 2026-07-24T12:07:22.580Z - Received json message of type REQUEST_PROJECT_GRAPH
[NX v23.1.0 Daemon Server] - 2026-07-24T12:07:22.580Z - [REQUEST]: Client Request for Project Graph Received
DEBUG nx::native::watch::watcher: force-flush END count=0 replies=1 elapsed=1.896792ms
[NX v23.1.0 Daemon Server] - 2026-07-24T12:07:22.582Z - No in-memory cached project graph found. Recomputing it...
[NX v23.1.0 Daemon Server] - 2026-07-24T12:07:22.582Z - [REQUEST]: Updated workspace context based on watched changes, recomputing project graph...
[NX v23.1.0 Daemon Server] - 2026-07-24T12:07:22.582Z - [REQUEST]: 
[NX v23.1.0 Daemon Server] - 2026-07-24T12:07:22.582Z - [REQUEST]: 
[NX v23.1.0 Daemon Server] - 2026-07-24T12:07:22.583Z - Streaming message to client: progress update for topic graph-construction
[plugin-client] restarting worker for "@nx-go/nx-go"
[NX v23.1.0 Daemon Client] - 2026-07-24T12:07:22.583Z - [Messenger] Received message, length: 47
[isolated-plugin] spawned worker for "@nx-go/nx-go" (pid: 10766, socket: /private/tmp/plugin7350-40-519094.898709.sock)
[plugin-client] restarting worker for "nx/js/dependencies-and-lockfile"
[isolated-plugin] spawned worker for "nx/js/dependencies-and-lockfile" (pid: 10767, socket: /private/tmp/plugin7350-41-519095.797.sock)
[plugin-client] restarting worker for "nx/core/package-json"
[isolated-plugin] spawned worker for "nx/core/package-json" (pid: 10768, socket: /private/tmp/plugin7350-42-519096.323417.sock)
[plugin-client] restarting worker for "nx/core/project-json"
[isolated-plugin] spawned worker for "nx/core/project-json" (pid: 10769, socket: /private/tmp/plugin7350-43-519096.818209.sock)
[plugin-worker] "@nx-go/nx-go" (pid: 10766) listening on /private/tmp/plugin7350-40-519094.898709.sock
[plugin-worker] "nx/core/project-json" (pid: 10769) listening on /private/tmp/plugin7350-43-519096.818209.sock
Time taken for 'plugin worker 10769 code loading' 115.14716599999998ms
Time taken for 'plugin worker 10766 code loading' 115.14041600000002ms
[plugin-worker] "nx/core/package-json" (pid: 10768) listening on /private/tmp/plugin7350-42-519096.323417.sock
[isolated-plugin] connected to worker for "@nx-go/nx-go" (pid: 10766)
[isolated-plugin] connected to worker for "nx/core/package-json" (pid: 10768)
[isolated-plugin] connected to worker for "nx/core/project-json" (pid: 10769)
[NX v23.1.0 Daemon Server] - 2026-07-24T12:07:22.737Z - Time taken for 'start-plugin-worker:@nx-go/nx-go' 153.38991699996404ms
[NX v23.1.0 Daemon Server] - 2026-07-24T12:07:22.737Z - Time taken for 'start-plugin-worker:nx/core/package-json' 152.40158299996983ms
[NX v23.1.0 Daemon Server] - 2026-07-24T12:07:22.738Z - Time taken for 'start-plugin-worker:nx/core/project-json' 152.2562920000055ms
[plugin-worker] "nx/core/package-json" (pid: 10768) connected
[plugin-worker] "nx/core/project-json" (pid: 10769) connected
[plugin-worker] "@nx-go/nx-go" (pid: 10766) connected
Time taken for 'plugin worker 10768 code loading' 115.53125ms
[plugin-worker] "nx/core/project-json" (pid: 10769) loaded successfully
[plugin-worker] "nx/js/dependencies-and-lockfile" (pid: 10767) listening on /private/tmp/plugin7350-41-519095.797.sock
[isolated-plugin] shutting down worker for "nx/core/project-json" after createNodes
[NX v23.1.0 Daemon Server] - 2026-07-24T12:07:22.741Z - Streaming message to client: progress update for topic graph-construction
[NX v23.1.0 Daemon Client] - 2026-07-24T12:07:22.742Z - [Messenger] Received message, length: 171
Time taken for 'plugin worker 10767 code loading' 120.74575000000002ms
[plugin-worker] "nx/core/package-json" (pid: 10768) loaded successfully
[isolated-plugin] connected to worker for "nx/js/dependencies-and-lockfile" (pid: 10767)
[NX v23.1.0 Daemon Server] - 2026-07-24T12:07:22.747Z - Time taken for 'start-plugin-worker:nx/js/dependencies-and-lockfile' 162.68795799999498ms
[plugin-worker] "nx/js/dependencies-and-lockfile" (pid: 10767) connected
[isolated-plugin] shutting down worker for "nx/core/package-json" after createNodes
[NX v23.1.0 Daemon Server] - 2026-07-24T12:07:22.749Z - Streaming message to client: progress update for topic graph-construction
[NX v23.1.0 Daemon Client] - 2026-07-24T12:07:22.749Z - [Messenger] Received message, length: 145
[plugin-worker] "nx/js/dependencies-and-lockfile" (pid: 10767) loaded successfully
Time taken for 'nx/js/dependencies-and-lockfile:createNodes' 2.806291999999985ms
[NX v23.1.0 Daemon Server] - 2026-07-24T12:07:22.766Z - Streaming message to client: progress update for topic graph-construction
[NX v23.1.0 Daemon Client] - 2026-07-24T12:07:22.766Z - [Messenger] Received message, length: 93
[plugin-worker] "@nx-go/nx-go" (pid: 10766) loaded successfully
[NX v23.1.0 Daemon Server] - 2026-07-24T12:07:22.792Z - Streaming message to client: progress update for topic graph-construction
[NX v23.1.0 Daemon Client] - 2026-07-24T12:07:22.792Z - [Messenger] Received message, length: 47
[NX v23.1.0 Daemon Server] - 2026-07-24T12:07:22.793Z - Streaming message to client: progress update for topic graph-construction
[NX v23.1.0 Daemon Client] - 2026-07-24T12:07:22.793Z - [Messenger] Received message, length: 47
[NX v23.1.0 Daemon Server] - 2026-07-24T12:07:22.794Z - Time taken for 'build-project-configs' 210.04483400000026ms
[NX v23.1.0 Daemon Server] - 2026-07-24T12:07:22.794Z - Time taken for 'createNodes:merge' 0.40404100000159815ms
Time taken for '@nx-go/nx-go:createNodes' 0.41662499999998204ms
Time taken for 'build typescript dependencies' 0.07324999999997317ms
[isolated-plugin] shutting down worker for "nx/js/dependencies-and-lockfile" after createDependencies
[NX v23.1.0 Daemon Server] - 2026-07-24T12:07:23.068Z - Streaming message to client: progress update for topic graph-construction
[NX v23.1.0 Daemon Client] - 2026-07-24T12:07:23.068Z - [Messenger] Received message, length: 100
[NX v23.1.0 Daemon Server] - 2026-07-24T12:07:23.069Z - Time taken for 'nx/js/dependencies-and-lockfile:createDependencies' 275.11879199999385ms
[isolated-plugin] shutting down worker for "@nx-go/nx-go" after createDependencies
[NX v23.1.0 Daemon Server] - 2026-07-24T12:07:23.080Z - Streaming message to client: progress update for topic graph-construction
[NX v23.1.0 Daemon Client] - 2026-07-24T12:07:23.080Z - [Messenger] Received message, length: 47
[NX v23.1.0 Daemon Server] - 2026-07-24T12:07:23.081Z - [SYNC]: collect registered sync generators
[NX v23.1.0 Daemon Server] - 2026-07-24T12:07:23.081Z - [SYNC]: project graph hash is the same, not collecting task sync generators
[NX v23.1.0 Daemon Server] - 2026-07-24T12:07:23.081Z - [SYNC]: nx.json hash is the same, not collecting global sync generators
[NX v23.1.0 Daemon Server] - 2026-07-24T12:07:23.082Z - Wrote project graph cache to /Users/paiva/git/beckerin/pixie-block/.nx/workspace-data/project-graph.json
[NX v23.1.0 Daemon Server] - 2026-07-24T12:07:23.082Z - Serializing response for PROJECT_GRAPH_UPDATED message in json mode
[NX v23.1.0 Daemon Server] - 2026-07-24T12:07:23.082Z - Responding to PROJECT_GRAPH_UPDATED message
[NX v23.1.0 Daemon Server] - 2026-07-24T12:07:23.082Z - [REQUEST]: Responding to the client. Project graph updated
[NX v23.1.0 Daemon Server] - 2026-07-24T12:07:23.082Z - Serializing response for REQUEST_PROJECT_GRAPH message in json mode
[NX v23.1.0 Daemon Server] - 2026-07-24T12:07:23.082Z - Responding to REQUEST_PROJECT_GRAPH message
[NX v23.1.0 Daemon Server] - 2026-07-24T12:07:23.082Z - [REQUEST]: Responding to the client. project-graph
[NX v23.1.0 Daemon Server] - 2026-07-24T12:07:23.082Z - Time taken for 'total for creating and serializing project graph' 502.26600000000326ms
[NX v23.1.0 Daemon Server] - 2026-07-24T12:07:23.082Z - Time taken for 'total execution time for createProjectGraph()' 287.553917000012ms
[NX v23.1.0 Daemon Server] - 2026-07-24T12:07:23.082Z - Time taken for 'createDependencies' 287.015875000041ms
[NX v23.1.0 Daemon Server] - 2026-07-24T12:07:23.082Z - Time taken for '@nx-go/nx-go:createDependencies' 286.9264579999726ms
[NX v23.1.0 Daemon Server] - 2026-07-24T12:07:23.082Z - Time taken for 'createMetadata' 0.01195799995912239ms
[NX v23.1.0 Daemon Server] - 2026-07-24T12:07:23.082Z - Time taken for 'serialize graph' 0.16225000005215406ms
[NX v23.1.0 Daemon Server] - 2026-07-24T12:07:23.082Z - Time taken for 'write cache' 1.1021249999757856ms
[NX v23.1.0 Daemon Server] - 2026-07-24T12:07:23.083Z - Done responding to the client project-graph
[NX v23.1.0 Daemon Client] - 2026-07-24T12:07:23.083Z - [Messenger] Received message, length: 54010
[NX v23.1.0 Daemon Server] - 2026-07-24T12:07:23.083Z - Handled json message REQUEST_PROJECT_GRAPH. Handling time: 502. Response time: 1.
[NX v23.1.0 Daemon Server] - 2026-07-24T12:07:23.083Z - Done responding to the client Project graph updated
[NX v23.1.0 Daemon Server] - 2026-07-24T12:07:23.083Z - Handled json message PROJECT_GRAPH_UPDATED. Handling time: 1. Response time: 1.
[NX v23.1.0 Daemon Client] - 2026-07-24T12:07:23.083Z - [Messenger] Received message, length: 54003
[NX v23.1.0 Daemon Client] - 2026-07-24T12:07:23.084Z - [Messenger] Sending message type: PRE_TASKS_EXECUTION
[NX v23.1.0 Daemon Client] - 2026-07-24T12:07:23.085Z - [Messenger] Message sent
[NX v23.1.0 Daemon Server] - 2026-07-24T12:07:23.085Z - Received raw message of length 433
[NX v23.1.0 Daemon Server] - 2026-07-24T12:07:23.085Z - Received json message of type PRE_TASKS_EXECUTION
[NX v23.1.0 Daemon Server] - 2026-07-24T12:07:23.085Z - Serializing response for PRE_TASKS_EXECUTION message in json mode
[NX v23.1.0 Daemon Server] - 2026-07-24T12:07:23.085Z - Responding to PRE_TASKS_EXECUTION message
[NX v23.1.0 Daemon Server] - 2026-07-24T12:07:23.085Z - [REQUEST]: Responding to the client. handleRunPreTasksExecution
[NX v23.1.0 Daemon Server] - 2026-07-24T12:07:23.085Z - Done responding to the client handleRunPreTasksExecution
[NX v23.1.0 Daemon Server] - 2026-07-24T12:07:23.085Z - Handled json message PRE_TASKS_EXECUTION. Handling time: 0. Response time: 0.
[NX v23.1.0 Daemon Server] - 2026-07-24T12:07:23.085Z - Time taken for 'preTasksExecution' 0.14141699997708201ms
[NX v23.1.0 Daemon Client] - 2026-07-24T12:07:23.085Z - [Messenger] Received message, length: 2
[NX v23.1.0 Daemon Client] - 2026-07-24T12:07:23.097Z - [Messenger] Sending message type: HASH_TASKS
[NX v23.1.0 Daemon Server] - 2026-07-24T12:07:23.097Z - Received raw message of length 6736
[NX v23.1.0 Daemon Client] - 2026-07-24T12:07:23.097Z - [Messenger] Message sent
[NX v23.1.0 Daemon Server] - 2026-07-24T12:07:23.097Z - Received json message of type HASH_TASKS
DEBUG nx::native::telemetry::service: Sent 1 events: [nx/js/dependencies-and-lockfile:createDe]
DEBUG nx::native::watch::watcher: force-flush END count=0 replies=1 elapsed=10.958416ms
[NX v23.1.0 Daemon Server] - 2026-07-24T12:07:23.108Z - Reusing in-memory cached project graph because no files changed.
DEBUG nx::native::tasks::hash_planner: get_plans_internal COMPLETED in 168µs - processed 1 tasks (setup: 117.125µs, parallel_planning: 49.25µs, pool: 6 unique instructions)
DEBUG nx::native::tasks::hashers::hash_workspace_files: Hashing workspace fileset: Adding "3895922822332558164" (".gitignore") to hash
DEBUG nx::native::tasks::hashers::hash_workspace_files: Hashing workspace fileset: Adding "17520421427198561273" ("nx.json") to hash
DEBUG nx::native::tasks::hashers::hash_workspace_files: Hashing workspace fileset: Hash Value: "10932988427785228146"
DEBUG nx::native::tasks::task_hasher: hash_plans COMPLETED in 354.125µs - processed 1 plans (setup: 15.958µs, hashing: 337.458µs, assembly: 10µs)
[NX v23.1.0 Daemon Server] - 2026-07-24T12:07:23.110Z - Serializing response for HASH_TASKS message in json mode
[NX v23.1.0 Daemon Server] - 2026-07-24T12:07:23.110Z - Responding to HASH_TASKS message
[NX v23.1.0 Daemon Server] - 2026-07-24T12:07:23.110Z - [REQUEST]: Responding to the client. handleHashTasks
[NX v23.1.0 Daemon Server] - 2026-07-24T12:07:23.110Z - Done responding to the client handleHashTasks
[NX v23.1.0 Daemon Server] - 2026-07-24T12:07:23.110Z - Handled json message HASH_TASKS. Handling time: 13. Response time: 0.
[NX v23.1.0 Daemon Client] - 2026-07-24T12:07:23.110Z - [Messenger] Received message, length: 569
DEBUG nx::native::telemetry::service: Sent 1 events: [@nx-go/nx-go:createDependencies]
[NX v23.1.0 Daemon Client] - 2026-07-24T12:07:23.350Z - [Messenger] Sending message type: GET_ESTIMATED_TASK_TIMINGS
[NX v23.1.0 Daemon Client] - 2026-07-24T12:07:23.350Z - [Messenger] Message sent
[NX v23.1.0 Daemon Server] - 2026-07-24T12:07:23.350Z - Received raw message of length 92
[NX v23.1.0 Daemon Server] - 2026-07-24T12:07:23.350Z - Received json message of type GET_ESTIMATED_TASK_TIMINGS
[NX v23.1.0 Daemon Server] - 2026-07-24T12:07:23.351Z - Serializing response for GET_ESTIMATED_TASK_TIMINGS message in json mode
[NX v23.1.0 Daemon Server] - 2026-07-24T12:07:23.351Z - Responding to GET_ESTIMATED_TASK_TIMINGS message
[NX v23.1.0 Daemon Server] - 2026-07-24T12:07:23.351Z - [REQUEST]: Responding to the client. handleGetEstimatedTaskTimings
[NX v23.1.0 Daemon Server] - 2026-07-24T12:07:23.351Z - Done responding to the client handleGetEstimatedTaskTimings
[NX v23.1.0 Daemon Server] - 2026-07-24T12:07:23.351Z - Handled json message GET_ESTIMATED_TASK_TIMINGS. Handling time: 1. Response time: 0.
[NX v23.1.0 Daemon Client] - 2026-07-24T12:07:23.351Z - [Messenger] Received message, length: 2
[NX v23.1.0 Daemon Client] - 2026-07-24T12:07:23.639Z - [Messenger] Sending message type: RECORD_OUTPUTS_HASH_BATCH
[NX v23.1.0 Daemon Client] - 2026-07-24T12:07:23.640Z - [Messenger] Message sent
[NX v23.1.0 Daemon Server] - 2026-07-24T12:07:23.640Z - Received raw message of length 167
[NX v23.1.0 Daemon Server] - 2026-07-24T12:07:23.640Z - Received json message of type RECORD_OUTPUTS_HASH_BATCH
[NX v23.1.0 Daemon Server] - 2026-07-24T12:07:23.642Z - Serializing response for RECORD_OUTPUTS_HASH_BATCH message in json mode
[NX v23.1.0 Daemon Server] - 2026-07-24T12:07:23.642Z - Responding to RECORD_OUTPUTS_HASH_BATCH message
[NX v23.1.0 Daemon Server] - 2026-07-24T12:07:23.642Z - [REQUEST]: Responding to the client. recordOutputsHashBatch
[NX v23.1.0 Daemon Server] - 2026-07-24T12:07:23.642Z - Done responding to the client recordOutputsHashBatch
[NX v23.1.0 Daemon Server] - 2026-07-24T12:07:23.642Z - Handled json message RECORD_OUTPUTS_HASH_BATCH. Handling time: 0. Response time: 1.
[NX v23.1.0 Daemon Client] - 2026-07-24T12:07:23.642Z - [Messenger] Received message, length: 2
[NX v23.1.0 Daemon Client] - 2026-07-24T12:07:23.647Z - [Messenger] Sending message type: RECORD_TASK_RUNS
[NX v23.1.0 Daemon Client] - 2026-07-24T12:07:23.647Z - [Messenger] Message sent
[NX v23.1.0 Daemon Server] - 2026-07-24T12:07:23.647Z - Received raw message of length 211
[NX v23.1.0 Daemon Server] - 2026-07-24T12:07:23.647Z - Received json message of type RECORD_TASK_RUNS
[NX v23.1.0 Daemon Server] - 2026-07-24T12:07:23.647Z - Serializing response for RECORD_TASK_RUNS message in json mode
[NX v23.1.0 Daemon Server] - 2026-07-24T12:07:23.647Z - Responding to RECORD_TASK_RUNS message
[NX v23.1.0 Daemon Server] - 2026-07-24T12:07:23.647Z - [REQUEST]: Responding to the client. handleRecordTaskRuns
[NX v23.1.0 Daemon Server] - 2026-07-24T12:07:23.647Z - Done responding to the client handleRecordTaskRuns
[NX v23.1.0 Daemon Server] - 2026-07-24T12:07:23.647Z - Handled json message RECORD_TASK_RUNS. Handling time: 0. Response time: 0.
[NX v23.1.0 Daemon Client] - 2026-07-24T12:07:23.647Z - [Messenger] Received message, length: 4
[NX v23.1.0 Daemon Client] - 2026-07-24T12:07:23.648Z - [Messenger] Sending message type: PROCESS_IN_BACKGROUND
[NX v23.1.0 Daemon Client] - 2026-07-24T12:07:23.649Z - [Messenger] Message sent
[NX v23.1.0 Daemon Server] - 2026-07-24T12:07:23.649Z - Received raw message of length 54489
[NX v23.1.0 Daemon Server] - 2026-07-24T12:07:23.649Z - Received json message of type PROCESS_IN_BACKGROUND
[NX v23.1.0 Daemon Server] - 2026-07-24T12:07:23.682Z - Serializing response for PROCESS_IN_BACKGROUND message in json mode
[NX v23.1.0 Daemon Server] - 2026-07-24T12:07:23.682Z - Responding to PROCESS_IN_BACKGROUND message
[NX v23.1.0 Daemon Server] - 2026-07-24T12:07:23.682Z - [REQUEST]: Responding to the client. PROCESS_IN_BACKGROUND
[NX v23.1.0 Daemon Server] - 2026-07-24T12:07:23.682Z - Done responding to the client PROCESS_IN_BACKGROUND
[NX v23.1.0 Daemon Server] - 2026-07-24T12:07:23.682Z - Handled json message PROCESS_IN_BACKGROUND. Handling time: 33. Response time: 0.
[NX v23.1.0 Daemon Client] - 2026-07-24T12:07:23.682Z - [Messenger] Received message, length: 2
[NX v23.1.0 Daemon Server] - 2026-07-24T12:07:23.683Z - Uploading file artifacts

[7m[1m[38;5;214m NX [39m[22m[27m  [38;5;214mNx Cloud: Storing 8374920756496273442 with storeV2[39m

[NX v23.1.0 Daemon Server] - 2026-07-24T12:07:23.684Z - Established a connection. Number of open connections: 4
[NX v23.1.0 Daemon Client] - 2026-07-24T12:07:23.684Z - [Messenger] Sending message type: GET_CONFIGURE_AI_AGENTS_STATUS
[NX v23.1.0 Daemon Client] - 2026-07-24T12:07:23.684Z - [Messenger] Message sent
[NX v23.1.0 Daemon Server] - 2026-07-24T12:07:23.687Z - Closed a connection. Number of open connections: 3
[NX v23.1.0 Daemon Server] - 2026-07-24T12:07:23.687Z - Received raw message of length 41
[NX v23.1.0 Daemon Server] - 2026-07-24T12:07:23.687Z - Received json message of type GET_CONFIGURE_AI_AGENTS_STATUS
[NX v23.1.0 Daemon Server] - 2026-07-24T12:07:23.687Z - [AI-AGENTS]: Returning cached agent configuration status
[NX v23.1.0 Daemon Server] - 2026-07-24T12:07:23.687Z - Serializing response for GET_CONFIGURE_AI_AGENTS_STATUS message in json mode
[NX v23.1.0 Daemon Server] - 2026-07-24T12:07:23.687Z - Responding to GET_CONFIGURE_AI_AGENTS_STATUS message
[NX v23.1.0 Daemon Server] - 2026-07-24T12:07:23.687Z - [REQUEST]: Responding to the client. handleGetConfigureAiAgentsStatus
[NX v23.1.0 Daemon Server] - 2026-07-24T12:07:23.687Z - Done responding to the client handleGetConfigureAiAgentsStatus
[NX v23.1.0 Daemon Server] - 2026-07-24T12:07:23.687Z - Handled json message GET_CONFIGURE_AI_AGENTS_STATUS. Handling time: 0. Response time: 0.
[NX v23.1.0 Daemon Client] - 2026-07-24T12:07:23.687Z - [Messenger] Received message, length: 441
[NX v23.1.0 Daemon Client] - 2026-07-24T12:07:23.689Z - [Messenger] Sending message type: POST_TASKS_EXECUTION
[NX v23.1.0 Daemon Client] - 2026-07-24T12:07:23.689Z - [Messenger] Message sent
[NX v23.1.0 Daemon Server] - 2026-07-24T12:07:23.689Z - Received raw message of length 3841
[NX v23.1.0 Daemon Server] - 2026-07-24T12:07:23.689Z - Received json message of type POST_TASKS_EXECUTION
[NX v23.1.0 Daemon Server] - 2026-07-24T12:07:23.689Z - Serializing response for POST_TASKS_EXECUTION message in json mode
[NX v23.1.0 Daemon Server] - 2026-07-24T12:07:23.689Z - Responding to POST_TASKS_EXECUTION message
[NX v23.1.0 Daemon Server] - 2026-07-24T12:07:23.689Z - [REQUEST]: Responding to the client. handleRunPostTasksExecution
[NX v23.1.0 Daemon Server] - 2026-07-24T12:07:23.689Z - Done responding to the client handleRunPostTasksExecution
[NX v23.1.0 Daemon Server] - 2026-07-24T12:07:23.689Z - Handled json message POST_TASKS_EXECUTION. Handling time: 0. Response time: 0.
[NX v23.1.0 Daemon Server] - 2026-07-24T12:07:23.689Z - Time taken for 'postTasksExecution' 0.1417500000097789ms
[NX v23.1.0 Daemon Client] - 2026-07-24T12:07:23.689Z - [Messenger] Received message, length: 4
[NX v23.1.0 Daemon Server] - 2026-07-24T12:07:23.696Z - Closed a connection. Number of open connections: 2

[7m[1m[38;5;214m NX [39m[22m[27m  [38;5;214mNx Cloud: Stored 8374920756496273442 /Users/paiva/git/beckerin/pixie-block/.nx/cache/terminalOutputs/8374920756496273442[39m

[NX v23.1.0 Daemon Server] - 2026-07-24T12:07:24.000Z - Done uploading file artifacts
[NX v23.1.0 Daemon Server] - 2026-07-24T12:07:24.000Z - Sending EndRun request
[Nx Cloud Debug] Attempting to acquire filesystem lock with path:  /Users/paiva/git/beckerin/pixie-block/.nx/cache/client-instance-id.lock
[Nx Cloud Debug] Failed to create folder lock at path: /Users/paiva/git/beckerin/pixie-block/.nx/cache/client-instance-id.lock
[Nx Cloud] Unable to detect a VCS context from the environment.

[7m[1m[38;5;214m NX [39m[22m[27m  [38;5;214mRunEnd. Completed tasks[39m


[
  "pixie-block:build"
]

[NX v23.1.0 Daemon Client] - 2026-07-24T12:07:24.087Z - [Messenger] Sending message type: GET_CONTEXT_FILE_DATA
[NX v23.1.0 Daemon Server] - 2026-07-24T12:07:24.087Z - Established a connection. Number of open connections: 3
[NX v23.1.0 Daemon Client] - 2026-07-24T12:07:24.087Z - [Messenger] Message sent
[NX v23.1.0 Daemon Server] - 2026-07-24T12:07:24.087Z - Received raw message of length 32
[NX v23.1.0 Daemon Server] - 2026-07-24T12:07:24.087Z - Received json message of type GET_CONTEXT_FILE_DATA
[NX v23.1.0 Daemon Server] - 2026-07-24T12:07:24.087Z - Serializing response for GET_CONTEXT_FILE_DATA message in json mode
[NX v23.1.0 Daemon Server] - 2026-07-24T12:07:24.087Z - Responding to GET_CONTEXT_FILE_DATA message
[NX v23.1.0 Daemon Server] - 2026-07-24T12:07:24.087Z - [REQUEST]: Responding to the client. handleContextFileData
[NX v23.1.0 Daemon Server] - 2026-07-24T12:07:24.087Z - Done responding to the client handleContextFileData
[NX v23.1.0 Daemon Server] - 2026-07-24T12:07:24.087Z - Handled json message GET_CONTEXT_FILE_DATA. Handling time: 0. Response time: 0.
[NX v23.1.0 Daemon Client] - 2026-07-24T12:07:24.087Z - [Messenger] Received message, length: 4133
[NX v23.1.0 Daemon Server] - 2026-07-24T12:07:24.088Z - Closed a connection. Number of open connections: 2
[NX v23.1.0 Daemon Client] - 2026-07-24T12:07:24.107Z - [ProjectGraphListener] Socket closed, triggering reconnection
[NX v23.1.0 Daemon Server] - 2026-07-24T12:07:24.107Z - Closed a connection. Number of open connections: 1
[NX v23.1.0 Daemon Server] - 2026-07-24T12:07:24.108Z - Established a connection. Number of open connections: 2
[NX v23.1.0 Daemon Client] - 2026-07-24T12:07:24.108Z - [Messenger] Setting up socket listeners
[NX v23.1.0 Daemon Client] - 2026-07-24T12:07:24.108Z - [Messenger] listen() complete
[NX v23.1.0 Daemon Client] - 2026-07-24T12:07:24.108Z - [Messenger] Sending message type: REGISTER_PROJECT_GRAPH_LISTENER
[NX v23.1.0 Daemon Server] - 2026-07-24T12:07:24.108Z - Established a connection. Number of open connections: 3
[NX v23.1.0 Daemon Client] - 2026-07-24T12:07:24.108Z - [Messenger] Message sent
[NX v23.1.0 Daemon Server] - 2026-07-24T12:07:24.108Z - Closed a connection. Number of open connections: 2
[NX v23.1.0 Daemon Server] - 2026-07-24T12:07:24.108Z - Received raw message of length 42
[NX v23.1.0 Daemon Server] - 2026-07-24T12:07:24.108Z - Received json message of type REGISTER_PROJECT_GRAPH_LISTENER
RunEnd duration: 193
[NX v23.1.0 Daemon Server] - 2026-07-24T12:07:24.193Z - Done sending EndRun request
DEBUG nx::native::watch::watcher: idle-window emitting events count=1
DEBUG nx::native::watch::watcher:   [update] pixie-block/project.json
[NX v23.1.0 Daemon Server] - 2026-07-24T12:07:58.774Z - [WATCHER]: pixie-block/project.json was modified
[NX v23.1.0 Daemon Server] - 2026-07-24T12:07:58.774Z - [WATCHER]: [watcher] routeWorkspaceChanges batch: 1 events: update:pixie-block/project.json
[NX v23.1.0 Daemon Server] - 2026-07-24T12:07:58.774Z - [WATCHER]: File changes detected:
Created:
(none)
Updated:
  - pixie-block/project.json
Deleted:
(none)
[NX v23.1.0 Daemon Server] - 2026-07-24T12:07:58.775Z - [SYNC]: clearing sync generators cache due to file changes
[NX v23.1.0 Daemon Server] - 2026-07-24T12:07:58.775Z - [REQUEST]: Updated workspace context based on watched changes, recomputing project graph...
[NX v23.1.0 Daemon Server] - 2026-07-24T12:07:58.775Z - [REQUEST]: pixie-block/project.json
[NX v23.1.0 Daemon Server] - 2026-07-24T12:07:58.775Z - [REQUEST]: 
[plugin-client] restarting worker for "@nx-go/nx-go"
[isolated-plugin] spawned worker for "@nx-go/nx-go" (pid: 11289, socket: /private/tmp/plugin7350-44-555288.107584.sock)
[plugin-client] restarting worker for "nx/js/dependencies-and-lockfile"
DEBUG nx::native::watch::watcher: idle-window emitting events count=1
DEBUG nx::native::watch::watcher:   [update] pixie-block/project.json
[isolated-plugin] spawned worker for "nx/js/dependencies-and-lockfile" (pid: 11290, socket: /private/tmp/plugin7350-45-555289.330667.sock)
[plugin-client] restarting worker for "nx/core/package-json"
[isolated-plugin] spawned worker for "nx/core/package-json" (pid: 11291, socket: /private/tmp/plugin7350-46-555290.13525.sock)
[plugin-client] restarting worker for "nx/core/project-json"
[isolated-plugin] spawned worker for "nx/core/project-json" (pid: 11292, socket: /private/tmp/plugin7350-47-555290.853042.sock)
[NX v23.1.0 Daemon Server] - 2026-07-24T12:07:58.780Z - [WATCHER]: Processing file changes in outputs
[NX v23.1.0 Daemon Server] - 2026-07-24T12:07:58.780Z - Time taken for 'hash changed files from watcher' 0.4219170000869781ms
[plugin-worker] "@nx-go/nx-go" (pid: 11289) listening on /private/tmp/plugin7350-44-555288.107584.sock
[plugin-worker] "nx/js/dependencies-and-lockfile" (pid: 11290) listening on /private/tmp/plugin7350-45-555289.330667.sock
[plugin-worker] "nx/core/project-json" (pid: 11292) listening on /private/tmp/plugin7350-47-555290.853042.sock
[plugin-worker] "nx/core/package-json" (pid: 11291) listening on /private/tmp/plugin7350-46-555290.13525.sock
Time taken for 'plugin worker 11289 code loading' 238.75120900000002ms
Time taken for 'plugin worker 11291 code loading' 235.77487500000004ms
Time taken for 'plugin worker 11292 code loading' 239.10341599999998ms
Time taken for 'plugin worker 11290 code loading' 237.323916ms
[plugin-worker] "@nx-go/nx-go" (pid: 11289) connected
[isolated-plugin] connected to worker for "@nx-go/nx-go" (pid: 11289)
[isolated-plugin] connected to worker for "nx/js/dependencies-and-lockfile" (pid: 11290)
[isolated-plugin] connected to worker for "nx/core/package-json" (pid: 11291)
[isolated-plugin] connected to worker for "nx/core/project-json" (pid: 11292)
[NX v23.1.0 Daemon Server] - 2026-07-24T12:07:59.076Z - Time taken for 'start-plugin-worker:@nx-go/nx-go' 299.67512499995064ms
[NX v23.1.0 Daemon Server] - 2026-07-24T12:07:59.076Z - Time taken for 'start-plugin-worker:nx/js/dependencies-and-lockfile' 298.65625ms
[NX v23.1.0 Daemon Server] - 2026-07-24T12:07:59.076Z - Time taken for 'start-plugin-worker:nx/core/package-json' 297.9395839999197ms
[NX v23.1.0 Daemon Server] - 2026-07-24T12:07:59.076Z - Time taken for 'start-plugin-worker:nx/core/project-json' 297.314458000008ms
[plugin-worker] "nx/js/dependencies-and-lockfile" (pid: 11290) connected
[plugin-worker] "nx/core/project-json" (pid: 11292) connected
[plugin-worker] "nx/core/package-json" (pid: 11291) connected
[plugin-worker] "nx/core/project-json" (pid: 11292) loaded successfully
[plugin-worker] "nx/core/package-json" (pid: 11291) loaded successfully
[isolated-plugin] shutting down worker for "nx/core/project-json" after createNodes
[isolated-plugin] shutting down worker for "nx/core/package-json" after createNodes
[plugin-worker] "nx/js/dependencies-and-lockfile" (pid: 11290) loaded successfully
Time taken for 'nx/js/dependencies-and-lockfile:createNodes' 3.049541999999974ms
[plugin-worker] "@nx-go/nx-go" (pid: 11289) loaded successfully
[NX v23.1.0 Daemon Server] - 2026-07-24T12:07:59.163Z - Time taken for 'build-project-configs' 385.1324579999782ms
[NX v23.1.0 Daemon Server] - 2026-07-24T12:07:59.163Z - Time taken for 'createNodes:merge' 1.3711249999469146ms
[NX v23.1.0 Daemon Server] - 2026-07-24T12:07:59.163Z - Time taken for 'native-file-deps' 0.04754199995659292ms
[NX v23.1.0 Daemon Server] - 2026-07-24T12:07:59.163Z - Time taken for 'get-workspace-files' 0.3660000000381842ms
Time taken for '@nx-go/nx-go:createNodes' 0.6074160000000006ms
Time taken for 'build typescript dependencies' 0.5077089999999771ms
[isolated-plugin] shutting down worker for "nx/js/dependencies-and-lockfile" after createDependencies
[NX v23.1.0 Daemon Server] - 2026-07-24T12:07:59.487Z - Time taken for 'nx/js/dependencies-and-lockfile:createDependencies' 324.3996249999618ms
[isolated-plugin] shutting down worker for "@nx-go/nx-go" after createDependencies
[NX v23.1.0 Daemon Server] - 2026-07-24T12:07:59.492Z - [SYNC]: collect registered sync generators
[NX v23.1.0 Daemon Server] - 2026-07-24T12:07:59.492Z - [SYNC]: nx.json hash is the same, not collecting global sync generators
[NX v23.1.0 Daemon Server] - 2026-07-24T12:07:59.494Z - Wrote project graph cache to /Users/paiva/git/beckerin/pixie-block/.nx/workspace-data/project-graph.json
[NX v23.1.0 Daemon Server] - 2026-07-24T12:07:59.494Z - Serializing response for PROJECT_GRAPH_UPDATED message in json mode
[NX v23.1.0 Daemon Server] - 2026-07-24T12:07:59.494Z - Responding to PROJECT_GRAPH_UPDATED message
[NX v23.1.0 Daemon Server] - 2026-07-24T12:07:59.494Z - [REQUEST]: Responding to the client. Project graph updated
[NX v23.1.0 Daemon Server] - 2026-07-24T12:07:59.494Z - Time taken for 'total execution time for createProjectGraph()' 330.24024999991525ms
[NX v23.1.0 Daemon Server] - 2026-07-24T12:07:59.494Z - Time taken for 'createDependencies' 329.45054200000595ms
[NX v23.1.0 Daemon Server] - 2026-07-24T12:07:59.494Z - Time taken for '@nx-go/nx-go:createDependencies' 329.3890830000164ms
[NX v23.1.0 Daemon Server] - 2026-07-24T12:07:59.494Z - Time taken for 'createMetadata' 0.009250000002793968ms
[NX v23.1.0 Daemon Server] - 2026-07-24T12:07:59.494Z - Time taken for 'serialize graph' 0.18175000010523945ms
[NX v23.1.0 Daemon Server] - 2026-07-24T12:07:59.494Z - Time taken for 'write cache' 1.2670830000424758ms
[NX v23.1.0 Daemon Server] - 2026-07-24T12:07:59.495Z - Done responding to the client Project graph updated
[NX v23.1.0 Daemon Server] - 2026-07-24T12:07:59.495Z - Handled json message PROJECT_GRAPH_UPDATED. Handling time: 2. Response time: 1.
[NX v23.1.0 Daemon Client] - 2026-07-24T12:07:59.495Z - [Messenger] Received message, length: 54000
DEBUG nx::native::telemetry::service: Sent 1 events: [nx/js/dependencies-and-lockfile:createDe]
DEBUG nx::native::telemetry::service: Sent 1 events: [@nx-go/nx-go:createDependencies]
[NX v23.1.0 Daemon Client] - 2026-07-24T12:08:00.499Z - [Messenger] Sending message type: GET_CONTEXT_FILE_DATA
[NX v23.1.0 Daemon Client] - 2026-07-24T12:08:00.499Z - [Messenger] Message sent
[NX v23.1.0 Daemon Server] - 2026-07-24T12:08:00.499Z - Established a connection. Number of open connections: 3
[NX v23.1.0 Daemon Server] - 2026-07-24T12:08:00.499Z - Received raw message of length 32
[NX v23.1.0 Daemon Server] - 2026-07-24T12:08:00.499Z - Received json message of type GET_CONTEXT_FILE_DATA
[NX v23.1.0 Daemon Server] - 2026-07-24T12:08:00.499Z - Serializing response for GET_CONTEXT_FILE_DATA message in json mode
[NX v23.1.0 Daemon Server] - 2026-07-24T12:08:00.499Z - Responding to GET_CONTEXT_FILE_DATA message
[NX v23.1.0 Daemon Server] - 2026-07-24T12:08:00.499Z - [REQUEST]: Responding to the client. handleContextFileData
[NX v23.1.0 Daemon Server] - 2026-07-24T12:08:00.499Z - Done responding to the client handleContextFileData
[NX v23.1.0 Daemon Server] - 2026-07-24T12:08:00.499Z - Handled json message GET_CONTEXT_FILE_DATA. Handling time: 0. Response time: 0.
[NX v23.1.0 Daemon Client] - 2026-07-24T12:08:00.499Z - [Messenger] Received message, length: 4133
[NX v23.1.0 Daemon Server] - 2026-07-24T12:08:00.500Z - Closed a connection. Number of open connections: 2
[NX v23.1.0 Daemon Client] - 2026-07-24T12:08:00.518Z - [ProjectGraphListener] Socket closed, triggering reconnection
[NX v23.1.0 Daemon Server] - 2026-07-24T12:08:00.518Z - Closed a connection. Number of open connections: 1
[NX v23.1.0 Daemon Client] - 2026-07-24T12:08:00.519Z - [Messenger] Setting up socket listeners
[NX v23.1.0 Daemon Server] - 2026-07-24T12:08:00.519Z - Established a connection. Number of open connections: 2
[NX v23.1.0 Daemon Client] - 2026-07-24T12:08:00.519Z - [Messenger] listen() complete
[NX v23.1.0 Daemon Client] - 2026-07-24T12:08:00.519Z - [Messenger] Sending message type: REGISTER_PROJECT_GRAPH_LISTENER
[NX v23.1.0 Daemon Server] - 2026-07-24T12:08:00.519Z - Established a connection. Number of open connections: 3
[NX v23.1.0 Daemon Client] - 2026-07-24T12:08:00.519Z - [Messenger] Message sent
[NX v23.1.0 Daemon Server] - 2026-07-24T12:08:00.519Z - Closed a connection. Number of open connections: 2
[NX v23.1.0 Daemon Server] - 2026-07-24T12:08:00.519Z - Received raw message of length 42
[NX v23.1.0 Daemon Server] - 2026-07-24T12:08:00.519Z - Received json message of type REGISTER_PROJECT_GRAPH_LISTENER
DEBUG nx::native::watch::watcher: idle-window emitting events count=1
DEBUG nx::native::watch::watcher: idle-window emitting events count=1
DEBUG nx::native::watch::watcher:   [update] pixie-block/project.json
DEBUG nx::native::watch::watcher:   [update] pixie-block/project.json
[NX v23.1.0 Daemon Server] - 2026-07-24T12:08:01.042Z - [WATCHER]: pixie-block/project.json was modified
[NX v23.1.0 Daemon Server] - 2026-07-24T12:08:01.042Z - [WATCHER]: [watcher] routeWorkspaceChanges batch: 1 events: update:pixie-block/project.json
[NX v23.1.0 Daemon Server] - 2026-07-24T12:08:01.042Z - [WATCHER]: File changes detected:
Created:
(none)
Updated:
  - pixie-block/project.json
Deleted:
(none)
[NX v23.1.0 Daemon Server] - 2026-07-24T12:08:01.042Z - [SYNC]: clearing sync generators cache due to file changes
[NX v23.1.0 Daemon Server] - 2026-07-24T12:08:01.042Z - [REQUEST]: Updated workspace context based on watched changes, recomputing project graph...
[NX v23.1.0 Daemon Server] - 2026-07-24T12:08:01.042Z - [REQUEST]: pixie-block/project.json
[NX v23.1.0 Daemon Server] - 2026-07-24T12:08:01.042Z - [REQUEST]: 
[plugin-client] restarting worker for "@nx-go/nx-go"
[isolated-plugin] spawned worker for "@nx-go/nx-go" (pid: 11307, socket: /private/tmp/plugin7350-48-557555.047792.sock)
[plugin-client] restarting worker for "nx/js/dependencies-and-lockfile"
[isolated-plugin] spawned worker for "nx/js/dependencies-and-lockfile" (pid: 11308, socket: /private/tmp/plugin7350-49-557556.400167.sock)
[plugin-client] restarting worker for "nx/core/package-json"
[isolated-plugin] spawned worker for "nx/core/package-json" (pid: 11309, socket: /private/tmp/plugin7350-50-557557.223292.sock)
[plugin-client] restarting worker for "nx/core/project-json"
[isolated-plugin] spawned worker for "nx/core/project-json" (pid: 11310, socket: /private/tmp/plugin7350-51-557557.816334.sock)
[NX v23.1.0 Daemon Server] - 2026-07-24T12:08:01.046Z - [WATCHER]: Processing file changes in outputs
[NX v23.1.0 Daemon Server] - 2026-07-24T12:08:01.047Z - Time taken for 'hash changed files from watcher' 0.15412500000093132ms
[plugin-worker] "nx/js/dependencies-and-lockfile" (pid: 11308) listening on /private/tmp/plugin7350-49-557556.400167.sock
[plugin-worker] "nx/core/project-json" (pid: 11310) listening on /private/tmp/plugin7350-51-557557.816334.sock
[plugin-worker] "@nx-go/nx-go" (pid: 11307) listening on /private/tmp/plugin7350-48-557555.047792.sock
Time taken for 'plugin worker 11310 code loading' 154.11062500000003ms
Time taken for 'plugin worker 11307 code loading' 155.5315ms
[plugin-worker] "@nx-go/nx-go" (pid: 11307) connected
Time taken for 'plugin worker 11308 code loading' 154.662ms
[plugin-worker] "nx/js/dependencies-and-lockfile" (pid: 11308) connected
[isolated-plugin] connected to worker for "@nx-go/nx-go" (pid: 11307)
[isolated-plugin] connected to worker for "nx/js/dependencies-and-lockfile" (pid: 11308)
[isolated-plugin] connected to worker for "nx/core/project-json" (pid: 11310)
[NX v23.1.0 Daemon Server] - 2026-07-24T12:08:01.259Z - Time taken for 'start-plugin-worker:@nx-go/nx-go' 213.04970899992622ms
[NX v23.1.0 Daemon Server] - 2026-07-24T12:08:01.259Z - Time taken for 'start-plugin-worker:nx/js/dependencies-and-lockfile' 212.18266599997878ms
[NX v23.1.0 Daemon Server] - 2026-07-24T12:08:01.259Z - Time taken for 'start-plugin-worker:nx/core/project-json' 212.28966700006276ms
[plugin-worker] "nx/core/project-json" (pid: 11310) connected
[plugin-worker] "nx/core/project-json" (pid: 11310) loaded successfully
[isolated-plugin] shutting down worker for "nx/core/project-json" after createNodes
[plugin-worker] "nx/js/dependencies-and-lockfile" (pid: 11308) loaded successfully
[plugin-worker] "nx/core/package-json" (pid: 11309) listening on /private/tmp/plugin7350-50-557557.223292.sock
Time taken for 'plugin worker 11309 code loading' 168.93541599999998ms
Time taken for 'nx/js/dependencies-and-lockfile:createNodes' 1.8478750000000161ms
[isolated-plugin] connected to worker for "nx/core/package-json" (pid: 11309)
[NX v23.1.0 Daemon Server] - 2026-07-24T12:08:01.280Z - Time taken for 'start-plugin-worker:nx/core/package-json' 234.56608400004916ms
[plugin-worker] "nx/core/package-json" (pid: 11309) connected
[plugin-worker] "nx/core/package-json" (pid: 11309) loaded successfully
[isolated-plugin] shutting down worker for "nx/core/package-json" after createNodes
[plugin-worker] "@nx-go/nx-go" (pid: 11307) loaded successfully
[NX v23.1.0 Daemon Server] - 2026-07-24T12:08:01.327Z - Time taken for 'build-project-configs' 282.8512079999782ms
[NX v23.1.0 Daemon Server] - 2026-07-24T12:08:01.327Z - Time taken for 'createNodes:merge' 0.29312500008381903ms
Time taken for '@nx-go/nx-go:createNodes' 0.5666669999999954ms
Time taken for 'build typescript dependencies' 0.47054099999991195ms
[isolated-plugin] shutting down worker for "nx/js/dependencies-and-lockfile" after createDependencies
[NX v23.1.0 Daemon Server] - 2026-07-24T12:08:01.648Z - Time taken for 'nx/js/dependencies-and-lockfile:createDependencies' 321.31191699998453ms
[isolated-plugin] shutting down worker for "@nx-go/nx-go" after createDependencies
[NX v23.1.0 Daemon Server] - 2026-07-24T12:08:01.657Z - [SYNC]: collect registered sync generators
[NX v23.1.0 Daemon Server] - 2026-07-24T12:08:01.658Z - [SYNC]: project graph hash is the same, not collecting task sync generators
[NX v23.1.0 Daemon Server] - 2026-07-24T12:08:01.658Z - [SYNC]: nx.json hash is the same, not collecting global sync generators
[NX v23.1.0 Daemon Server] - 2026-07-24T12:08:01.659Z - Wrote project graph cache to /Users/paiva/git/beckerin/pixie-block/.nx/workspace-data/project-graph.json
[NX v23.1.0 Daemon Server] - 2026-07-24T12:08:01.659Z - Serializing response for PROJECT_GRAPH_UPDATED message in json mode
[NX v23.1.0 Daemon Server] - 2026-07-24T12:08:01.659Z - Responding to PROJECT_GRAPH_UPDATED message
[NX v23.1.0 Daemon Server] - 2026-07-24T12:08:01.659Z - [REQUEST]: Responding to the client. Project graph updated
[NX v23.1.0 Daemon Server] - 2026-07-24T12:08:01.659Z - Time taken for 'total execution time for createProjectGraph()' 331.15391700004693ms
[NX v23.1.0 Daemon Server] - 2026-07-24T12:08:01.659Z - Time taken for 'createDependencies' 330.53966600005515ms
[NX v23.1.0 Daemon Server] - 2026-07-24T12:08:01.659Z - Time taken for '@nx-go/nx-go:createDependencies' 330.47870800003875ms
[NX v23.1.0 Daemon Server] - 2026-07-24T12:08:01.659Z - Time taken for 'createMetadata' 0.010583000024780631ms
[NX v23.1.0 Daemon Server] - 2026-07-24T12:08:01.659Z - Time taken for 'serialize graph' 0.23324999993201345ms
[NX v23.1.0 Daemon Server] - 2026-07-24T12:08:01.659Z - Time taken for 'write cache' 1.2321249999804422ms
[NX v23.1.0 Daemon Server] - 2026-07-24T12:08:01.660Z - Done responding to the client Project graph updated
[NX v23.1.0 Daemon Server] - 2026-07-24T12:08:01.660Z - Handled json message PROJECT_GRAPH_UPDATED. Handling time: 1. Response time: 1.
[NX v23.1.0 Daemon Client] - 2026-07-24T12:08:01.660Z - [Messenger] Received message, length: 54000
DEBUG nx::native::telemetry::service: Sent 1 events: [nx/js/dependencies-and-lockfile:createDe]
DEBUG nx::native::telemetry::service: Sent 1 events: [@nx-go/nx-go:createDependencies]
[NX v23.1.0 Daemon Client] - 2026-07-24T12:08:02.663Z - [Messenger] Sending message type: GET_CONTEXT_FILE_DATA
[NX v23.1.0 Daemon Client] - 2026-07-24T12:08:02.663Z - [Messenger] Message sent
[NX v23.1.0 Daemon Server] - 2026-07-24T12:08:02.663Z - Established a connection. Number of open connections: 3
[NX v23.1.0 Daemon Server] - 2026-07-24T12:08:02.663Z - Received raw message of length 32
[NX v23.1.0 Daemon Server] - 2026-07-24T12:08:02.663Z - Received json message of type GET_CONTEXT_FILE_DATA
[NX v23.1.0 Daemon Server] - 2026-07-24T12:08:02.663Z - Serializing response for GET_CONTEXT_FILE_DATA message in json mode
[NX v23.1.0 Daemon Server] - 2026-07-24T12:08:02.663Z - Responding to GET_CONTEXT_FILE_DATA message
[NX v23.1.0 Daemon Server] - 2026-07-24T12:08:02.663Z - [REQUEST]: Responding to the client. handleContextFileData
[NX v23.1.0 Daemon Server] - 2026-07-24T12:08:02.663Z - Done responding to the client handleContextFileData
[NX v23.1.0 Daemon Server] - 2026-07-24T12:08:02.663Z - Handled json message GET_CONTEXT_FILE_DATA. Handling time: 0. Response time: 0.
[NX v23.1.0 Daemon Client] - 2026-07-24T12:08:02.663Z - [Messenger] Received message, length: 4134
[NX v23.1.0 Daemon Server] - 2026-07-24T12:08:02.664Z - Closed a connection. Number of open connections: 2
[NX v23.1.0 Daemon Client] - 2026-07-24T12:08:02.673Z - [ProjectGraphListener] Socket closed, triggering reconnection
[NX v23.1.0 Daemon Server] - 2026-07-24T12:08:02.673Z - Closed a connection. Number of open connections: 1
[NX v23.1.0 Daemon Client] - 2026-07-24T12:08:02.674Z - [Messenger] Setting up socket listeners
[NX v23.1.0 Daemon Server] - 2026-07-24T12:08:02.674Z - Established a connection. Number of open connections: 2
[NX v23.1.0 Daemon Client] - 2026-07-24T12:08:02.674Z - [Messenger] listen() complete
[NX v23.1.0 Daemon Client] - 2026-07-24T12:08:02.674Z - [Messenger] Sending message type: REGISTER_PROJECT_GRAPH_LISTENER
[NX v23.1.0 Daemon Client] - 2026-07-24T12:08:02.674Z - [Messenger] Message sent
[NX v23.1.0 Daemon Server] - 2026-07-24T12:08:02.674Z - Established a connection. Number of open connections: 3
[NX v23.1.0 Daemon Server] - 2026-07-24T12:08:02.674Z - Closed a connection. Number of open connections: 2
[NX v23.1.0 Daemon Server] - 2026-07-24T12:08:02.674Z - Received raw message of length 42
[NX v23.1.0 Daemon Server] - 2026-07-24T12:08:02.674Z - Received json message of type REGISTER_PROJECT_GRAPH_LISTENER
[NX v23.1.0 Daemon Server] - 2026-07-24T12:08:07.064Z - Established a connection. Number of open connections: 3
[NX v23.1.0 Daemon Server] - 2026-07-24T12:08:07.064Z - Closed a connection. Number of open connections: 2
[NX v23.1.0 Daemon Server] - 2026-07-24T12:08:07.065Z - Established a connection. Number of open connections: 3
[NX v23.1.0 Daemon Server] - 2026-07-24T12:08:07.065Z - Closed a connection. Number of open connections: 2
[NX v23.1.0 Daemon Server] - 2026-07-24T12:08:07.065Z - Established a connection. Number of open connections: 3
[NX v23.1.0 Daemon Client] - 2026-07-24T12:08:07.065Z - [Messenger] Setting up socket listeners
[NX v23.1.0 Daemon Client] - 2026-07-24T12:08:07.066Z - [Messenger] listen() complete
[NX v23.1.0 Daemon Client] - 2026-07-24T12:08:07.075Z - [Messenger] Sending message type: GET_NX_CONSOLE_STATUS
[NX v23.1.0 Daemon Client] - 2026-07-24T12:08:07.075Z - [Messenger] Message sent
[NX v23.1.0 Daemon Server] - 2026-07-24T12:08:07.077Z - Received raw message of length 3734
[NX v23.1.0 Daemon Server] - 2026-07-24T12:08:07.077Z - Received json message of type GET_NX_CONSOLE_STATUS
[NX v23.1.0 Daemon Server] - 2026-07-24T12:08:07.078Z - Serializing response for GET_NX_CONSOLE_STATUS message in json mode
[NX v23.1.0 Daemon Server] - 2026-07-24T12:08:07.078Z - Responding to GET_NX_CONSOLE_STATUS message
[NX v23.1.0 Daemon Server] - 2026-07-24T12:08:07.078Z - [REQUEST]: Responding to the client. handleGetNxConsoleStatus
[NX v23.1.0 Daemon Server] - 2026-07-24T12:08:07.078Z - Done responding to the client handleGetNxConsoleStatus
[NX v23.1.0 Daemon Server] - 2026-07-24T12:08:07.078Z - Handled json message GET_NX_CONSOLE_STATUS. Handling time: 0. Response time: 0.
[NX v23.1.0 Daemon Client] - 2026-07-24T12:08:07.078Z - [Messenger] Received message, length: 22
[NX v23.1.0 Daemon Client] - 2026-07-24T12:08:07.121Z - [Messenger] Sending message type: REQUEST_PROJECT_GRAPH
[NX v23.1.0 Daemon Client] - 2026-07-24T12:08:07.121Z - [Messenger] Message sent
[NX v23.1.0 Daemon Server] - 2026-07-24T12:08:07.121Z - Received raw message of length 32
[NX v23.1.0 Daemon Server] - 2026-07-24T12:08:07.121Z - Received json message of type REQUEST_PROJECT_GRAPH
[NX v23.1.0 Daemon Server] - 2026-07-24T12:08:07.121Z - [REQUEST]: Client Request for Project Graph Received
DEBUG nx::native::watch::watcher: force-flush END count=0 replies=1 elapsed=10.432583ms
[NX v23.1.0 Daemon Server] - 2026-07-24T12:08:07.132Z - Reusing in-memory cached project graph because no files changed.
[NX v23.1.0 Daemon Server] - 2026-07-24T12:08:07.132Z - Serializing response for REQUEST_PROJECT_GRAPH message in json mode
[NX v23.1.0 Daemon Server] - 2026-07-24T12:08:07.132Z - Responding to REQUEST_PROJECT_GRAPH message
[NX v23.1.0 Daemon Server] - 2026-07-24T12:08:07.132Z - [REQUEST]: Responding to the client. project-graph
[NX v23.1.0 Daemon Server] - 2026-07-24T12:08:07.133Z - Time taken for 'total for creating and serializing project graph' 10.856000000028871ms
[NX v23.1.0 Daemon Server] - 2026-07-24T12:08:07.133Z - Done responding to the client project-graph
[NX v23.1.0 Daemon Server] - 2026-07-24T12:08:07.133Z - Handled json message REQUEST_PROJECT_GRAPH. Handling time: 11. Response time: 1.
[NX v23.1.0 Daemon Client] - 2026-07-24T12:08:07.133Z - [Messenger] Received message, length: 54007
[NX v23.1.0 Daemon Client] - 2026-07-24T12:08:07.135Z - [Messenger] Sending message type: PRE_TASKS_EXECUTION
[NX v23.1.0 Daemon Client] - 2026-07-24T12:08:07.135Z - [Messenger] Message sent
[NX v23.1.0 Daemon Server] - 2026-07-24T12:08:07.135Z - Received raw message of length 433
[NX v23.1.0 Daemon Server] - 2026-07-24T12:08:07.135Z - Received json message of type PRE_TASKS_EXECUTION
[NX v23.1.0 Daemon Server] - 2026-07-24T12:08:07.135Z - Serializing response for PRE_TASKS_EXECUTION message in json mode
[NX v23.1.0 Daemon Server] - 2026-07-24T12:08:07.135Z - Responding to PRE_TASKS_EXECUTION message
[NX v23.1.0 Daemon Server] - 2026-07-24T12:08:07.135Z - [REQUEST]: Responding to the client. handleRunPreTasksExecution
[NX v23.1.0 Daemon Server] - 2026-07-24T12:08:07.135Z - Done responding to the client handleRunPreTasksExecution
[NX v23.1.0 Daemon Server] - 2026-07-24T12:08:07.135Z - Handled json message PRE_TASKS_EXECUTION. Handling time: 0. Response time: 0.
[NX v23.1.0 Daemon Client] - 2026-07-24T12:08:07.135Z - [Messenger] Received message, length: 2
[NX v23.1.0 Daemon Server] - 2026-07-24T12:08:07.135Z - Time taken for 'preTasksExecution' 0.12533300009090453ms
[NX v23.1.0 Daemon Client] - 2026-07-24T12:08:07.146Z - [Messenger] Sending message type: HASH_TASKS
[NX v23.1.0 Daemon Client] - 2026-07-24T12:08:07.146Z - [Messenger] Message sent
[NX v23.1.0 Daemon Server] - 2026-07-24T12:08:07.146Z - Received raw message of length 6736
[NX v23.1.0 Daemon Server] - 2026-07-24T12:08:07.146Z - Received json message of type HASH_TASKS
DEBUG nx::native::watch::watcher: force-flush END count=0 replies=1 elapsed=10.858167ms
[NX v23.1.0 Daemon Server] - 2026-07-24T12:08:07.157Z - Reusing in-memory cached project graph because no files changed.
DEBUG nx::native::tasks::hash_planner: get_plans_internal COMPLETED in 184.917µs - processed 1 tasks (setup: 122.292µs, parallel_planning: 60.708µs, pool: 6 unique instructions)
DEBUG nx::native::tasks::hashers::hash_workspace_files: Hashing workspace fileset: Adding "3895922822332558164" (".gitignore") to hash
DEBUG nx::native::tasks::hashers::hash_workspace_files: Hashing workspace fileset: Adding "17520421427198561273" ("nx.json") to hash
DEBUG nx::native::tasks::hashers::hash_workspace_files: Hashing workspace fileset: Hash Value: "10932988427785228146"
DEBUG nx::native::tasks::task_hasher: hash_plans COMPLETED in 394.417µs - processed 1 plans (setup: 17.667µs, hashing: 376.083µs, assembly: 14µs)
[NX v23.1.0 Daemon Server] - 2026-07-24T12:08:07.159Z - Serializing response for HASH_TASKS message in json mode
[NX v23.1.0 Daemon Server] - 2026-07-24T12:08:07.159Z - Responding to HASH_TASKS message
[NX v23.1.0 Daemon Server] - 2026-07-24T12:08:07.159Z - [REQUEST]: Responding to the client. handleHashTasks
[NX v23.1.0 Daemon Server] - 2026-07-24T12:08:07.159Z - Done responding to the client handleHashTasks
[NX v23.1.0 Daemon Server] - 2026-07-24T12:08:07.159Z - Handled json message HASH_TASKS. Handling time: 13. Response time: 0.
[NX v23.1.0 Daemon Client] - 2026-07-24T12:08:07.159Z - [Messenger] Received message, length: 570
[NX v23.1.0 Daemon Client] - 2026-07-24T12:08:07.407Z - [Messenger] Sending message type: GET_ESTIMATED_TASK_TIMINGS
[NX v23.1.0 Daemon Client] - 2026-07-24T12:08:07.407Z - [Messenger] Message sent
[NX v23.1.0 Daemon Server] - 2026-07-24T12:08:07.408Z - Received raw message of length 92
[NX v23.1.0 Daemon Server] - 2026-07-24T12:08:07.408Z - Received json message of type GET_ESTIMATED_TASK_TIMINGS
[NX v23.1.0 Daemon Server] - 2026-07-24T12:08:07.408Z - Serializing response for GET_ESTIMATED_TASK_TIMINGS message in json mode
[NX v23.1.0 Daemon Server] - 2026-07-24T12:08:07.408Z - Responding to GET_ESTIMATED_TASK_TIMINGS message
[NX v23.1.0 Daemon Server] - 2026-07-24T12:08:07.408Z - [REQUEST]: Responding to the client. handleGetEstimatedTaskTimings
[NX v23.1.0 Daemon Server] - 2026-07-24T12:08:07.408Z - Done responding to the client handleGetEstimatedTaskTimings
[NX v23.1.0 Daemon Server] - 2026-07-24T12:08:07.408Z - Handled json message GET_ESTIMATED_TASK_TIMINGS. Handling time: 0. Response time: 0.
[NX v23.1.0 Daemon Client] - 2026-07-24T12:08:07.408Z - [Messenger] Received message, length: 2
[NX v23.1.0 Daemon Client] - 2026-07-24T12:08:07.444Z - [Messenger] Sending message type: RECORD_OUTPUTS_HASH_BATCH
[NX v23.1.0 Daemon Client] - 2026-07-24T12:08:07.444Z - [Messenger] Message sent
[NX v23.1.0 Daemon Server] - 2026-07-24T12:08:07.444Z - Received raw message of length 168
[NX v23.1.0 Daemon Server] - 2026-07-24T12:08:07.444Z - Received json message of type RECORD_OUTPUTS_HASH_BATCH
[NX v23.1.0 Daemon Server] - 2026-07-24T12:08:07.444Z - Serializing response for RECORD_OUTPUTS_HASH_BATCH message in json mode
[NX v23.1.0 Daemon Server] - 2026-07-24T12:08:07.444Z - Responding to RECORD_OUTPUTS_HASH_BATCH message
[NX v23.1.0 Daemon Server] - 2026-07-24T12:08:07.444Z - [REQUEST]: Responding to the client. recordOutputsHashBatch
[NX v23.1.0 Daemon Server] - 2026-07-24T12:08:07.444Z - Done responding to the client recordOutputsHashBatch
[NX v23.1.0 Daemon Server] - 2026-07-24T12:08:07.444Z - Handled json message RECORD_OUTPUTS_HASH_BATCH. Handling time: 0. Response time: 0.
[NX v23.1.0 Daemon Client] - 2026-07-24T12:08:07.444Z - [Messenger] Received message, length: 2
[NX v23.1.0 Daemon Client] - 2026-07-24T12:08:07.447Z - [Messenger] Sending message type: RECORD_TASK_RUNS
[NX v23.1.0 Daemon Client] - 2026-07-24T12:08:07.447Z - [Messenger] Message sent
[NX v23.1.0 Daemon Server] - 2026-07-24T12:08:07.447Z - Received raw message of length 212
[NX v23.1.0 Daemon Server] - 2026-07-24T12:08:07.447Z - Received json message of type RECORD_TASK_RUNS
[NX v23.1.0 Daemon Server] - 2026-07-24T12:08:07.447Z - Serializing response for RECORD_TASK_RUNS message in json mode
[NX v23.1.0 Daemon Server] - 2026-07-24T12:08:07.447Z - Responding to RECORD_TASK_RUNS message
[NX v23.1.0 Daemon Server] - 2026-07-24T12:08:07.447Z - [REQUEST]: Responding to the client. handleRecordTaskRuns
[NX v23.1.0 Daemon Server] - 2026-07-24T12:08:07.447Z - Done responding to the client handleRecordTaskRuns
[NX v23.1.0 Daemon Server] - 2026-07-24T12:08:07.447Z - Handled json message RECORD_TASK_RUNS. Handling time: 0. Response time: 0.
[NX v23.1.0 Daemon Client] - 2026-07-24T12:08:07.447Z - [Messenger] Received message, length: 4
[NX v23.1.0 Daemon Client] - 2026-07-24T12:08:07.606Z - [Messenger] Sending message type: PROCESS_IN_BACKGROUND
[NX v23.1.0 Daemon Client] - 2026-07-24T12:08:07.606Z - [Messenger] Message sent
[NX v23.1.0 Daemon Server] - 2026-07-24T12:08:07.607Z - Received raw message of length 52311
[NX v23.1.0 Daemon Server] - 2026-07-24T12:08:07.608Z - Received json message of type PROCESS_IN_BACKGROUND
[NX v23.1.0 Daemon Server] - 2026-07-24T12:08:07.643Z - Serializing response for PROCESS_IN_BACKGROUND message in json mode
[NX v23.1.0 Daemon Server] - 2026-07-24T12:08:07.643Z - Responding to PROCESS_IN_BACKGROUND message
[NX v23.1.0 Daemon Server] - 2026-07-24T12:08:07.643Z - [REQUEST]: Responding to the client. PROCESS_IN_BACKGROUND
[NX v23.1.0 Daemon Server] - 2026-07-24T12:08:07.643Z - Done responding to the client PROCESS_IN_BACKGROUND
[NX v23.1.0 Daemon Server] - 2026-07-24T12:08:07.643Z - Handled json message PROCESS_IN_BACKGROUND. Handling time: 35. Response time: 0.
[NX v23.1.0 Daemon Client] - 2026-07-24T12:08:07.643Z - [Messenger] Received message, length: 2
[NX v23.1.0 Daemon Server] - 2026-07-24T12:08:07.644Z - Uploading file artifacts

[7m[1m[38;5;214m NX [39m[22m[27m  [38;5;214mNx Cloud: Storing 17740722538224651554 with storeV2[39m

[NX v23.1.0 Daemon Server] - 2026-07-24T12:08:07.645Z - Established a connection. Number of open connections: 4
[NX v23.1.0 Daemon Client] - 2026-07-24T12:08:07.646Z - [Messenger] Sending message type: GET_CONFIGURE_AI_AGENTS_STATUS
[NX v23.1.0 Daemon Client] - 2026-07-24T12:08:07.646Z - [Messenger] Message sent
[NX v23.1.0 Daemon Server] - 2026-07-24T12:08:07.646Z - Closed a connection. Number of open connections: 3
[NX v23.1.0 Daemon Server] - 2026-07-24T12:08:07.646Z - Received raw message of length 41
[NX v23.1.0 Daemon Server] - 2026-07-24T12:08:07.646Z - Received json message of type GET_CONFIGURE_AI_AGENTS_STATUS
[NX v23.1.0 Daemon Server] - 2026-07-24T12:08:07.646Z - [AI-AGENTS]: Returning cached agent configuration status
[NX v23.1.0 Daemon Server] - 2026-07-24T12:08:07.646Z - Serializing response for GET_CONFIGURE_AI_AGENTS_STATUS message in json mode
[NX v23.1.0 Daemon Server] - 2026-07-24T12:08:07.646Z - Responding to GET_CONFIGURE_AI_AGENTS_STATUS message
[NX v23.1.0 Daemon Server] - 2026-07-24T12:08:07.646Z - [REQUEST]: Responding to the client. handleGetConfigureAiAgentsStatus
[NX v23.1.0 Daemon Server] - 2026-07-24T12:08:07.646Z - Done responding to the client handleGetConfigureAiAgentsStatus
[NX v23.1.0 Daemon Server] - 2026-07-24T12:08:07.646Z - Handled json message GET_CONFIGURE_AI_AGENTS_STATUS. Handling time: 0. Response time: 0.
[NX v23.1.0 Daemon Client] - 2026-07-24T12:08:07.646Z - [Messenger] Received message, length: 441
[NX v23.1.0 Daemon Client] - 2026-07-24T12:08:07.648Z - [Messenger] Sending message type: POST_TASKS_EXECUTION
[NX v23.1.0 Daemon Client] - 2026-07-24T12:08:07.648Z - [Messenger] Message sent
[NX v23.1.0 Daemon Server] - 2026-07-24T12:08:07.649Z - Received raw message of length 1662
[NX v23.1.0 Daemon Server] - 2026-07-24T12:08:07.649Z - Received json message of type POST_TASKS_EXECUTION
[NX v23.1.0 Daemon Server] - 2026-07-24T12:08:07.649Z - Serializing response for POST_TASKS_EXECUTION message in json mode
[NX v23.1.0 Daemon Server] - 2026-07-24T12:08:07.649Z - Responding to POST_TASKS_EXECUTION message
[NX v23.1.0 Daemon Server] - 2026-07-24T12:08:07.649Z - [REQUEST]: Responding to the client. handleRunPostTasksExecution
[NX v23.1.0 Daemon Server] - 2026-07-24T12:08:07.649Z - Done responding to the client handleRunPostTasksExecution
[NX v23.1.0 Daemon Server] - 2026-07-24T12:08:07.649Z - Handled json message POST_TASKS_EXECUTION. Handling time: 0. Response time: 0.
[NX v23.1.0 Daemon Server] - 2026-07-24T12:08:07.649Z - Time taken for 'postTasksExecution' 0.17125000001396984ms
[NX v23.1.0 Daemon Client] - 2026-07-24T12:08:07.649Z - [Messenger] Received message, length: 4
[NX v23.1.0 Daemon Server] - 2026-07-24T12:08:07.657Z - Closed a connection. Number of open connections: 2

[7m[1m[38;5;214m NX [39m[22m[27m  [38;5;214mNx Cloud: Stored 17740722538224651554 /Users/paiva/git/beckerin/pixie-block/.nx/cache/terminalOutputs/17740722538224651554[39m

[NX v23.1.0 Daemon Server] - 2026-07-24T12:08:07.887Z - Done uploading file artifacts
[NX v23.1.0 Daemon Server] - 2026-07-24T12:08:07.887Z - Sending EndRun request
[Nx Cloud Debug] Attempting to acquire filesystem lock with path:  /Users/paiva/git/beckerin/pixie-block/.nx/cache/client-instance-id.lock
[Nx Cloud Debug] Failed to create folder lock at path: /Users/paiva/git/beckerin/pixie-block/.nx/cache/client-instance-id.lock
[Nx Cloud] Unable to detect a VCS context from the environment.

[7m[1m[38;5;214m NX [39m[22m[27m  [38;5;214mRunEnd. Completed tasks[39m


[
  "pixie-block:build"
]

RunEnd duration: 193
[NX v23.1.0 Daemon Server] - 2026-07-24T12:08:08.082Z - Done sending EndRun request
DEBUG nx::native::watch::watcher: idle-window emitting events count=1
DEBUG nx::native::watch::watcher: idle-window emitting events count=3
DEBUG nx::native::watch::watcher:   [create] pixie-block/config/validator-key.json
DEBUG nx::native::watch::watcher:   [create] pixie-block/config/keystore.json
DEBUG nx::native::watch::watcher:   [update] pixie-block/config/genesis.json
DEBUG nx::native::watch::watcher:   [update] pixie-block/config/genesis.json
[NX v23.1.0 Daemon Server] - 2026-07-24T12:08:56.047Z - [WATCHER]: Processing file changes in outputs
[NX v23.1.0 Daemon Server] - 2026-07-24T12:08:56.047Z - [WATCHER]: pixie-block/config/genesis.json was modified
[NX v23.1.0 Daemon Server] - 2026-07-24T12:08:56.047Z - [WATCHER]: [watcher] routeWorkspaceChanges batch: 1 events: update:pixie-block/config/genesis.json
[NX v23.1.0 Daemon Server] - 2026-07-24T12:08:56.047Z - [WATCHER]: File changes detected:
Created:
(none)
Updated:
  - pixie-block/config/genesis.json
Deleted:
(none)
[NX v23.1.0 Daemon Server] - 2026-07-24T12:08:56.048Z - [SYNC]: clearing sync generators cache due to file changes
[NX v23.1.0 Daemon Server] - 2026-07-24T12:08:56.048Z - [REQUEST]: Updated workspace context based on watched changes, recomputing project graph...
[NX v23.1.0 Daemon Server] - 2026-07-24T12:08:56.048Z - [REQUEST]: pixie-block/config/genesis.json
[NX v23.1.0 Daemon Server] - 2026-07-24T12:08:56.048Z - [REQUEST]: 
[plugin-client] restarting worker for "@nx-go/nx-go"
[isolated-plugin] spawned worker for "@nx-go/nx-go" (pid: 12223, socket: /private/tmp/plugin7350-52-612560.812.sock)
[plugin-client] restarting worker for "nx/js/dependencies-and-lockfile"
[isolated-plugin] spawned worker for "nx/js/dependencies-and-lockfile" (pid: 12224, socket: /private/tmp/plugin7350-53-612562.117625.sock)
[plugin-client] restarting worker for "nx/core/package-json"
[isolated-plugin] spawned worker for "nx/core/package-json" (pid: 12225, socket: /private/tmp/plugin7350-54-612562.860875.sock)
[plugin-client] restarting worker for "nx/core/project-json"
[isolated-plugin] spawned worker for "nx/core/project-json" (pid: 12226, socket: /private/tmp/plugin7350-55-612563.599084.sock)
[NX v23.1.0 Daemon Server] - 2026-07-24T12:08:56.053Z - Time taken for 'hash changed files from watcher' 0.22416700003668666ms
[plugin-worker] "nx/js/dependencies-and-lockfile" (pid: 12224) listening on /private/tmp/plugin7350-53-612562.117625.sock
[plugin-worker] "nx/core/package-json" (pid: 12225) listening on /private/tmp/plugin7350-54-612562.860875.sock
[plugin-worker] "nx/core/project-json" (pid: 12226) listening on /private/tmp/plugin7350-55-612563.599084.sock
[plugin-worker] "@nx-go/nx-go" (pid: 12223) listening on /private/tmp/plugin7350-52-612560.812.sock
[isolated-plugin] connected to worker for "@nx-go/nx-go" (pid: 12223)
[isolated-plugin] connected to worker for "nx/js/dependencies-and-lockfile" (pid: 12224)
[isolated-plugin] connected to worker for "nx/core/package-json" (pid: 12225)
[isolated-plugin] connected to worker for "nx/core/project-json" (pid: 12226)
[NX v23.1.0 Daemon Server] - 2026-07-24T12:08:56.269Z - Time taken for 'start-plugin-worker:@nx-go/nx-go' 218.98762500006706ms
[NX v23.1.0 Daemon Server] - 2026-07-24T12:08:56.269Z - Time taken for 'start-plugin-worker:nx/js/dependencies-and-lockfile' 218.42875000007916ms
[NX v23.1.0 Daemon Server] - 2026-07-24T12:08:56.269Z - Time taken for 'start-plugin-worker:nx/core/package-json' 217.82179200008977ms
[NX v23.1.0 Daemon Server] - 2026-07-24T12:08:56.269Z - Time taken for 'start-plugin-worker:nx/core/project-json' 217.3108329999959ms
Time taken for 'plugin worker 12224 code loading' 168.83383400000002ms
[plugin-worker] "nx/js/dependencies-and-lockfile" (pid: 12224) connected
[plugin-worker] "nx/core/project-json" (pid: 12226) connected
Time taken for 'plugin worker 12226 code loading' 162.092333ms
Time taken for 'plugin worker 12225 code loading' 171.531792ms
[plugin-worker] "nx/core/package-json" (pid: 12225) connected
[plugin-worker] "@nx-go/nx-go" (pid: 12223) connected
Time taken for 'plugin worker 12223 code loading' 171.948917ms
[plugin-worker] "nx/core/project-json" (pid: 12226) loaded successfully
[plugin-worker] "nx/core/package-json" (pid: 12225) loaded successfully
[isolated-plugin] shutting down worker for "nx/core/project-json" after createNodes
[isolated-plugin] shutting down worker for "nx/core/package-json" after createNodes
[plugin-worker] "nx/js/dependencies-and-lockfile" (pid: 12224) loaded successfully
Time taken for 'nx/js/dependencies-and-lockfile:createNodes' 3.4273330000000044ms
[plugin-worker] "@nx-go/nx-go" (pid: 12223) loaded successfully
[NX v23.1.0 Daemon Server] - 2026-07-24T12:08:56.344Z - Time taken for 'build-project-configs' 294.93162500008475ms
[NX v23.1.0 Daemon Server] - 2026-07-24T12:08:56.345Z - Time taken for 'createNodes:merge' 0.4411250000121072ms
Time taken for '@nx-go/nx-go:createNodes' 0.420708999999988ms
Time taken for 'build typescript dependencies' 0.5099579999999833ms
[isolated-plugin] shutting down worker for "nx/js/dependencies-and-lockfile" after createDependencies
[NX v23.1.0 Daemon Server] - 2026-07-24T12:08:56.623Z - Time taken for 'nx/js/dependencies-and-lockfile:createDependencies' 278.4376250000205ms
[isolated-plugin] shutting down worker for "@nx-go/nx-go" after createDependencies
[NX v23.1.0 Daemon Server] - 2026-07-24T12:08:56.631Z - [SYNC]: collect registered sync generators
[NX v23.1.0 Daemon Server] - 2026-07-24T12:08:56.631Z - [SYNC]: project graph hash is the same, not collecting task sync generators
[NX v23.1.0 Daemon Server] - 2026-07-24T12:08:56.631Z - [SYNC]: nx.json hash is the same, not collecting global sync generators
[NX v23.1.0 Daemon Server] - 2026-07-24T12:08:56.632Z - Wrote project graph cache to /Users/paiva/git/beckerin/pixie-block/.nx/workspace-data/project-graph.json
[NX v23.1.0 Daemon Server] - 2026-07-24T12:08:56.632Z - Serializing response for PROJECT_GRAPH_UPDATED message in json mode
[NX v23.1.0 Daemon Server] - 2026-07-24T12:08:56.632Z - Responding to PROJECT_GRAPH_UPDATED message
[NX v23.1.0 Daemon Server] - 2026-07-24T12:08:56.632Z - [REQUEST]: Responding to the client. Project graph updated
[NX v23.1.0 Daemon Server] - 2026-07-24T12:08:56.632Z - Time taken for 'total execution time for createProjectGraph()' 286.6957920000423ms
[NX v23.1.0 Daemon Server] - 2026-07-24T12:08:56.632Z - Time taken for 'createDependencies' 286.2046669999836ms
[NX v23.1.0 Daemon Server] - 2026-07-24T12:08:56.632Z - Time taken for '@nx-go/nx-go:createDependencies' 286.16179100004956ms
[NX v23.1.0 Daemon Server] - 2026-07-24T12:08:56.632Z - Time taken for 'createMetadata' 0.008750000037252903ms
[NX v23.1.0 Daemon Server] - 2026-07-24T12:08:56.632Z - Time taken for 'serialize graph' 0.15912500000558794ms
[NX v23.1.0 Daemon Server] - 2026-07-24T12:08:56.632Z - Time taken for 'write cache' 1.119916999945417ms
[NX v23.1.0 Daemon Server] - 2026-07-24T12:08:56.632Z - Done responding to the client Project graph updated
[NX v23.1.0 Daemon Server] - 2026-07-24T12:08:56.632Z - Handled json message PROJECT_GRAPH_UPDATED. Handling time: 1. Response time: 0.
[NX v23.1.0 Daemon Client] - 2026-07-24T12:08:56.633Z - [Messenger] Received message, length: 54000
DEBUG nx::native::telemetry::service: Sent 1 events: [nx/js/dependencies-and-lockfile:createDe]
DEBUG nx::native::telemetry::service: Sent 1 events: [@nx-go/nx-go:createDependencies]
[NX v23.1.0 Daemon Client] - 2026-07-24T12:08:57.636Z - [Messenger] Sending message type: GET_CONTEXT_FILE_DATA
[NX v23.1.0 Daemon Client] - 2026-07-24T12:08:57.636Z - [Messenger] Message sent
[NX v23.1.0 Daemon Server] - 2026-07-24T12:08:57.636Z - Established a connection. Number of open connections: 3
[NX v23.1.0 Daemon Server] - 2026-07-24T12:08:57.637Z - Received raw message of length 32
[NX v23.1.0 Daemon Server] - 2026-07-24T12:08:57.637Z - Received json message of type GET_CONTEXT_FILE_DATA
[NX v23.1.0 Daemon Server] - 2026-07-24T12:08:57.637Z - Serializing response for GET_CONTEXT_FILE_DATA message in json mode
[NX v23.1.0 Daemon Server] - 2026-07-24T12:08:57.637Z - Responding to GET_CONTEXT_FILE_DATA message
[NX v23.1.0 Daemon Server] - 2026-07-24T12:08:57.637Z - [REQUEST]: Responding to the client. handleContextFileData
[NX v23.1.0 Daemon Server] - 2026-07-24T12:08:57.637Z - Done responding to the client handleContextFileData
[NX v23.1.0 Daemon Server] - 2026-07-24T12:08:57.637Z - Handled json message GET_CONTEXT_FILE_DATA. Handling time: 0. Response time: 0.
[NX v23.1.0 Daemon Server] - 2026-07-24T12:08:57.637Z - Closed a connection. Number of open connections: 2
[NX v23.1.0 Daemon Client] - 2026-07-24T12:08:57.637Z - [Messenger] Received message, length: 4135
[NX v23.1.0 Daemon Client] - 2026-07-24T12:08:57.657Z - [ProjectGraphListener] Socket closed, triggering reconnection
[NX v23.1.0 Daemon Server] - 2026-07-24T12:08:57.657Z - Closed a connection. Number of open connections: 1
[NX v23.1.0 Daemon Server] - 2026-07-24T12:08:57.657Z - Established a connection. Number of open connections: 2
[NX v23.1.0 Daemon Client] - 2026-07-24T12:08:57.657Z - [Messenger] Setting up socket listeners
[NX v23.1.0 Daemon Client] - 2026-07-24T12:08:57.657Z - [Messenger] listen() complete
[NX v23.1.0 Daemon Client] - 2026-07-24T12:08:57.657Z - [Messenger] Sending message type: REGISTER_PROJECT_GRAPH_LISTENER
[NX v23.1.0 Daemon Server] - 2026-07-24T12:08:57.657Z - Established a connection. Number of open connections: 3
[NX v23.1.0 Daemon Client] - 2026-07-24T12:08:57.657Z - [Messenger] Message sent
[NX v23.1.0 Daemon Server] - 2026-07-24T12:08:57.658Z - Closed a connection. Number of open connections: 2
[NX v23.1.0 Daemon Server] - 2026-07-24T12:08:57.658Z - Received raw message of length 42
[NX v23.1.0 Daemon Server] - 2026-07-24T12:08:57.658Z - Received json message of type REGISTER_PROJECT_GRAPH_LISTENER
DEBUG nx::native::watch::watcher: idle-window emitting events count=1
DEBUG nx::native::watch::watcher: idle-window emitting events count=1
DEBUG nx::native::watch::watcher:   [create] pixie-block/cmd/node
DEBUG nx::native::watch::watcher:   [create] pixie-block/cmd/node
[NX v23.1.0 Daemon Server] - 2026-07-24T12:09:58.895Z - [WATCHER]: pixie-block/cmd/node was created or restored
[NX v23.1.0 Daemon Server] - 2026-07-24T12:09:58.895Z - [WATCHER]: [watcher] routeWorkspaceChanges batch: 1 events: create:pixie-block/cmd/node
[NX v23.1.0 Daemon Server] - 2026-07-24T12:09:58.895Z - [WATCHER]: File changes detected:
Created:
  - pixie-block/cmd/node
Updated:
(none)
Deleted:
(none)
[NX v23.1.0 Daemon Server] - 2026-07-24T12:09:58.895Z - [SYNC]: clearing sync generators cache due to file changes
[NX v23.1.0 Daemon Server] - 2026-07-24T12:09:58.897Z - [REQUEST]: Updated workspace context based on watched changes, recomputing project graph...
[NX v23.1.0 Daemon Server] - 2026-07-24T12:09:58.897Z - [REQUEST]: pixie-block/cmd/node
[NX v23.1.0 Daemon Server] - 2026-07-24T12:09:58.897Z - [REQUEST]: 
[plugin-client] restarting worker for "@nx-go/nx-go"
[isolated-plugin] spawned worker for "@nx-go/nx-go" (pid: 12692, socket: /private/tmp/plugin7350-56-675409.456334.sock)
[plugin-client] restarting worker for "nx/js/dependencies-and-lockfile"
[isolated-plugin] spawned worker for "nx/js/dependencies-and-lockfile" (pid: 12694, socket: /private/tmp/plugin7350-57-675410.74775.sock)
[plugin-client] restarting worker for "nx/core/package-json"
[isolated-plugin] spawned worker for "nx/core/package-json" (pid: 12695, socket: /private/tmp/plugin7350-58-675411.41425.sock)
[plugin-client] restarting worker for "nx/core/project-json"
[isolated-plugin] spawned worker for "nx/core/project-json" (pid: 12696, socket: /private/tmp/plugin7350-59-675411.966209.sock)
[NX v23.1.0 Daemon Server] - 2026-07-24T12:09:58.901Z - [WATCHER]: Processing file changes in outputs
[NX v23.1.0 Daemon Server] - 2026-07-24T12:09:58.902Z - Time taken for 'hash changed files from watcher' 0.19866700004786253ms
[isolated-plugin] connected to worker for "nx/core/package-json" (pid: 12695)
[NX v23.1.0 Daemon Server] - 2026-07-24T12:09:59.264Z - Time taken for 'start-plugin-worker:nx/core/package-json' 363.9130839999998ms
[plugin-worker] "nx/core/package-json" (pid: 12695) listening on /private/tmp/plugin7350-58-675411.41425.sock
[plugin-worker] "@nx-go/nx-go" (pid: 12692) listening on /private/tmp/plugin7350-56-675409.456334.sock
[plugin-worker] "nx/core/project-json" (pid: 12696) listening on /private/tmp/plugin7350-59-675411.966209.sock
[plugin-worker] "nx/js/dependencies-and-lockfile" (pid: 12694) listening on /private/tmp/plugin7350-57-675410.74775.sock
Time taken for 'plugin worker 12694 code loading' 240.297125ms
[plugin-worker] "nx/core/package-json" (pid: 12695) connected
Time taken for 'plugin worker 12695 code loading' 235.566417ms
Time taken for 'plugin worker 12696 code loading' 236.097416ms
Time taken for 'plugin worker 12692 code loading' 254.895291ms
[isolated-plugin] connected to worker for "@nx-go/nx-go" (pid: 12692)
[isolated-plugin] connected to worker for "nx/js/dependencies-and-lockfile" (pid: 12694)
[isolated-plugin] connected to worker for "nx/core/project-json" (pid: 12696)
[NX v23.1.0 Daemon Server] - 2026-07-24T12:09:59.277Z - Time taken for 'start-plugin-worker:@nx-go/nx-go' 377.90420800005086ms
[NX v23.1.0 Daemon Server] - 2026-07-24T12:09:59.277Z - Time taken for 'start-plugin-worker:nx/js/dependencies-and-lockfile' 377.47012499999255ms
[NX v23.1.0 Daemon Server] - 2026-07-24T12:09:59.277Z - Time taken for 'start-plugin-worker:nx/core/project-json' 376.50795899995137ms
[plugin-worker] "nx/js/dependencies-and-lockfile" (pid: 12694) connected
[plugin-worker] "nx/core/package-json" (pid: 12695) loaded successfully
[plugin-worker] "nx/core/project-json" (pid: 12696) connected
[plugin-worker] "@nx-go/nx-go" (pid: 12692) connected
[plugin-worker] "nx/core/project-json" (pid: 12696) loaded successfully
[isolated-plugin] shutting down worker for "nx/core/project-json" after createNodes
[isolated-plugin] shutting down worker for "nx/core/package-json" after createNodes
[plugin-worker] "nx/js/dependencies-and-lockfile" (pid: 12694) loaded successfully
Time taken for 'nx/js/dependencies-and-lockfile:createNodes' 2.3877500000000396ms
[plugin-worker] "@nx-go/nx-go" (pid: 12692) loaded successfully
[NX v23.1.0 Daemon Server] - 2026-07-24T12:09:59.345Z - Time taken for 'build-project-configs' 445.9737080000341ms
[NX v23.1.0 Daemon Server] - 2026-07-24T12:09:59.345Z - Time taken for 'createNodes:merge' 0.3280839999206364ms
Time taken for '@nx-go/nx-go:createNodes' 0.47787500000004ms
Time taken for 'build typescript dependencies' 0.5191669999999249ms
[isolated-plugin] shutting down worker for "nx/js/dependencies-and-lockfile" after createDependencies
[NX v23.1.0 Daemon Server] - 2026-07-24T12:09:59.630Z - Time taken for 'nx/js/dependencies-and-lockfile:createDependencies' 285.8530420000898ms
[isolated-plugin] shutting down worker for "@nx-go/nx-go" after createDependencies
[NX v23.1.0 Daemon Server] - 2026-07-24T12:09:59.643Z - [SYNC]: collect registered sync generators
[NX v23.1.0 Daemon Server] - 2026-07-24T12:09:59.643Z - [SYNC]: project graph hash is the same, not collecting task sync generators
[NX v23.1.0 Daemon Server] - 2026-07-24T12:09:59.643Z - [SYNC]: nx.json hash is the same, not collecting global sync generators
[NX v23.1.0 Daemon Server] - 2026-07-24T12:09:59.644Z - Wrote project graph cache to /Users/paiva/git/beckerin/pixie-block/.nx/workspace-data/project-graph.json
[NX v23.1.0 Daemon Server] - 2026-07-24T12:09:59.644Z - Serializing response for PROJECT_GRAPH_UPDATED message in json mode
[NX v23.1.0 Daemon Server] - 2026-07-24T12:09:59.644Z - Responding to PROJECT_GRAPH_UPDATED message
[NX v23.1.0 Daemon Server] - 2026-07-24T12:09:59.644Z - [REQUEST]: Responding to the client. Project graph updated
[NX v23.1.0 Daemon Server] - 2026-07-24T12:09:59.644Z - Time taken for 'total execution time for createProjectGraph()' 298.814916000003ms
[NX v23.1.0 Daemon Server] - 2026-07-24T12:09:59.644Z - Time taken for 'createDependencies' 298.156917000073ms
[NX v23.1.0 Daemon Server] - 2026-07-24T12:09:59.644Z - Time taken for '@nx-go/nx-go:createDependencies' 298.1167500000447ms
[NX v23.1.0 Daemon Server] - 2026-07-24T12:09:59.644Z - Time taken for 'createMetadata' 0.008916000020690262ms
[NX v23.1.0 Daemon Server] - 2026-07-24T12:09:59.644Z - Time taken for 'serialize graph' 0.16725000005681068ms
[NX v23.1.0 Daemon Server] - 2026-07-24T12:09:59.644Z - Time taken for 'write cache' 1.140625ms
[NX v23.1.0 Daemon Server] - 2026-07-24T12:09:59.645Z - Done responding to the client Project graph updated
[NX v23.1.0 Daemon Server] - 2026-07-24T12:09:59.645Z - Handled json message PROJECT_GRAPH_UPDATED. Handling time: 1. Response time: 1.
[NX v23.1.0 Daemon Client] - 2026-07-24T12:09:59.645Z - [Messenger] Received message, length: 54000
DEBUG nx::native::telemetry::service: Sent 1 events: [nx/js/dependencies-and-lockfile:createDe]
DEBUG nx::native::telemetry::service: Sent 1 events: [@nx-go/nx-go:createDependencies]
[NX v23.1.0 Daemon Client] - 2026-07-24T12:10:00.648Z - [Messenger] Sending message type: GET_CONTEXT_FILE_DATA
[NX v23.1.0 Daemon Client] - 2026-07-24T12:10:00.648Z - [Messenger] Message sent
[NX v23.1.0 Daemon Server] - 2026-07-24T12:10:00.648Z - Established a connection. Number of open connections: 3
[NX v23.1.0 Daemon Server] - 2026-07-24T12:10:00.649Z - Received raw message of length 32
[NX v23.1.0 Daemon Server] - 2026-07-24T12:10:00.649Z - Received json message of type GET_CONTEXT_FILE_DATA
[NX v23.1.0 Daemon Server] - 2026-07-24T12:10:00.649Z - Serializing response for GET_CONTEXT_FILE_DATA message in json mode
[NX v23.1.0 Daemon Server] - 2026-07-24T12:10:00.649Z - Responding to GET_CONTEXT_FILE_DATA message
[NX v23.1.0 Daemon Server] - 2026-07-24T12:10:00.649Z - [REQUEST]: Responding to the client. handleContextFileData
[NX v23.1.0 Daemon Server] - 2026-07-24T12:10:00.649Z - Done responding to the client handleContextFileData
[NX v23.1.0 Daemon Server] - 2026-07-24T12:10:00.649Z - Handled json message GET_CONTEXT_FILE_DATA. Handling time: 0. Response time: 0.
[NX v23.1.0 Daemon Client] - 2026-07-24T12:10:00.649Z - [Messenger] Received message, length: 4196
[NX v23.1.0 Daemon Server] - 2026-07-24T12:10:00.649Z - Closed a connection. Number of open connections: 2
[NX v23.1.0 Daemon Client] - 2026-07-24T12:10:00.671Z - [ProjectGraphListener] Socket closed, triggering reconnection
[NX v23.1.0 Daemon Server] - 2026-07-24T12:10:00.671Z - Closed a connection. Number of open connections: 1
[NX v23.1.0 Daemon Client] - 2026-07-24T12:10:00.672Z - [Messenger] Setting up socket listeners
[NX v23.1.0 Daemon Server] - 2026-07-24T12:10:00.672Z - Established a connection. Number of open connections: 2
[NX v23.1.0 Daemon Client] - 2026-07-24T12:10:00.672Z - [Messenger] listen() complete
[NX v23.1.0 Daemon Client] - 2026-07-24T12:10:00.672Z - [Messenger] Sending message type: REGISTER_PROJECT_GRAPH_LISTENER
[NX v23.1.0 Daemon Server] - 2026-07-24T12:10:00.672Z - Established a connection. Number of open connections: 3
[NX v23.1.0 Daemon Client] - 2026-07-24T12:10:00.672Z - [Messenger] Message sent
[NX v23.1.0 Daemon Server] - 2026-07-24T12:10:00.672Z - Closed a connection. Number of open connections: 2
[NX v23.1.0 Daemon Server] - 2026-07-24T12:10:00.672Z - Received raw message of length 42
[NX v23.1.0 Daemon Server] - 2026-07-24T12:10:00.672Z - Received json message of type REGISTER_PROJECT_GRAPH_LISTENER
DEBUG nx::native::watch::watcher: idle-window emitting events count=1
DEBUG nx::native::watch::watcher:   [update] go.work.sum
DEBUG nx::native::watch::watcher: idle-window emitting events count=1
DEBUG nx::native::watch::watcher:   [update] go.work.sum
[NX v23.1.0 Daemon Server] - 2026-07-24T12:11:01.209Z - [WATCHER]: go.work.sum was modified
[NX v23.1.0 Daemon Server] - 2026-07-24T12:11:01.210Z - [WATCHER]: [watcher] routeWorkspaceChanges batch: 1 events: update:go.work.sum
[NX v23.1.0 Daemon Server] - 2026-07-24T12:11:01.210Z - [WATCHER]: File changes detected:
Created:
(none)
Updated:
  - go.work.sum
Deleted:
(none)
[NX v23.1.0 Daemon Server] - 2026-07-24T12:11:01.211Z - [SYNC]: clearing sync generators cache due to file changes
[NX v23.1.0 Daemon Server] - 2026-07-24T12:11:01.211Z - [REQUEST]: Updated workspace context based on watched changes, recomputing project graph...
[NX v23.1.0 Daemon Server] - 2026-07-24T12:11:01.211Z - [REQUEST]: go.work.sum
[NX v23.1.0 Daemon Server] - 2026-07-24T12:11:01.211Z - [REQUEST]: 
[plugin-client] restarting worker for "@nx-go/nx-go"
[isolated-plugin] spawned worker for "@nx-go/nx-go" (pid: 13207, socket: /private/tmp/plugin7350-60-737723.656792.sock)
[plugin-client] restarting worker for "nx/js/dependencies-and-lockfile"
[isolated-plugin] spawned worker for "nx/js/dependencies-and-lockfile" (pid: 13214, socket: /private/tmp/plugin7350-61-737724.917125.sock)
[plugin-client] restarting worker for "nx/core/package-json"
[isolated-plugin] spawned worker for "nx/core/package-json" (pid: 13215, socket: /private/tmp/plugin7350-62-737725.545375.sock)
[plugin-client] restarting worker for "nx/core/project-json"
[isolated-plugin] spawned worker for "nx/core/project-json" (pid: 13216, socket: /private/tmp/plugin7350-63-737726.21225.sock)
[NX v23.1.0 Daemon Server] - 2026-07-24T12:11:01.215Z - [WATCHER]: Processing file changes in outputs
[NX v23.1.0 Daemon Server] - 2026-07-24T12:11:01.216Z - Time taken for 'hash changed files from watcher' 0.21395800006575882ms
[plugin-worker] "nx/core/project-json" (pid: 13216) listening on /private/tmp/plugin7350-63-737726.21225.sock
[plugin-worker] "@nx-go/nx-go" (pid: 13207) listening on /private/tmp/plugin7350-60-737723.656792.sock
[plugin-worker] "nx/js/dependencies-and-lockfile" (pid: 13214) listening on /private/tmp/plugin7350-61-737724.917125.sock
[plugin-worker] "nx/core/package-json" (pid: 13215) listening on /private/tmp/plugin7350-62-737725.545375.sock
Time taken for 'plugin worker 13216 code loading' 237.94549999999998ms
Time taken for 'plugin worker 13207 code loading' 238.144375ms
Time taken for 'plugin worker 13214 code loading' 237.09387499999997ms
Time taken for 'plugin worker 13215 code loading' 237.986708ms
[isolated-plugin] connected to worker for "@nx-go/nx-go" (pid: 13207)
[isolated-plugin] connected to worker for "nx/js/dependencies-and-lockfile" (pid: 13214)
[isolated-plugin] connected to worker for "nx/core/package-json" (pid: 13215)
[isolated-plugin] connected to worker for "nx/core/project-json" (pid: 13216)
[NX v23.1.0 Daemon Server] - 2026-07-24T12:11:01.513Z - Time taken for 'start-plugin-worker:@nx-go/nx-go' 300.1548339999281ms
[NX v23.1.0 Daemon Server] - 2026-07-24T12:11:01.513Z - Time taken for 'start-plugin-worker:nx/js/dependencies-and-lockfile' 299.1353750000708ms
[NX v23.1.0 Daemon Server] - 2026-07-24T12:11:01.513Z - Time taken for 'start-plugin-worker:nx/core/package-json' 298.5905420000199ms
[NX v23.1.0 Daemon Server] - 2026-07-24T12:11:01.513Z - Time taken for 'start-plugin-worker:nx/core/project-json' 298.01579099998344ms
[plugin-worker] "nx/core/package-json" (pid: 13215) connected
[plugin-worker] "nx/core/project-json" (pid: 13216) connected
[plugin-worker] "@nx-go/nx-go" (pid: 13207) connected
[plugin-worker] "nx/js/dependencies-and-lockfile" (pid: 13214) connected
[plugin-worker] "nx/core/package-json" (pid: 13215) loaded successfully
[plugin-worker] "nx/core/project-json" (pid: 13216) loaded successfully
[isolated-plugin] shutting down worker for "nx/core/project-json" after createNodes
[isolated-plugin] shutting down worker for "nx/core/package-json" after createNodes
[plugin-worker] "nx/js/dependencies-and-lockfile" (pid: 13214) loaded successfully
Time taken for 'nx/js/dependencies-and-lockfile:createNodes' 2.0462080000000356ms
[plugin-worker] "@nx-go/nx-go" (pid: 13207) loaded successfully
[NX v23.1.0 Daemon Server] - 2026-07-24T12:11:01.583Z - Time taken for 'build-project-configs' 370.04825000010896ms
[NX v23.1.0 Daemon Server] - 2026-07-24T12:11:01.583Z - Time taken for 'createNodes:merge' 0.3978340000612661ms
Time taken for '@nx-go/nx-go:createNodes' 0.4271669999999972ms
Time taken for 'build typescript dependencies' 0.07295799999997143ms
[isolated-plugin] shutting down worker for "nx/js/dependencies-and-lockfile" after createDependencies
[NX v23.1.0 Daemon Server] - 2026-07-24T12:11:01.864Z - Time taken for 'nx/js/dependencies-and-lockfile:createDependencies' 281.1037500000093ms
[isolated-plugin] shutting down worker for "@nx-go/nx-go" after createDependencies
[NX v23.1.0 Daemon Server] - 2026-07-24T12:11:01.873Z - [SYNC]: collect registered sync generators
[NX v23.1.0 Daemon Server] - 2026-07-24T12:11:01.873Z - [SYNC]: project graph hash is the same, not collecting task sync generators
[NX v23.1.0 Daemon Server] - 2026-07-24T12:11:01.873Z - [SYNC]: nx.json hash is the same, not collecting global sync generators
[NX v23.1.0 Daemon Server] - 2026-07-24T12:11:01.874Z - Wrote project graph cache to /Users/paiva/git/beckerin/pixie-block/.nx/workspace-data/project-graph.json
[NX v23.1.0 Daemon Server] - 2026-07-24T12:11:01.875Z - Serializing response for PROJECT_GRAPH_UPDATED message in json mode
[NX v23.1.0 Daemon Server] - 2026-07-24T12:11:01.875Z - Responding to PROJECT_GRAPH_UPDATED message
[NX v23.1.0 Daemon Server] - 2026-07-24T12:11:01.875Z - [REQUEST]: Responding to the client. Project graph updated
[NX v23.1.0 Daemon Server] - 2026-07-24T12:11:01.875Z - Time taken for 'total execution time for createProjectGraph()' 290.374332999927ms
[NX v23.1.0 Daemon Server] - 2026-07-24T12:11:01.875Z - Time taken for 'createDependencies' 289.83787499996834ms
[NX v23.1.0 Daemon Server] - 2026-07-24T12:11:01.875Z - Time taken for '@nx-go/nx-go:createDependencies' 289.79087499994785ms
[NX v23.1.0 Daemon Server] - 2026-07-24T12:11:01.875Z - Time taken for 'createMetadata' 0.012749999994412065ms
[NX v23.1.0 Daemon Server] - 2026-07-24T12:11:01.875Z - Time taken for 'serialize graph' 0.1605419999687001ms
[NX v23.1.0 Daemon Server] - 2026-07-24T12:11:01.875Z - Time taken for 'write cache' 1.56208299996797ms
[NX v23.1.0 Daemon Server] - 2026-07-24T12:11:01.875Z - Done responding to the client Project graph updated
[NX v23.1.0 Daemon Server] - 2026-07-24T12:11:01.875Z - Handled json message PROJECT_GRAPH_UPDATED. Handling time: 2. Response time: 0.
[NX v23.1.0 Daemon Client] - 2026-07-24T12:11:01.875Z - [Messenger] Received message, length: 54000
DEBUG nx::native::telemetry::service: Sent 1 events: [nx/js/dependencies-and-lockfile:createDe]
DEBUG nx::native::telemetry::service: Sent 1 events: [@nx-go/nx-go:createDependencies]
[NX v23.1.0 Daemon Client] - 2026-07-24T12:11:02.881Z - [Messenger] Sending message type: GET_CONTEXT_FILE_DATA
[NX v23.1.0 Daemon Server] - 2026-07-24T12:11:02.881Z - Established a connection. Number of open connections: 3
[NX v23.1.0 Daemon Client] - 2026-07-24T12:11:02.881Z - [Messenger] Message sent
[NX v23.1.0 Daemon Server] - 2026-07-24T12:11:02.881Z - Received raw message of length 32
[NX v23.1.0 Daemon Server] - 2026-07-24T12:11:02.881Z - Received json message of type GET_CONTEXT_FILE_DATA
[NX v23.1.0 Daemon Server] - 2026-07-24T12:11:02.881Z - Serializing response for GET_CONTEXT_FILE_DATA message in json mode
[NX v23.1.0 Daemon Server] - 2026-07-24T12:11:02.881Z - Responding to GET_CONTEXT_FILE_DATA message
[NX v23.1.0 Daemon Server] - 2026-07-24T12:11:02.881Z - [REQUEST]: Responding to the client. handleContextFileData
[NX v23.1.0 Daemon Server] - 2026-07-24T12:11:02.881Z - Done responding to the client handleContextFileData
[NX v23.1.0 Daemon Server] - 2026-07-24T12:11:02.881Z - Handled json message GET_CONTEXT_FILE_DATA. Handling time: 0. Response time: 0.
[NX v23.1.0 Daemon Client] - 2026-07-24T12:11:02.881Z - [Messenger] Received message, length: 4197
[NX v23.1.0 Daemon Server] - 2026-07-24T12:11:02.881Z - Closed a connection. Number of open connections: 2
[NX v23.1.0 Daemon Client] - 2026-07-24T12:11:02.900Z - [ProjectGraphListener] Socket closed, triggering reconnection
[NX v23.1.0 Daemon Server] - 2026-07-24T12:11:02.900Z - Closed a connection. Number of open connections: 1
[NX v23.1.0 Daemon Client] - 2026-07-24T12:11:02.901Z - [Messenger] Setting up socket listeners
[NX v23.1.0 Daemon Client] - 2026-07-24T12:11:02.901Z - [Messenger] listen() complete
[NX v23.1.0 Daemon Server] - 2026-07-24T12:11:02.901Z - Established a connection. Number of open connections: 2
[NX v23.1.0 Daemon Client] - 2026-07-24T12:11:02.901Z - [Messenger] Sending message type: REGISTER_PROJECT_GRAPH_LISTENER
[NX v23.1.0 Daemon Client] - 2026-07-24T12:11:02.901Z - [Messenger] Message sent
[NX v23.1.0 Daemon Server] - 2026-07-24T12:11:02.902Z - Established a connection. Number of open connections: 3
[NX v23.1.0 Daemon Server] - 2026-07-24T12:11:02.902Z - Closed a connection. Number of open connections: 2
[NX v23.1.0 Daemon Server] - 2026-07-24T12:11:02.902Z - Received raw message of length 42
[NX v23.1.0 Daemon Server] - 2026-07-24T12:11:02.902Z - Received json message of type REGISTER_PROJECT_GRAPH_LISTENER
DEBUG nx::native::watch::watcher: idle-window emitting events count=2
DEBUG nx::native::watch::watcher: idle-window emitting events count=2
DEBUG nx::native::watch::watcher:   [delete] pixie-block/node
DEBUG nx::native::watch::watcher:   [delete] pixie-block/cmd/node
DEBUG nx::native::watch::watcher:   [delete] pixie-block/node
DEBUG nx::native::watch::watcher:   [delete] pixie-block/cmd/node
[NX v23.1.0 Daemon Server] - 2026-07-24T12:13:58.497Z - [WATCHER]: 0 file(s) created or restored, 0 file(s) modified, 2 file(s) deleted
[NX v23.1.0 Daemon Server] - 2026-07-24T12:13:58.498Z - [WATCHER]: [watcher] routeWorkspaceChanges batch: 2 events: delete:pixie-block/node, delete:pixie-block/cmd/node
[NX v23.1.0 Daemon Server] - 2026-07-24T12:13:58.498Z - [WATCHER]: File changes detected:
Created:
(none)
Updated:
(none)
Deleted:
  - pixie-block/node
  - pixie-block/cmd/node
[NX v23.1.0 Daemon Server] - 2026-07-24T12:13:58.498Z - [SYNC]: clearing sync generators cache due to file changes
[NX v23.1.0 Daemon Server] - 2026-07-24T12:13:58.499Z - [REQUEST]: Updated workspace context based on watched changes, recomputing project graph...
[NX v23.1.0 Daemon Server] - 2026-07-24T12:13:58.499Z - [REQUEST]: 
[NX v23.1.0 Daemon Server] - 2026-07-24T12:13:58.499Z - [REQUEST]: pixie-block/node,pixie-block/cmd/node
[plugin-client] restarting worker for "@nx-go/nx-go"
[isolated-plugin] spawned worker for "@nx-go/nx-go" (pid: 15195, socket: /private/tmp/plugin7350-64-915011.167.sock)
[plugin-client] restarting worker for "nx/js/dependencies-and-lockfile"
[isolated-plugin] spawned worker for "nx/js/dependencies-and-lockfile" (pid: 15196, socket: /private/tmp/plugin7350-65-915013.42625.sock)
[plugin-client] restarting worker for "nx/core/package-json"
[isolated-plugin] spawned worker for "nx/core/package-json" (pid: 15197, socket: /private/tmp/plugin7350-66-915014.215292.sock)
[plugin-client] restarting worker for "nx/core/project-json"
[isolated-plugin] spawned worker for "nx/core/project-json" (pid: 15198, socket: /private/tmp/plugin7350-67-915014.796.sock)
[NX v23.1.0 Daemon Server] - 2026-07-24T12:13:58.505Z - [WATCHER]: Processing file changes in outputs
[NX v23.1.0 Daemon Server] - 2026-07-24T12:13:58.506Z - Time taken for 'hash changed files from watcher' 0.3086249999469146ms
[plugin-worker] "@nx-go/nx-go" (pid: 15195) listening on /private/tmp/plugin7350-64-915011.167.sock
[plugin-worker] "nx/core/package-json" (pid: 15197) listening on /private/tmp/plugin7350-66-915014.215292.sock
[plugin-worker] "nx/core/project-json" (pid: 15198) listening on /private/tmp/plugin7350-67-915014.796.sock
Time taken for 'plugin worker 15197 code loading' 208.13745799999998ms
Time taken for 'plugin worker 15198 code loading' 208.363041ms
[plugin-worker] "nx/js/dependencies-and-lockfile" (pid: 15196) listening on /private/tmp/plugin7350-65-915013.42625.sock
Time taken for 'plugin worker 15195 code loading' 207.133416ms
Time taken for 'plugin worker 15196 code loading' 209.69791600000002ms
[isolated-plugin] connected to worker for "@nx-go/nx-go" (pid: 15195)
[isolated-plugin] connected to worker for "nx/js/dependencies-and-lockfile" (pid: 15196)
[isolated-plugin] connected to worker for "nx/core/package-json" (pid: 15197)
[isolated-plugin] connected to worker for "nx/core/project-json" (pid: 15198)
[NX v23.1.0 Daemon Server] - 2026-07-24T12:13:58.762Z - Time taken for 'start-plugin-worker:@nx-go/nx-go' 261.3719999999739ms
[NX v23.1.0 Daemon Server] - 2026-07-24T12:13:58.762Z - Time taken for 'start-plugin-worker:nx/js/dependencies-and-lockfile' 259.5741670000134ms
[NX v23.1.0 Daemon Server] - 2026-07-24T12:13:58.762Z - Time taken for 'start-plugin-worker:nx/core/package-json' 258.84445800003596ms
[NX v23.1.0 Daemon Server] - 2026-07-24T12:13:58.762Z - Time taken for 'start-plugin-worker:nx/core/project-json' 258.3413329999894ms
[plugin-worker] "nx/js/dependencies-and-lockfile" (pid: 15196) connected
[plugin-worker] "@nx-go/nx-go" (pid: 15195) connected
[plugin-worker] "nx/core/package-json" (pid: 15197) connected
[plugin-worker] "nx/core/project-json" (pid: 15198) connected
[plugin-worker] "nx/core/project-json" (pid: 15198) loaded successfully
[isolated-plugin] shutting down worker for "nx/core/project-json" after createNodes
[plugin-worker] "nx/core/package-json" (pid: 15197) loaded successfully
[isolated-plugin] shutting down worker for "nx/core/package-json" after createNodes
[plugin-worker] "nx/js/dependencies-and-lockfile" (pid: 15196) loaded successfully
Time taken for 'nx/js/dependencies-and-lockfile:createNodes' 2.254332999999974ms
[plugin-worker] "@nx-go/nx-go" (pid: 15195) loaded successfully
[NX v23.1.0 Daemon Server] - 2026-07-24T12:13:58.830Z - Time taken for 'build-project-configs' 328.84370800002944ms
[NX v23.1.0 Daemon Server] - 2026-07-24T12:13:58.830Z - Time taken for 'createNodes:merge' 0.38066699996124953ms
Time taken for '@nx-go/nx-go:createNodes' 0.4997500000000059ms
Time taken for 'build typescript dependencies' 0.06987500000002456ms
[isolated-plugin] shutting down worker for "nx/js/dependencies-and-lockfile" after createDependencies
[NX v23.1.0 Daemon Server] - 2026-07-24T12:13:59.136Z - Time taken for 'nx/js/dependencies-and-lockfile:createDependencies' 306.1433749999851ms
[isolated-plugin] shutting down worker for "@nx-go/nx-go" after createDependencies
[NX v23.1.0 Daemon Server] - 2026-07-24T12:13:59.144Z - [SYNC]: collect registered sync generators
[NX v23.1.0 Daemon Server] - 2026-07-24T12:13:59.144Z - [SYNC]: project graph hash is the same, not collecting task sync generators
[NX v23.1.0 Daemon Server] - 2026-07-24T12:13:59.144Z - [SYNC]: nx.json hash is the same, not collecting global sync generators
[NX v23.1.0 Daemon Server] - 2026-07-24T12:13:59.145Z - Wrote project graph cache to /Users/paiva/git/beckerin/pixie-block/.nx/workspace-data/project-graph.json
[NX v23.1.0 Daemon Server] - 2026-07-24T12:13:59.146Z - Serializing response for PROJECT_GRAPH_UPDATED message in json mode
[NX v23.1.0 Daemon Server] - 2026-07-24T12:13:59.146Z - Responding to PROJECT_GRAPH_UPDATED message
[NX v23.1.0 Daemon Server] - 2026-07-24T12:13:59.146Z - [REQUEST]: Responding to the client. Project graph updated
[NX v23.1.0 Daemon Server] - 2026-07-24T12:13:59.146Z - Time taken for 'total execution time for createProjectGraph()' 314.5664579999866ms
[NX v23.1.0 Daemon Server] - 2026-07-24T12:13:59.146Z - Time taken for 'createDependencies' 313.8259170000674ms
[NX v23.1.0 Daemon Server] - 2026-07-24T12:13:59.146Z - Time taken for '@nx-go/nx-go:createDependencies' 313.7870000000112ms
[NX v23.1.0 Daemon Server] - 2026-07-24T12:13:59.146Z - Time taken for 'createMetadata' 0.005958000081591308ms
[NX v23.1.0 Daemon Server] - 2026-07-24T12:13:59.146Z - Time taken for 'serialize graph' 0.16141699999570847ms
[NX v23.1.0 Daemon Server] - 2026-07-24T12:13:59.146Z - Time taken for 'write cache' 1.590375000028871ms
[NX v23.1.0 Daemon Server] - 2026-07-24T12:13:59.146Z - Done responding to the client Project graph updated
[NX v23.1.0 Daemon Server] - 2026-07-24T12:13:59.146Z - Handled json message PROJECT_GRAPH_UPDATED. Handling time: 2. Response time: 0.
[NX v23.1.0 Daemon Client] - 2026-07-24T12:13:59.147Z - [Messenger] Received message, length: 54000
DEBUG nx::native::telemetry::service: Sent 1 events: [nx/js/dependencies-and-lockfile:createDe]
DEBUG nx::native::telemetry::service: Sent 1 events: [@nx-go/nx-go:createDependencies]
[NX v23.1.0 Daemon Client] - 2026-07-24T12:14:00.152Z - [Messenger] Sending message type: GET_CONTEXT_FILE_DATA
[NX v23.1.0 Daemon Server] - 2026-07-24T12:14:00.152Z - Established a connection. Number of open connections: 3
[NX v23.1.0 Daemon Client] - 2026-07-24T12:14:00.152Z - [Messenger] Message sent
[NX v23.1.0 Daemon Server] - 2026-07-24T12:14:00.152Z - Received raw message of length 32
[NX v23.1.0 Daemon Server] - 2026-07-24T12:14:00.152Z - Received json message of type GET_CONTEXT_FILE_DATA
[NX v23.1.0 Daemon Server] - 2026-07-24T12:14:00.152Z - Serializing response for GET_CONTEXT_FILE_DATA message in json mode
[NX v23.1.0 Daemon Server] - 2026-07-24T12:14:00.152Z - Responding to GET_CONTEXT_FILE_DATA message
[NX v23.1.0 Daemon Server] - 2026-07-24T12:14:00.152Z - [REQUEST]: Responding to the client. handleContextFileData
[NX v23.1.0 Daemon Server] - 2026-07-24T12:14:00.152Z - Done responding to the client handleContextFileData
[NX v23.1.0 Daemon Server] - 2026-07-24T12:14:00.152Z - Handled json message GET_CONTEXT_FILE_DATA. Handling time: 0. Response time: 0.
[NX v23.1.0 Daemon Client] - 2026-07-24T12:14:00.152Z - [Messenger] Received message, length: 4071
[NX v23.1.0 Daemon Server] - 2026-07-24T12:14:00.153Z - Closed a connection. Number of open connections: 2
[NX v23.1.0 Daemon Client] - 2026-07-24T12:14:00.175Z - [ProjectGraphListener] Socket closed, triggering reconnection
[NX v23.1.0 Daemon Server] - 2026-07-24T12:14:00.175Z - Closed a connection. Number of open connections: 1
[NX v23.1.0 Daemon Client] - 2026-07-24T12:14:00.176Z - [Messenger] Setting up socket listeners
[NX v23.1.0 Daemon Client] - 2026-07-24T12:14:00.176Z - [Messenger] listen() complete
[NX v23.1.0 Daemon Server] - 2026-07-24T12:14:00.176Z - Established a connection. Number of open connections: 2
[NX v23.1.0 Daemon Client] - 2026-07-24T12:14:00.176Z - [Messenger] Sending message type: REGISTER_PROJECT_GRAPH_LISTENER
[NX v23.1.0 Daemon Client] - 2026-07-24T12:14:00.176Z - [Messenger] Message sent
[NX v23.1.0 Daemon Server] - 2026-07-24T12:14:00.176Z - Established a connection. Number of open connections: 3
[NX v23.1.0 Daemon Server] - 2026-07-24T12:14:00.176Z - Closed a connection. Number of open connections: 2
[NX v23.1.0 Daemon Server] - 2026-07-24T12:14:00.176Z - Received raw message of length 42
[NX v23.1.0 Daemon Server] - 2026-07-24T12:14:00.176Z - Received json message of type REGISTER_PROJECT_GRAPH_LISTENER
DEBUG nx::native::watch::watcher: idle-window emitting events count=2
DEBUG nx::native::watch::watcher:   [delete] pixie-block/bin/pixie-node-go-tmp-umask
DEBUG nx::native::watch::watcher:   [update] pixie-block/bin/pixie-node
[NX v23.1.0 Daemon Server] - 2026-07-24T12:14:05.772Z - [WATCHER]: Processing file changes in outputs
DEBUG nx::native::watch::watcher: idle-window emitting events count=1
DEBUG nx::native::watch::watcher:   [update] pixie-block/bin/pixie-node
[NX v23.1.0 Daemon Server] - 2026-07-24T12:14:13.869Z - [WATCHER]: Processing file changes in outputs
DEBUG nx::native::watch::watcher: idle-window emitting events count=1
DEBUG nx::native::watch::watcher:   [create] pixie-block/data/node1/pixie.db
[NX v23.1.0 Daemon Server] - 2026-07-24T12:14:14.219Z - [WATCHER]: Processing file changes in outputs
DEBUG nx::native::watch::watcher: idle-window emitting events count=1
DEBUG nx::native::watch::watcher:   [create] pixie-block/data/node1/pixie.db
[NX v23.1.0 Daemon Server] - 2026-07-24T12:14:37.432Z - [WATCHER]: Processing file changes in outputs
[NX v23.1.0 Daemon Server] - 2026-07-24T12:14:47.003Z - Established a connection. Number of open connections: 3
[NX v23.1.0 Daemon Server] - 2026-07-24T12:14:47.004Z - Closed a connection. Number of open connections: 2
[NX v23.1.0 Daemon Server] - 2026-07-24T12:14:47.005Z - Established a connection. Number of open connections: 3
[NX v23.1.0 Daemon Server] - 2026-07-24T12:14:47.005Z - Established a connection. Number of open connections: 4
[NX v23.1.0 Daemon Server] - 2026-07-24T12:14:47.005Z - Closed a connection. Number of open connections: 3
[NX v23.1.0 Daemon Client] - 2026-07-24T12:14:47.005Z - [Messenger] Setting up socket listeners
[NX v23.1.0 Daemon Client] - 2026-07-24T12:14:47.006Z - [Messenger] listen() complete
[NX v23.1.0 Daemon Client] - 2026-07-24T12:14:47.014Z - [Messenger] Sending message type: GET_NX_CONSOLE_STATUS
[NX v23.1.0 Daemon Client] - 2026-07-24T12:14:47.015Z - [Messenger] Message sent
[NX v23.1.0 Daemon Server] - 2026-07-24T12:14:47.017Z - Received raw message of length 3734
[NX v23.1.0 Daemon Server] - 2026-07-24T12:14:47.017Z - Received json message of type GET_NX_CONSOLE_STATUS
[NX v23.1.0 Daemon Server] - 2026-07-24T12:14:47.017Z - Serializing response for GET_NX_CONSOLE_STATUS message in json mode
[NX v23.1.0 Daemon Server] - 2026-07-24T12:14:47.017Z - Responding to GET_NX_CONSOLE_STATUS message
[NX v23.1.0 Daemon Server] - 2026-07-24T12:14:47.017Z - [REQUEST]: Responding to the client. handleGetNxConsoleStatus
[NX v23.1.0 Daemon Server] - 2026-07-24T12:14:47.018Z - Done responding to the client handleGetNxConsoleStatus
[NX v23.1.0 Daemon Server] - 2026-07-24T12:14:47.018Z - Handled json message GET_NX_CONSOLE_STATUS. Handling time: 0. Response time: 1.
[NX v23.1.0 Daemon Client] - 2026-07-24T12:14:47.018Z - [Messenger] Received message, length: 22
[NX v23.1.0 Daemon Client] - 2026-07-24T12:14:47.072Z - [Messenger] Sending message type: REQUEST_PROJECT_GRAPH
[NX v23.1.0 Daemon Client] - 2026-07-24T12:14:47.072Z - [Messenger] Message sent
[NX v23.1.0 Daemon Server] - 2026-07-24T12:14:47.072Z - Received raw message of length 32
[NX v23.1.0 Daemon Server] - 2026-07-24T12:14:47.072Z - Received json message of type REQUEST_PROJECT_GRAPH
[NX v23.1.0 Daemon Server] - 2026-07-24T12:14:47.072Z - [REQUEST]: Client Request for Project Graph Received
DEBUG nx::native::watch::watcher: force-flush END count=0 replies=1 elapsed=11.267958ms
[NX v23.1.0 Daemon Server] - 2026-07-24T12:14:47.084Z - Reusing in-memory cached project graph because no files changed.
[NX v23.1.0 Daemon Server] - 2026-07-24T12:14:47.084Z - Serializing response for REQUEST_PROJECT_GRAPH message in json mode
[NX v23.1.0 Daemon Server] - 2026-07-24T12:14:47.084Z - Responding to REQUEST_PROJECT_GRAPH message
[NX v23.1.0 Daemon Server] - 2026-07-24T12:14:47.084Z - [REQUEST]: Responding to the client. project-graph
[NX v23.1.0 Daemon Server] - 2026-07-24T12:14:47.085Z - Time taken for 'total for creating and serializing project graph' 11.700874999980442ms
[NX v23.1.0 Daemon Server] - 2026-07-24T12:14:47.085Z - Done responding to the client project-graph
[NX v23.1.0 Daemon Server] - 2026-07-24T12:14:47.085Z - Handled json message REQUEST_PROJECT_GRAPH. Handling time: 12. Response time: 1.
[NX v23.1.0 Daemon Client] - 2026-07-24T12:14:47.085Z - [Messenger] Received message, length: 54007
[NX v23.1.0 Daemon Client] - 2026-07-24T12:14:47.087Z - [Messenger] Sending message type: PRE_TASKS_EXECUTION
[NX v23.1.0 Daemon Client] - 2026-07-24T12:14:47.087Z - [Messenger] Message sent
[NX v23.1.0 Daemon Server] - 2026-07-24T12:14:47.087Z - Received raw message of length 433
[NX v23.1.0 Daemon Server] - 2026-07-24T12:14:47.087Z - Received json message of type PRE_TASKS_EXECUTION
[NX v23.1.0 Daemon Server] - 2026-07-24T12:14:47.087Z - Serializing response for PRE_TASKS_EXECUTION message in json mode
[NX v23.1.0 Daemon Server] - 2026-07-24T12:14:47.087Z - Responding to PRE_TASKS_EXECUTION message
[NX v23.1.0 Daemon Server] - 2026-07-24T12:14:47.087Z - [REQUEST]: Responding to the client. handleRunPreTasksExecution
[NX v23.1.0 Daemon Server] - 2026-07-24T12:14:47.087Z - Done responding to the client handleRunPreTasksExecution
[NX v23.1.0 Daemon Server] - 2026-07-24T12:14:47.087Z - Handled json message PRE_TASKS_EXECUTION. Handling time: 0. Response time: 0.
[NX v23.1.0 Daemon Server] - 2026-07-24T12:14:47.087Z - Time taken for 'preTasksExecution' 0.14929199998732656ms
[NX v23.1.0 Daemon Client] - 2026-07-24T12:14:47.087Z - [Messenger] Received message, length: 2
[NX v23.1.0 Daemon Client] - 2026-07-24T12:14:47.101Z - [Messenger] Sending message type: HASH_TASKS
[NX v23.1.0 Daemon Client] - 2026-07-24T12:14:47.101Z - [Messenger] Message sent
[NX v23.1.0 Daemon Server] - 2026-07-24T12:14:47.101Z - Received raw message of length 6736
[NX v23.1.0 Daemon Server] - 2026-07-24T12:14:47.101Z - Received json message of type HASH_TASKS
DEBUG nx::native::watch::watcher: force-flush END count=0 replies=1 elapsed=10.926166ms
[NX v23.1.0 Daemon Server] - 2026-07-24T12:14:47.113Z - Reusing in-memory cached project graph because no files changed.
DEBUG nx::native::tasks::hash_planner: get_plans_internal COMPLETED in 209.666µs - processed 1 tasks (setup: 143.333µs, parallel_planning: 64.334µs, pool: 6 unique instructions)
DEBUG nx::native::tasks::hashers::hash_workspace_files: Hashing workspace fileset: Adding "3895922822332558164" (".gitignore") to hash
DEBUG nx::native::tasks::hashers::hash_workspace_files: Hashing workspace fileset: Adding "17520421427198561273" ("nx.json") to hash
DEBUG nx::native::tasks::hashers::hash_workspace_files: Hashing workspace fileset: Hash Value: "10932988427785228146"
DEBUG nx::native::tasks::task_hasher: hash_plans COMPLETED in 469.208µs - processed 1 plans (setup: 17.25µs, hashing: 451.125µs, assembly: 13.334µs)
[NX v23.1.0 Daemon Server] - 2026-07-24T12:14:47.114Z - Serializing response for HASH_TASKS message in json mode
[NX v23.1.0 Daemon Server] - 2026-07-24T12:14:47.114Z - Responding to HASH_TASKS message
[NX v23.1.0 Daemon Server] - 2026-07-24T12:14:47.114Z - [REQUEST]: Responding to the client. handleHashTasks
[NX v23.1.0 Daemon Server] - 2026-07-24T12:14:47.115Z - Done responding to the client handleHashTasks
[NX v23.1.0 Daemon Server] - 2026-07-24T12:14:47.115Z - Handled json message HASH_TASKS. Handling time: 13. Response time: 1.
[NX v23.1.0 Daemon Client] - 2026-07-24T12:14:47.115Z - [Messenger] Received message, length: 569
[NX v23.1.0 Daemon Client] - 2026-07-24T12:14:47.363Z - [Messenger] Sending message type: GET_ESTIMATED_TASK_TIMINGS
[NX v23.1.0 Daemon Client] - 2026-07-24T12:14:47.364Z - [Messenger] Message sent
[NX v23.1.0 Daemon Server] - 2026-07-24T12:14:47.364Z - Received raw message of length 92
[NX v23.1.0 Daemon Server] - 2026-07-24T12:14:47.364Z - Received json message of type GET_ESTIMATED_TASK_TIMINGS
[NX v23.1.0 Daemon Server] - 2026-07-24T12:14:47.364Z - Serializing response for GET_ESTIMATED_TASK_TIMINGS message in json mode
[NX v23.1.0 Daemon Server] - 2026-07-24T12:14:47.364Z - Responding to GET_ESTIMATED_TASK_TIMINGS message
[NX v23.1.0 Daemon Server] - 2026-07-24T12:14:47.364Z - [REQUEST]: Responding to the client. handleGetEstimatedTaskTimings
[NX v23.1.0 Daemon Server] - 2026-07-24T12:14:47.364Z - Done responding to the client handleGetEstimatedTaskTimings
[NX v23.1.0 Daemon Server] - 2026-07-24T12:14:47.364Z - Handled json message GET_ESTIMATED_TASK_TIMINGS. Handling time: 0. Response time: 0.
[NX v23.1.0 Daemon Client] - 2026-07-24T12:14:47.364Z - [Messenger] Received message, length: 2
[NX v23.1.0 Daemon Client] - 2026-07-24T12:14:47.397Z - [Messenger] Sending message type: RECORD_OUTPUTS_HASH_BATCH
[NX v23.1.0 Daemon Client] - 2026-07-24T12:14:47.398Z - [Messenger] Message sent
[NX v23.1.0 Daemon Server] - 2026-07-24T12:14:47.398Z - Received raw message of length 167
[NX v23.1.0 Daemon Server] - 2026-07-24T12:14:47.398Z - Received json message of type RECORD_OUTPUTS_HASH_BATCH
[NX v23.1.0 Daemon Server] - 2026-07-24T12:14:47.398Z - Serializing response for RECORD_OUTPUTS_HASH_BATCH message in json mode
[NX v23.1.0 Daemon Server] - 2026-07-24T12:14:47.398Z - Responding to RECORD_OUTPUTS_HASH_BATCH message
[NX v23.1.0 Daemon Server] - 2026-07-24T12:14:47.398Z - [REQUEST]: Responding to the client. recordOutputsHashBatch
[NX v23.1.0 Daemon Server] - 2026-07-24T12:14:47.398Z - Done responding to the client recordOutputsHashBatch
[NX v23.1.0 Daemon Server] - 2026-07-24T12:14:47.398Z - Handled json message RECORD_OUTPUTS_HASH_BATCH. Handling time: 0. Response time: 0.
[NX v23.1.0 Daemon Client] - 2026-07-24T12:14:47.398Z - [Messenger] Received message, length: 2
[NX v23.1.0 Daemon Client] - 2026-07-24T12:14:47.401Z - [Messenger] Sending message type: RECORD_TASK_RUNS
[NX v23.1.0 Daemon Client] - 2026-07-24T12:14:47.401Z - [Messenger] Message sent
[NX v23.1.0 Daemon Server] - 2026-07-24T12:14:47.402Z - Received raw message of length 211
[NX v23.1.0 Daemon Server] - 2026-07-24T12:14:47.402Z - Received json message of type RECORD_TASK_RUNS
[NX v23.1.0 Daemon Server] - 2026-07-24T12:14:47.402Z - Serializing response for RECORD_TASK_RUNS message in json mode
[NX v23.1.0 Daemon Server] - 2026-07-24T12:14:47.402Z - Responding to RECORD_TASK_RUNS message
[NX v23.1.0 Daemon Server] - 2026-07-24T12:14:47.402Z - [REQUEST]: Responding to the client. handleRecordTaskRuns
[NX v23.1.0 Daemon Server] - 2026-07-24T12:14:47.402Z - Done responding to the client handleRecordTaskRuns
[NX v23.1.0 Daemon Server] - 2026-07-24T12:14:47.402Z - Handled json message RECORD_TASK_RUNS. Handling time: 0. Response time: 0.
[NX v23.1.0 Daemon Client] - 2026-07-24T12:14:47.402Z - [Messenger] Received message, length: 4
[NX v23.1.0 Daemon Client] - 2026-07-24T12:14:47.565Z - [Messenger] Sending message type: PROCESS_IN_BACKGROUND
[NX v23.1.0 Daemon Client] - 2026-07-24T12:14:47.565Z - [Messenger] Message sent
[NX v23.1.0 Daemon Server] - 2026-07-24T12:14:47.566Z - Received raw message of length 52308
[NX v23.1.0 Daemon Server] - 2026-07-24T12:14:47.566Z - Received json message of type PROCESS_IN_BACKGROUND
[NX v23.1.0 Daemon Server] - 2026-07-24T12:14:47.602Z - Serializing response for PROCESS_IN_BACKGROUND message in json mode
[NX v23.1.0 Daemon Server] - 2026-07-24T12:14:47.602Z - Responding to PROCESS_IN_BACKGROUND message
[NX v23.1.0 Daemon Server] - 2026-07-24T12:14:47.602Z - [REQUEST]: Responding to the client. PROCESS_IN_BACKGROUND
[NX v23.1.0 Daemon Server] - 2026-07-24T12:14:47.602Z - Done responding to the client PROCESS_IN_BACKGROUND
[NX v23.1.0 Daemon Server] - 2026-07-24T12:14:47.602Z - Handled json message PROCESS_IN_BACKGROUND. Handling time: 36. Response time: 0.
[NX v23.1.0 Daemon Client] - 2026-07-24T12:14:47.602Z - [Messenger] Received message, length: 2
[NX v23.1.0 Daemon Server] - 2026-07-24T12:14:47.603Z - Uploading file artifacts

[7m[1m[38;5;214m NX [39m[22m[27m  [38;5;214mNx Cloud: Storing 3149466535741799604 with storeV2[39m

[NX v23.1.0 Daemon Server] - 2026-07-24T12:14:47.605Z - Established a connection. Number of open connections: 4
[NX v23.1.0 Daemon Server] - 2026-07-24T12:14:47.605Z - Closed a connection. Number of open connections: 3
[NX v23.1.0 Daemon Client] - 2026-07-24T12:14:47.605Z - [Messenger] Sending message type: GET_CONFIGURE_AI_AGENTS_STATUS
[NX v23.1.0 Daemon Client] - 2026-07-24T12:14:47.605Z - [Messenger] Message sent
[NX v23.1.0 Daemon Server] - 2026-07-24T12:14:47.605Z - Received raw message of length 41
[NX v23.1.0 Daemon Server] - 2026-07-24T12:14:47.605Z - Received json message of type GET_CONFIGURE_AI_AGENTS_STATUS
[NX v23.1.0 Daemon Server] - 2026-07-24T12:14:47.605Z - [AI-AGENTS]: Returning cached agent configuration status
[NX v23.1.0 Daemon Server] - 2026-07-24T12:14:47.605Z - Serializing response for GET_CONFIGURE_AI_AGENTS_STATUS message in json mode
[NX v23.1.0 Daemon Server] - 2026-07-24T12:14:47.605Z - Responding to GET_CONFIGURE_AI_AGENTS_STATUS message
[NX v23.1.0 Daemon Server] - 2026-07-24T12:14:47.605Z - [REQUEST]: Responding to the client. handleGetConfigureAiAgentsStatus
[NX v23.1.0 Daemon Server] - 2026-07-24T12:14:47.605Z - Done responding to the client handleGetConfigureAiAgentsStatus
[NX v23.1.0 Daemon Server] - 2026-07-24T12:14:47.605Z - Handled json message GET_CONFIGURE_AI_AGENTS_STATUS. Handling time: 0. Response time: 0.
[NX v23.1.0 Daemon Client] - 2026-07-24T12:14:47.605Z - [Messenger] Received message, length: 441
[NX v23.1.0 Daemon Client] - 2026-07-24T12:14:47.608Z - [Messenger] Sending message type: POST_TASKS_EXECUTION
[NX v23.1.0 Daemon Client] - 2026-07-24T12:14:47.608Z - [Messenger] Message sent
[NX v23.1.0 Daemon Server] - 2026-07-24T12:14:47.610Z - Received raw message of length 1661
[NX v23.1.0 Daemon Server] - 2026-07-24T12:14:47.610Z - Received json message of type POST_TASKS_EXECUTION
[NX v23.1.0 Daemon Server] - 2026-07-24T12:14:47.610Z - Serializing response for POST_TASKS_EXECUTION message in json mode
[NX v23.1.0 Daemon Server] - 2026-07-24T12:14:47.610Z - Responding to POST_TASKS_EXECUTION message
[NX v23.1.0 Daemon Server] - 2026-07-24T12:14:47.610Z - [REQUEST]: Responding to the client. handleRunPostTasksExecution
[NX v23.1.0 Daemon Server] - 2026-07-24T12:14:47.610Z - Done responding to the client handleRunPostTasksExecution
[NX v23.1.0 Daemon Server] - 2026-07-24T12:14:47.610Z - Handled json message POST_TASKS_EXECUTION. Handling time: 0. Response time: 0.
[NX v23.1.0 Daemon Server] - 2026-07-24T12:14:47.610Z - Time taken for 'postTasksExecution' 0.18954200006555766ms
[NX v23.1.0 Daemon Client] - 2026-07-24T12:14:47.610Z - [Messenger] Received message, length: 4
[NX v23.1.0 Daemon Server] - 2026-07-24T12:14:47.620Z - Closed a connection. Number of open connections: 2

[7m[1m[38;5;214m NX [39m[22m[27m  [38;5;214mNx Cloud: Stored 3149466535741799604 /Users/paiva/git/beckerin/pixie-block/.nx/cache/terminalOutputs/3149466535741799604[39m

[NX v23.1.0 Daemon Server] - 2026-07-24T12:14:48.285Z - Done uploading file artifacts
[NX v23.1.0 Daemon Server] - 2026-07-24T12:14:48.285Z - Sending EndRun request
[Nx Cloud Debug] Attempting to acquire filesystem lock with path:  /Users/paiva/git/beckerin/pixie-block/.nx/cache/client-instance-id.lock
[Nx Cloud Debug] Failed to create folder lock at path: /Users/paiva/git/beckerin/pixie-block/.nx/cache/client-instance-id.lock
[Nx Cloud] Unable to detect a VCS context from the environment.

[7m[1m[38;5;214m NX [39m[22m[27m  [38;5;214mRunEnd. Completed tasks[39m


[
  "pixie-block:build"
]

RunEnd duration: 180
[NX v23.1.0 Daemon Server] - 2026-07-24T12:14:48.466Z - Done sending EndRun request
DEBUG nx::native::watch::watcher: idle-window emitting events count=1
DEBUG nx::native::watch::watcher: idle-window emitting events count=1
DEBUG nx::native::watch::watcher:   [update] pixie-block/project.json
DEBUG nx::native::watch::watcher:   [update] pixie-block/project.json
[NX v23.1.0 Daemon Server] - 2026-07-24T12:14:54.826Z - [WATCHER]: pixie-block/project.json was modified
[NX v23.1.0 Daemon Server] - 2026-07-24T12:14:54.826Z - [WATCHER]: [watcher] routeWorkspaceChanges batch: 1 events: update:pixie-block/project.json
[NX v23.1.0 Daemon Server] - 2026-07-24T12:14:54.826Z - [WATCHER]: File changes detected:
Created:
(none)
Updated:
  - pixie-block/project.json
Deleted:
(none)
[NX v23.1.0 Daemon Server] - 2026-07-24T12:14:54.827Z - [SYNC]: clearing sync generators cache due to file changes
[NX v23.1.0 Daemon Server] - 2026-07-24T12:14:54.828Z - [REQUEST]: Updated workspace context based on watched changes, recomputing project graph...
[NX v23.1.0 Daemon Server] - 2026-07-24T12:14:54.828Z - [REQUEST]: pixie-block/project.json
[NX v23.1.0 Daemon Server] - 2026-07-24T12:14:54.828Z - [REQUEST]: 
[plugin-client] restarting worker for "@nx-go/nx-go"
[isolated-plugin] spawned worker for "@nx-go/nx-go" (pid: 15875, socket: /private/tmp/plugin7350-68-971339.179459.sock)
[plugin-client] restarting worker for "nx/js/dependencies-and-lockfile"
[isolated-plugin] spawned worker for "nx/js/dependencies-and-lockfile" (pid: 15876, socket: /private/tmp/plugin7350-69-971340.41725.sock)
[plugin-client] restarting worker for "nx/core/package-json"
[isolated-plugin] spawned worker for "nx/core/package-json" (pid: 15877, socket: /private/tmp/plugin7350-70-971341.0575.sock)
[plugin-client] restarting worker for "nx/core/project-json"
[isolated-plugin] spawned worker for "nx/core/project-json" (pid: 15878, socket: /private/tmp/plugin7350-71-971341.79675.sock)
[NX v23.1.0 Daemon Server] - 2026-07-24T12:14:54.832Z - [WATCHER]: Processing file changes in outputs
[NX v23.1.0 Daemon Server] - 2026-07-24T12:14:54.832Z - Time taken for 'hash changed files from watcher' 0.23970799997914582ms
[plugin-worker] "@nx-go/nx-go" (pid: 15875) listening on /private/tmp/plugin7350-68-971339.179459.sock
[plugin-worker] "nx/core/project-json" (pid: 15878) listening on /private/tmp/plugin7350-71-971341.79675.sock
[plugin-worker] "nx/core/package-json" (pid: 15877) listening on /private/tmp/plugin7350-70-971341.0575.sock
Time taken for 'plugin worker 15875 code loading' 159.4335ms
[plugin-worker] "nx/js/dependencies-and-lockfile" (pid: 15876) listening on /private/tmp/plugin7350-69-971340.41725.sock
Time taken for 'plugin worker 15877 code loading' 162.153083ms
Time taken for 'plugin worker 15878 code loading' 159.474917ms
Time taken for 'plugin worker 15876 code loading' 165.099541ms
[isolated-plugin] connected to worker for "@nx-go/nx-go" (pid: 15875)
[isolated-plugin] connected to worker for "nx/js/dependencies-and-lockfile" (pid: 15876)
[isolated-plugin] connected to worker for "nx/core/package-json" (pid: 15877)
[isolated-plugin] connected to worker for "nx/core/project-json" (pid: 15878)
[NX v23.1.0 Daemon Server] - 2026-07-24T12:14:55.051Z - Time taken for 'start-plugin-worker:@nx-go/nx-go' 221.11541700002272ms
[NX v23.1.0 Daemon Server] - 2026-07-24T12:14:55.051Z - Time taken for 'start-plugin-worker:nx/js/dependencies-and-lockfile' 220.47091699996963ms
[NX v23.1.0 Daemon Server] - 2026-07-24T12:14:55.051Z - Time taken for 'start-plugin-worker:nx/core/package-json' 220.36204199993517ms
[NX v23.1.0 Daemon Server] - 2026-07-24T12:14:55.051Z - Time taken for 'start-plugin-worker:nx/core/project-json' 219.91287500003818ms
[plugin-worker] "nx/js/dependencies-and-lockfile" (pid: 15876) connected
[plugin-worker] "@nx-go/nx-go" (pid: 15875) connected
[plugin-worker] "nx/core/package-json" (pid: 15877) connected
[plugin-worker] "nx/core/project-json" (pid: 15878) connected
[plugin-worker] "nx/core/project-json" (pid: 15878) loaded successfully
[isolated-plugin] shutting down worker for "nx/core/project-json" after createNodes
[plugin-worker] "nx/core/package-json" (pid: 15877) loaded successfully
[isolated-plugin] shutting down worker for "nx/core/package-json" after createNodes
[plugin-worker] "nx/js/dependencies-and-lockfile" (pid: 15876) loaded successfully
Time taken for 'nx/js/dependencies-and-lockfile:createNodes' 3.1252090000000123ms
[plugin-worker] "@nx-go/nx-go" (pid: 15875) loaded successfully
[NX v23.1.0 Daemon Server] - 2026-07-24T12:14:55.128Z - Time taken for 'build-project-configs' 297.5385829999577ms
[NX v23.1.0 Daemon Server] - 2026-07-24T12:14:55.128Z - Time taken for 'createNodes:merge' 0.44108300004154444ms
[NX v23.1.0 Daemon Server] - 2026-07-24T12:14:55.128Z - Time taken for 'native-file-deps' 0.0016250000335276127ms
[NX v23.1.0 Daemon Server] - 2026-07-24T12:14:55.128Z - Time taken for 'get-workspace-files' 0.4566249999916181ms
Time taken for '@nx-go/nx-go:createNodes' 0.4981250000000159ms
[isolated-plugin] shutting down worker for "@nx-go/nx-go" after createDependencies
[NX v23.1.0 Daemon Server] - 2026-07-24T12:14:55.462Z - Time taken for '@nx-go/nx-go:createDependencies' 334.61779099993873ms
Time taken for 'build typescript dependencies' 0.57000000000005ms
[isolated-plugin] shutting down worker for "nx/js/dependencies-and-lockfile" after createDependencies
[NX v23.1.0 Daemon Server] - 2026-07-24T12:14:55.465Z - [SYNC]: collect registered sync generators
[NX v23.1.0 Daemon Server] - 2026-07-24T12:14:55.465Z - [SYNC]: nx.json hash is the same, not collecting global sync generators
[NX v23.1.0 Daemon Server] - 2026-07-24T12:14:55.466Z - Wrote project graph cache to /Users/paiva/git/beckerin/pixie-block/.nx/workspace-data/project-graph.json
[NX v23.1.0 Daemon Server] - 2026-07-24T12:14:55.466Z - Serializing response for PROJECT_GRAPH_UPDATED message in json mode
[NX v23.1.0 Daemon Server] - 2026-07-24T12:14:55.467Z - Responding to PROJECT_GRAPH_UPDATED message
[NX v23.1.0 Daemon Server] - 2026-07-24T12:14:55.467Z - [REQUEST]: Responding to the client. Project graph updated
[NX v23.1.0 Daemon Server] - 2026-07-24T12:14:55.467Z - Time taken for 'total execution time for createProjectGraph()' 337.6862499999115ms
[NX v23.1.0 Daemon Server] - 2026-07-24T12:14:55.467Z - Time taken for 'createDependencies' 336.749124999973ms
[NX v23.1.0 Daemon Server] - 2026-07-24T12:14:55.467Z - Time taken for 'nx/js/dependencies-and-lockfile:createDependencies' 336.6510409999173ms
[NX v23.1.0 Daemon Server] - 2026-07-24T12:14:55.467Z - Time taken for 'createMetadata' 0.006707999971695244ms
[NX v23.1.0 Daemon Server] - 2026-07-24T12:14:55.467Z - Time taken for 'serialize graph' 0.15895900002215058ms
[NX v23.1.0 Daemon Server] - 2026-07-24T12:14:55.467Z - Time taken for 'write cache' 1.262250000028871ms
[NX v23.1.0 Daemon Server] - 2026-07-24T12:14:55.467Z - Done responding to the client Project graph updated
[NX v23.1.0 Daemon Server] - 2026-07-24T12:14:55.467Z - Handled json message PROJECT_GRAPH_UPDATED. Handling time: 1. Response time: 1.
[NX v23.1.0 Daemon Client] - 2026-07-24T12:14:55.467Z - [Messenger] Received message, length: 54003
DEBUG nx::native::telemetry::service: Sent 1 events: [@nx-go/nx-go:createDependencies]
DEBUG nx::native::telemetry::service: Sent 1 events: [nx/js/dependencies-and-lockfile:createDe]
[NX v23.1.0 Daemon Client] - 2026-07-24T12:14:56.470Z - [Messenger] Sending message type: GET_CONTEXT_FILE_DATA
[NX v23.1.0 Daemon Server] - 2026-07-24T12:14:56.470Z - Established a connection. Number of open connections: 3
[NX v23.1.0 Daemon Client] - 2026-07-24T12:14:56.471Z - [Messenger] Message sent
[NX v23.1.0 Daemon Server] - 2026-07-24T12:14:56.471Z - Received raw message of length 32
[NX v23.1.0 Daemon Server] - 2026-07-24T12:14:56.471Z - Received json message of type GET_CONTEXT_FILE_DATA
[NX v23.1.0 Daemon Server] - 2026-07-24T12:14:56.471Z - Serializing response for GET_CONTEXT_FILE_DATA message in json mode
[NX v23.1.0 Daemon Server] - 2026-07-24T12:14:56.471Z - Responding to GET_CONTEXT_FILE_DATA message
[NX v23.1.0 Daemon Server] - 2026-07-24T12:14:56.471Z - [REQUEST]: Responding to the client. handleContextFileData
[NX v23.1.0 Daemon Server] - 2026-07-24T12:14:56.471Z - Done responding to the client handleContextFileData
[NX v23.1.0 Daemon Server] - 2026-07-24T12:14:56.471Z - Handled json message GET_CONTEXT_FILE_DATA. Handling time: 0. Response time: 0.
[NX v23.1.0 Daemon Client] - 2026-07-24T12:14:56.471Z - [Messenger] Received message, length: 4070
[NX v23.1.0 Daemon Server] - 2026-07-24T12:14:56.471Z - Closed a connection. Number of open connections: 2
[NX v23.1.0 Daemon Client] - 2026-07-24T12:14:56.491Z - [ProjectGraphListener] Socket closed, triggering reconnection
[NX v23.1.0 Daemon Server] - 2026-07-24T12:14:56.492Z - Closed a connection. Number of open connections: 1
[NX v23.1.0 Daemon Client] - 2026-07-24T12:14:56.492Z - [Messenger] Setting up socket listeners
[NX v23.1.0 Daemon Client] - 2026-07-24T12:14:56.492Z - [Messenger] listen() complete
[NX v23.1.0 Daemon Server] - 2026-07-24T12:14:56.492Z - Established a connection. Number of open connections: 2
[NX v23.1.0 Daemon Client] - 2026-07-24T12:14:56.492Z - [Messenger] Sending message type: REGISTER_PROJECT_GRAPH_LISTENER
[NX v23.1.0 Daemon Client] - 2026-07-24T12:14:56.492Z - [Messenger] Message sent
[NX v23.1.0 Daemon Server] - 2026-07-24T12:14:56.493Z - Established a connection. Number of open connections: 3
[NX v23.1.0 Daemon Server] - 2026-07-24T12:14:56.493Z - Closed a connection. Number of open connections: 2
[NX v23.1.0 Daemon Server] - 2026-07-24T12:14:56.493Z - Received raw message of length 42
[NX v23.1.0 Daemon Server] - 2026-07-24T12:14:56.493Z - Received json message of type REGISTER_PROJECT_GRAPH_LISTENER
[NX v23.1.0 Daemon Server] - 2026-07-24T12:14:58.487Z - Established a connection. Number of open connections: 3
[NX v23.1.0 Daemon Server] - 2026-07-24T12:14:58.487Z - Closed a connection. Number of open connections: 2
[NX v23.1.0 Daemon Server] - 2026-07-24T12:14:58.488Z - Established a connection. Number of open connections: 3
[NX v23.1.0 Daemon Server] - 2026-07-24T12:14:58.488Z - Closed a connection. Number of open connections: 2
[NX v23.1.0 Daemon Server] - 2026-07-24T12:14:58.488Z - Established a connection. Number of open connections: 3
[NX v23.1.0 Daemon Client] - 2026-07-24T12:14:58.488Z - [Messenger] Setting up socket listeners
[NX v23.1.0 Daemon Client] - 2026-07-24T12:14:58.489Z - [Messenger] listen() complete
[NX v23.1.0 Daemon Client] - 2026-07-24T12:14:58.497Z - [Messenger] Sending message type: GET_NX_CONSOLE_STATUS
[NX v23.1.0 Daemon Client] - 2026-07-24T12:14:58.497Z - [Messenger] Message sent
[NX v23.1.0 Daemon Server] - 2026-07-24T12:14:58.499Z - Received raw message of length 3734
[NX v23.1.0 Daemon Server] - 2026-07-24T12:14:58.499Z - Received json message of type GET_NX_CONSOLE_STATUS
[NX v23.1.0 Daemon Server] - 2026-07-24T12:14:58.500Z - Serializing response for GET_NX_CONSOLE_STATUS message in json mode
[NX v23.1.0 Daemon Server] - 2026-07-24T12:14:58.500Z - Responding to GET_NX_CONSOLE_STATUS message
[NX v23.1.0 Daemon Server] - 2026-07-24T12:14:58.500Z - [REQUEST]: Responding to the client. handleGetNxConsoleStatus
[NX v23.1.0 Daemon Server] - 2026-07-24T12:14:58.500Z - Done responding to the client handleGetNxConsoleStatus
[NX v23.1.0 Daemon Server] - 2026-07-24T12:14:58.500Z - Handled json message GET_NX_CONSOLE_STATUS. Handling time: 0. Response time: 0.
[NX v23.1.0 Daemon Client] - 2026-07-24T12:14:58.500Z - [Messenger] Received message, length: 22
[NX v23.1.0 Daemon Client] - 2026-07-24T12:14:58.543Z - [Messenger] Sending message type: REQUEST_PROJECT_GRAPH
[NX v23.1.0 Daemon Client] - 2026-07-24T12:14:58.543Z - [Messenger] Message sent
[NX v23.1.0 Daemon Server] - 2026-07-24T12:14:58.543Z - Received raw message of length 32
[NX v23.1.0 Daemon Server] - 2026-07-24T12:14:58.543Z - Received json message of type REQUEST_PROJECT_GRAPH
[NX v23.1.0 Daemon Server] - 2026-07-24T12:14:58.543Z - [REQUEST]: Client Request for Project Graph Received
DEBUG nx::native::watch::watcher: force-flush END count=0 replies=1 elapsed=11.151708ms
[NX v23.1.0 Daemon Server] - 2026-07-24T12:14:58.554Z - Reusing in-memory cached project graph because no files changed.
[NX v23.1.0 Daemon Server] - 2026-07-24T12:14:58.554Z - Serializing response for REQUEST_PROJECT_GRAPH message in json mode
[NX v23.1.0 Daemon Server] - 2026-07-24T12:14:58.555Z - Responding to REQUEST_PROJECT_GRAPH message
[NX v23.1.0 Daemon Server] - 2026-07-24T12:14:58.555Z - [REQUEST]: Responding to the client. project-graph
[NX v23.1.0 Daemon Server] - 2026-07-24T12:14:58.555Z - Time taken for 'total for creating and serializing project graph' 11.358666999964043ms
[NX v23.1.0 Daemon Server] - 2026-07-24T12:14:58.555Z - Done responding to the client project-graph
[NX v23.1.0 Daemon Server] - 2026-07-24T12:14:58.555Z - Handled json message REQUEST_PROJECT_GRAPH. Handling time: 11. Response time: 1.
[NX v23.1.0 Daemon Client] - 2026-07-24T12:14:58.555Z - [Messenger] Received message, length: 54010
[NX v23.1.0 Daemon Client] - 2026-07-24T12:14:58.557Z - [Messenger] Sending message type: PRE_TASKS_EXECUTION
[NX v23.1.0 Daemon Client] - 2026-07-24T12:14:58.557Z - [Messenger] Message sent
[NX v23.1.0 Daemon Server] - 2026-07-24T12:14:58.557Z - Received raw message of length 433
[NX v23.1.0 Daemon Server] - 2026-07-24T12:14:58.557Z - Received json message of type PRE_TASKS_EXECUTION
[NX v23.1.0 Daemon Server] - 2026-07-24T12:14:58.557Z - Serializing response for PRE_TASKS_EXECUTION message in json mode
[NX v23.1.0 Daemon Server] - 2026-07-24T12:14:58.557Z - Responding to PRE_TASKS_EXECUTION message
[NX v23.1.0 Daemon Server] - 2026-07-24T12:14:58.557Z - [REQUEST]: Responding to the client. handleRunPreTasksExecution
[NX v23.1.0 Daemon Server] - 2026-07-24T12:14:58.557Z - Done responding to the client handleRunPreTasksExecution
[NX v23.1.0 Daemon Server] - 2026-07-24T12:14:58.557Z - Handled json message PRE_TASKS_EXECUTION. Handling time: 0. Response time: 0.
[NX v23.1.0 Daemon Server] - 2026-07-24T12:14:58.557Z - Time taken for 'preTasksExecution' 0.10462499991990626ms
[NX v23.1.0 Daemon Client] - 2026-07-24T12:14:58.557Z - [Messenger] Received message, length: 2
[NX v23.1.0 Daemon Client] - 2026-07-24T12:14:58.570Z - [Messenger] Sending message type: HASH_TASKS
[NX v23.1.0 Daemon Client] - 2026-07-24T12:14:58.570Z - [Messenger] Message sent
[NX v23.1.0 Daemon Server] - 2026-07-24T12:14:58.570Z - Received raw message of length 6736
[NX v23.1.0 Daemon Server] - 2026-07-24T12:14:58.570Z - Received json message of type HASH_TASKS
DEBUG nx::native::watch::watcher: force-flush END count=0 replies=1 elapsed=10.468834ms
[NX v23.1.0 Daemon Server] - 2026-07-24T12:14:58.581Z - Reusing in-memory cached project graph because no files changed.
DEBUG nx::native::tasks::hash_planner: get_plans_internal COMPLETED in 185.5µs - processed 1 tasks (setup: 122.875µs, parallel_planning: 60.375µs, pool: 6 unique instructions)
DEBUG nx::native::tasks::hashers::hash_workspace_files: Hashing workspace fileset: Adding "3895922822332558164" (".gitignore") to hash
DEBUG nx::native::tasks::hashers::hash_workspace_files: Hashing workspace fileset: Adding "17520421427198561273" ("nx.json") to hash
DEBUG nx::native::tasks::hashers::hash_workspace_files: Hashing workspace fileset: Hash Value: "10932988427785228146"
DEBUG nx::native::tasks::task_hasher: hash_plans COMPLETED in 432.708µs - processed 1 plans (setup: 19µs, hashing: 412.916µs, assembly: 12.291µs)
[NX v23.1.0 Daemon Server] - 2026-07-24T12:14:58.583Z - Serializing response for HASH_TASKS message in json mode
[NX v23.1.0 Daemon Server] - 2026-07-24T12:14:58.583Z - Responding to HASH_TASKS message
[NX v23.1.0 Daemon Server] - 2026-07-24T12:14:58.583Z - [REQUEST]: Responding to the client. handleHashTasks
[NX v23.1.0 Daemon Server] - 2026-07-24T12:14:58.583Z - Done responding to the client handleHashTasks
[NX v23.1.0 Daemon Server] - 2026-07-24T12:14:58.583Z - Handled json message HASH_TASKS. Handling time: 13. Response time: 0.
[NX v23.1.0 Daemon Client] - 2026-07-24T12:14:58.583Z - [Messenger] Received message, length: 570
[NX v23.1.0 Daemon Client] - 2026-07-24T12:14:58.829Z - [Messenger] Sending message type: GET_ESTIMATED_TASK_TIMINGS
[NX v23.1.0 Daemon Client] - 2026-07-24T12:14:58.829Z - [Messenger] Message sent
[NX v23.1.0 Daemon Server] - 2026-07-24T12:14:58.829Z - Received raw message of length 92
[NX v23.1.0 Daemon Server] - 2026-07-24T12:14:58.829Z - Received json message of type GET_ESTIMATED_TASK_TIMINGS
[NX v23.1.0 Daemon Server] - 2026-07-24T12:14:58.830Z - Serializing response for GET_ESTIMATED_TASK_TIMINGS message in json mode
[NX v23.1.0 Daemon Server] - 2026-07-24T12:14:58.830Z - Responding to GET_ESTIMATED_TASK_TIMINGS message
[NX v23.1.0 Daemon Server] - 2026-07-24T12:14:58.830Z - [REQUEST]: Responding to the client. handleGetEstimatedTaskTimings
[NX v23.1.0 Daemon Server] - 2026-07-24T12:14:58.830Z - Done responding to the client handleGetEstimatedTaskTimings
[NX v23.1.0 Daemon Server] - 2026-07-24T12:14:58.830Z - Handled json message GET_ESTIMATED_TASK_TIMINGS. Handling time: 1. Response time: 0.
[NX v23.1.0 Daemon Client] - 2026-07-24T12:14:58.830Z - [Messenger] Received message, length: 2
[NX v23.1.0 Daemon Client] - 2026-07-24T12:14:59.138Z - [Messenger] Sending message type: RECORD_OUTPUTS_HASH_BATCH
[NX v23.1.0 Daemon Client] - 2026-07-24T12:14:59.138Z - [Messenger] Message sent
[NX v23.1.0 Daemon Server] - 2026-07-24T12:14:59.138Z - Received raw message of length 167
[NX v23.1.0 Daemon Server] - 2026-07-24T12:14:59.138Z - Received json message of type RECORD_OUTPUTS_HASH_BATCH
[NX v23.1.0 Daemon Server] - 2026-07-24T12:14:59.138Z - Serializing response for RECORD_OUTPUTS_HASH_BATCH message in json mode
[NX v23.1.0 Daemon Server] - 2026-07-24T12:14:59.138Z - Responding to RECORD_OUTPUTS_HASH_BATCH message
[NX v23.1.0 Daemon Server] - 2026-07-24T12:14:59.138Z - [REQUEST]: Responding to the client. recordOutputsHashBatch
[NX v23.1.0 Daemon Server] - 2026-07-24T12:14:59.138Z - Done responding to the client recordOutputsHashBatch
[NX v23.1.0 Daemon Server] - 2026-07-24T12:14:59.138Z - Handled json message RECORD_OUTPUTS_HASH_BATCH. Handling time: 0. Response time: 0.
[NX v23.1.0 Daemon Client] - 2026-07-24T12:14:59.138Z - [Messenger] Received message, length: 2
[NX v23.1.0 Daemon Client] - 2026-07-24T12:14:59.141Z - [Messenger] Sending message type: RECORD_TASK_RUNS
[NX v23.1.0 Daemon Client] - 2026-07-24T12:14:59.141Z - [Messenger] Message sent
[NX v23.1.0 Daemon Server] - 2026-07-24T12:14:59.141Z - Received raw message of length 211
[NX v23.1.0 Daemon Server] - 2026-07-24T12:14:59.141Z - Received json message of type RECORD_TASK_RUNS
[NX v23.1.0 Daemon Server] - 2026-07-24T12:14:59.141Z - Serializing response for RECORD_TASK_RUNS message in json mode
[NX v23.1.0 Daemon Server] - 2026-07-24T12:14:59.141Z - Responding to RECORD_TASK_RUNS message
[NX v23.1.0 Daemon Server] - 2026-07-24T12:14:59.141Z - [REQUEST]: Responding to the client. handleRecordTaskRuns
[NX v23.1.0 Daemon Server] - 2026-07-24T12:14:59.141Z - Done responding to the client handleRecordTaskRuns
[NX v23.1.0 Daemon Server] - 2026-07-24T12:14:59.141Z - Handled json message RECORD_TASK_RUNS. Handling time: 0. Response time: 0.
[NX v23.1.0 Daemon Client] - 2026-07-24T12:14:59.141Z - [Messenger] Received message, length: 4
[NX v23.1.0 Daemon Client] - 2026-07-24T12:14:59.142Z - [Messenger] Sending message type: PROCESS_IN_BACKGROUND
[NX v23.1.0 Daemon Client] - 2026-07-24T12:14:59.143Z - [Messenger] Message sent
[NX v23.1.0 Daemon Server] - 2026-07-24T12:14:59.143Z - Received raw message of length 54491
[NX v23.1.0 Daemon Server] - 2026-07-24T12:14:59.143Z - Received json message of type PROCESS_IN_BACKGROUND
[NX v23.1.0 Daemon Server] - 2026-07-24T12:14:59.174Z - Serializing response for PROCESS_IN_BACKGROUND message in json mode
[NX v23.1.0 Daemon Server] - 2026-07-24T12:14:59.174Z - Responding to PROCESS_IN_BACKGROUND message
[NX v23.1.0 Daemon Server] - 2026-07-24T12:14:59.174Z - [REQUEST]: Responding to the client. PROCESS_IN_BACKGROUND
[NX v23.1.0 Daemon Server] - 2026-07-24T12:14:59.174Z - Done responding to the client PROCESS_IN_BACKGROUND
[NX v23.1.0 Daemon Server] - 2026-07-24T12:14:59.174Z - Handled json message PROCESS_IN_BACKGROUND. Handling time: 31. Response time: 0.
[NX v23.1.0 Daemon Client] - 2026-07-24T12:14:59.174Z - [Messenger] Received message, length: 2
[NX v23.1.0 Daemon Server] - 2026-07-24T12:14:59.175Z - Uploading file artifacts

[7m[1m[38;5;214m NX [39m[22m[27m  [38;5;214mNx Cloud: Storing 3943552653953494960 with storeV2[39m

[NX v23.1.0 Daemon Server] - 2026-07-24T12:14:59.176Z - Established a connection. Number of open connections: 4
[NX v23.1.0 Daemon Client] - 2026-07-24T12:14:59.176Z - [Messenger] Sending message type: GET_CONFIGURE_AI_AGENTS_STATUS
[NX v23.1.0 Daemon Client] - 2026-07-24T12:14:59.176Z - [Messenger] Message sent
[NX v23.1.0 Daemon Server] - 2026-07-24T12:14:59.178Z - Closed a connection. Number of open connections: 3
[NX v23.1.0 Daemon Server] - 2026-07-24T12:14:59.178Z - Received raw message of length 41
[NX v23.1.0 Daemon Server] - 2026-07-24T12:14:59.178Z - Received json message of type GET_CONFIGURE_AI_AGENTS_STATUS
[NX v23.1.0 Daemon Server] - 2026-07-24T12:14:59.178Z - [AI-AGENTS]: Returning cached agent configuration status
[NX v23.1.0 Daemon Server] - 2026-07-24T12:14:59.178Z - Serializing response for GET_CONFIGURE_AI_AGENTS_STATUS message in json mode
[NX v23.1.0 Daemon Server] - 2026-07-24T12:14:59.178Z - Responding to GET_CONFIGURE_AI_AGENTS_STATUS message
[NX v23.1.0 Daemon Server] - 2026-07-24T12:14:59.178Z - [REQUEST]: Responding to the client. handleGetConfigureAiAgentsStatus
[NX v23.1.0 Daemon Server] - 2026-07-24T12:14:59.178Z - Done responding to the client handleGetConfigureAiAgentsStatus
[NX v23.1.0 Daemon Server] - 2026-07-24T12:14:59.178Z - Handled json message GET_CONFIGURE_AI_AGENTS_STATUS. Handling time: 0. Response time: 0.
[NX v23.1.0 Daemon Client] - 2026-07-24T12:14:59.178Z - [Messenger] Received message, length: 441
[NX v23.1.0 Daemon Client] - 2026-07-24T12:14:59.180Z - [Messenger] Sending message type: POST_TASKS_EXECUTION
[NX v23.1.0 Daemon Client] - 2026-07-24T12:14:59.180Z - [Messenger] Message sent
[NX v23.1.0 Daemon Server] - 2026-07-24T12:14:59.180Z - Received raw message of length 3842
[NX v23.1.0 Daemon Server] - 2026-07-24T12:14:59.180Z - Received json message of type POST_TASKS_EXECUTION
[NX v23.1.0 Daemon Server] - 2026-07-24T12:14:59.180Z - Serializing response for POST_TASKS_EXECUTION message in json mode
[NX v23.1.0 Daemon Server] - 2026-07-24T12:14:59.180Z - Responding to POST_TASKS_EXECUTION message
[NX v23.1.0 Daemon Server] - 2026-07-24T12:14:59.180Z - [REQUEST]: Responding to the client. handleRunPostTasksExecution
[NX v23.1.0 Daemon Server] - 2026-07-24T12:14:59.180Z - Done responding to the client handleRunPostTasksExecution
[NX v23.1.0 Daemon Server] - 2026-07-24T12:14:59.180Z - Handled json message POST_TASKS_EXECUTION. Handling time: 0. Response time: 0.
[NX v23.1.0 Daemon Client] - 2026-07-24T12:14:59.180Z - [Messenger] Received message, length: 4
[NX v23.1.0 Daemon Server] - 2026-07-24T12:14:59.180Z - Time taken for 'postTasksExecution' 0.12420800002291799ms
[NX v23.1.0 Daemon Server] - 2026-07-24T12:14:59.189Z - Closed a connection. Number of open connections: 2

[7m[1m[38;5;214m NX [39m[22m[27m  [38;5;214mNx Cloud: Stored 3943552653953494960 /Users/paiva/git/beckerin/pixie-block/.nx/cache/terminalOutputs/3943552653953494960[39m

[NX v23.1.0 Daemon Server] - 2026-07-24T12:14:59.841Z - Done uploading file artifacts
[NX v23.1.0 Daemon Server] - 2026-07-24T12:14:59.841Z - Sending EndRun request
[Nx Cloud Debug] Attempting to acquire filesystem lock with path:  /Users/paiva/git/beckerin/pixie-block/.nx/cache/client-instance-id.lock
[Nx Cloud Debug] Failed to create folder lock at path: /Users/paiva/git/beckerin/pixie-block/.nx/cache/client-instance-id.lock
[Nx Cloud] Unable to detect a VCS context from the environment.

[7m[1m[38;5;214m NX [39m[22m[27m  [38;5;214mRunEnd. Completed tasks[39m


[
  "pixie-block:build"
]

RunEnd duration: 207
[NX v23.1.0 Daemon Server] - 2026-07-24T12:15:00.048Z - Done sending EndRun request
DEBUG nx::native::watch::watcher: idle-window emitting events count=1
DEBUG nx::native::watch::watcher:   [update] pixie-block/project.json
DEBUG nx::native::watch::watcher: idle-window emitting events count=1
DEBUG nx::native::watch::watcher:   [update] pixie-block/project.json
[NX v23.1.0 Daemon Server] - 2026-07-24T12:15:11.154Z - [WATCHER]: pixie-block/project.json was modified
[NX v23.1.0 Daemon Server] - 2026-07-24T12:15:11.154Z - [WATCHER]: [watcher] routeWorkspaceChanges batch: 1 events: update:pixie-block/project.json
[NX v23.1.0 Daemon Server] - 2026-07-24T12:15:11.154Z - [WATCHER]: File changes detected:
Created:
(none)
Updated:
  - pixie-block/project.json
Deleted:
(none)
[NX v23.1.0 Daemon Server] - 2026-07-24T12:15:11.154Z - [SYNC]: clearing sync generators cache due to file changes
[NX v23.1.0 Daemon Server] - 2026-07-24T12:15:11.155Z - [REQUEST]: Updated workspace context based on watched changes, recomputing project graph...
[NX v23.1.0 Daemon Server] - 2026-07-24T12:15:11.155Z - [REQUEST]: pixie-block/project.json
[NX v23.1.0 Daemon Server] - 2026-07-24T12:15:11.155Z - [REQUEST]: 
[plugin-client] restarting worker for "@nx-go/nx-go"
[isolated-plugin] spawned worker for "@nx-go/nx-go" (pid: 16168, socket: /private/tmp/plugin7350-72-987666.1945.sock)
[plugin-client] restarting worker for "nx/js/dependencies-and-lockfile"
[isolated-plugin] spawned worker for "nx/js/dependencies-and-lockfile" (pid: 16169, socket: /private/tmp/plugin7350-73-987667.425917.sock)
[plugin-client] restarting worker for "nx/core/package-json"
[isolated-plugin] spawned worker for "nx/core/package-json" (pid: 16170, socket: /private/tmp/plugin7350-74-987668.071209.sock)
[plugin-client] restarting worker for "nx/core/project-json"
[isolated-plugin] spawned worker for "nx/core/project-json" (pid: 16171, socket: /private/tmp/plugin7350-75-987668.603459.sock)
[NX v23.1.0 Daemon Server] - 2026-07-24T12:15:11.158Z - [WATCHER]: Processing file changes in outputs
[NX v23.1.0 Daemon Server] - 2026-07-24T12:15:11.159Z - Time taken for 'hash changed files from watcher' 0.1575410000514239ms
[plugin-worker] "nx/js/dependencies-and-lockfile" (pid: 16169) listening on /private/tmp/plugin7350-73-987667.425917.sock
[plugin-worker] "nx/core/package-json" (pid: 16170) listening on /private/tmp/plugin7350-74-987668.071209.sock
[plugin-worker] "nx/core/project-json" (pid: 16171) listening on /private/tmp/plugin7350-75-987668.603459.sock
Time taken for 'plugin worker 16170 code loading' 247.055625ms
[plugin-worker] "@nx-go/nx-go" (pid: 16168) listening on /private/tmp/plugin7350-72-987666.1945.sock
Time taken for 'plugin worker 16169 code loading' 246.60991700000002ms
Time taken for 'plugin worker 16171 code loading' 246.390209ms
[isolated-plugin] connected to worker for "@nx-go/nx-go" (pid: 16168)
[isolated-plugin] connected to worker for "nx/js/dependencies-and-lockfile" (pid: 16169)
[isolated-plugin] connected to worker for "nx/core/package-json" (pid: 16170)
[isolated-plugin] connected to worker for "nx/core/project-json" (pid: 16171)
[NX v23.1.0 Daemon Server] - 2026-07-24T12:15:11.464Z - Time taken for 'start-plugin-worker:@nx-go/nx-go' 307.9074580000015ms
[NX v23.1.0 Daemon Server] - 2026-07-24T12:15:11.464Z - Time taken for 'start-plugin-worker:nx/js/dependencies-and-lockfile' 306.84229200007394ms
[NX v23.1.0 Daemon Server] - 2026-07-24T12:15:11.464Z - Time taken for 'start-plugin-worker:nx/core/package-json' 306.2952090000035ms
[NX v23.1.0 Daemon Server] - 2026-07-24T12:15:11.464Z - Time taken for 'start-plugin-worker:nx/core/project-json' 305.9382500000065ms
[plugin-worker] "nx/core/project-json" (pid: 16171) connected
[plugin-worker] "nx/js/dependencies-and-lockfile" (pid: 16169) connected
Time taken for 'plugin worker 16168 code loading' 246.98166600000002ms
[plugin-worker] "@nx-go/nx-go" (pid: 16168) connected
[plugin-worker] "nx/core/project-json" (pid: 16171) loaded successfully
[plugin-worker] "nx/core/package-json" (pid: 16170) connected
[isolated-plugin] shutting down worker for "nx/core/project-json" after createNodes
[plugin-worker] "nx/core/package-json" (pid: 16170) loaded successfully
[isolated-plugin] shutting down worker for "nx/core/package-json" after createNodes
[plugin-worker] "nx/js/dependencies-and-lockfile" (pid: 16169) loaded successfully
Time taken for 'nx/js/dependencies-and-lockfile:createNodes' 2.961749999999995ms
[plugin-worker] "@nx-go/nx-go" (pid: 16168) loaded successfully
[NX v23.1.0 Daemon Server] - 2026-07-24T12:15:11.572Z - Time taken for 'build-project-configs' 415.24829199991655ms
[NX v23.1.0 Daemon Server] - 2026-07-24T12:15:11.572Z - Time taken for 'createNodes:merge' 0.6044579999288544ms
[NX v23.1.0 Daemon Server] - 2026-07-24T12:15:11.572Z - Time taken for 'native-file-deps' 0.0019169999286532402ms
[NX v23.1.0 Daemon Server] - 2026-07-24T12:15:11.572Z - Time taken for 'get-workspace-files' 0.2831250000745058ms
Time taken for '@nx-go/nx-go:createNodes' 0.6893339999999739ms
Time taken for 'build typescript dependencies' 0.46095900000000256ms
[isolated-plugin] shutting down worker for "nx/js/dependencies-and-lockfile" after createDependencies
[NX v23.1.0 Daemon Server] - 2026-07-24T12:15:11.892Z - Time taken for 'nx/js/dependencies-and-lockfile:createDependencies' 320.52912500000093ms
[isolated-plugin] shutting down worker for "@nx-go/nx-go" after createDependencies
[NX v23.1.0 Daemon Server] - 2026-07-24T12:15:11.901Z - [SYNC]: collect registered sync generators
[NX v23.1.0 Daemon Server] - 2026-07-24T12:15:11.902Z - [SYNC]: nx.json hash is the same, not collecting global sync generators
[NX v23.1.0 Daemon Server] - 2026-07-24T12:15:11.903Z - Wrote project graph cache to /Users/paiva/git/beckerin/pixie-block/.nx/workspace-data/project-graph.json
[NX v23.1.0 Daemon Server] - 2026-07-24T12:15:11.903Z - Serializing response for PROJECT_GRAPH_UPDATED message in json mode
[NX v23.1.0 Daemon Server] - 2026-07-24T12:15:11.903Z - Responding to PROJECT_GRAPH_UPDATED message
[NX v23.1.0 Daemon Server] - 2026-07-24T12:15:11.903Z - [REQUEST]: Responding to the client. Project graph updated
[NX v23.1.0 Daemon Server] - 2026-07-24T12:15:11.903Z - Time taken for 'total execution time for createProjectGraph()' 330.1583330000285ms
[NX v23.1.0 Daemon Server] - 2026-07-24T12:15:11.903Z - Time taken for 'createDependencies' 329.62504199997056ms
[NX v23.1.0 Daemon Server] - 2026-07-24T12:15:11.903Z - Time taken for '@nx-go/nx-go:createDependencies' 329.57091599993873ms
[NX v23.1.0 Daemon Server] - 2026-07-24T12:15:11.903Z - Time taken for 'createMetadata' 0.0065410000970587134ms
[NX v23.1.0 Daemon Server] - 2026-07-24T12:15:11.903Z - Time taken for 'serialize graph' 0.1580000000540167ms
[NX v23.1.0 Daemon Server] - 2026-07-24T12:15:11.903Z - Time taken for 'write cache' 1.0601670000469312ms
[NX v23.1.0 Daemon Server] - 2026-07-24T12:15:11.904Z - Done responding to the client Project graph updated
[NX v23.1.0 Daemon Server] - 2026-07-24T12:15:11.904Z - Handled json message PROJECT_GRAPH_UPDATED. Handling time: 1. Response time: 1.
[NX v23.1.0 Daemon Client] - 2026-07-24T12:15:11.904Z - [Messenger] Received message, length: 54122
DEBUG nx::native::telemetry::service: Sent 1 events: [nx/js/dependencies-and-lockfile:createDe]
DEBUG nx::native::telemetry::service: Sent 1 events: [@nx-go/nx-go:createDependencies]
[NX v23.1.0 Daemon Client] - 2026-07-24T12:15:12.907Z - [Messenger] Sending message type: GET_CONTEXT_FILE_DATA
[NX v23.1.0 Daemon Server] - 2026-07-24T12:15:12.907Z - Established a connection. Number of open connections: 3
[NX v23.1.0 Daemon Client] - 2026-07-24T12:15:12.907Z - [Messenger] Message sent
[NX v23.1.0 Daemon Server] - 2026-07-24T12:15:12.908Z - Received raw message of length 32
[NX v23.1.0 Daemon Server] - 2026-07-24T12:15:12.908Z - Received json message of type GET_CONTEXT_FILE_DATA
[NX v23.1.0 Daemon Server] - 2026-07-24T12:15:12.908Z - Serializing response for GET_CONTEXT_FILE_DATA message in json mode
[NX v23.1.0 Daemon Server] - 2026-07-24T12:15:12.908Z - Responding to GET_CONTEXT_FILE_DATA message
[NX v23.1.0 Daemon Server] - 2026-07-24T12:15:12.908Z - [REQUEST]: Responding to the client. handleContextFileData
[NX v23.1.0 Daemon Server] - 2026-07-24T12:15:12.908Z - Done responding to the client handleContextFileData
[NX v23.1.0 Daemon Server] - 2026-07-24T12:15:12.908Z - Handled json message GET_CONTEXT_FILE_DATA. Handling time: 0. Response time: 0.
[NX v23.1.0 Daemon Client] - 2026-07-24T12:15:12.908Z - [Messenger] Received message, length: 4071
[NX v23.1.0 Daemon Server] - 2026-07-24T12:15:12.908Z - Closed a connection. Number of open connections: 2
[NX v23.1.0 Daemon Client] - 2026-07-24T12:15:12.928Z - [ProjectGraphListener] Socket closed, triggering reconnection
[NX v23.1.0 Daemon Server] - 2026-07-24T12:15:12.928Z - Closed a connection. Number of open connections: 1
[NX v23.1.0 Daemon Client] - 2026-07-24T12:15:12.929Z - [Messenger] Setting up socket listeners
[NX v23.1.0 Daemon Server] - 2026-07-24T12:15:12.929Z - Established a connection. Number of open connections: 2
[NX v23.1.0 Daemon Client] - 2026-07-24T12:15:12.929Z - [Messenger] listen() complete
[NX v23.1.0 Daemon Client] - 2026-07-24T12:15:12.929Z - [Messenger] Sending message type: REGISTER_PROJECT_GRAPH_LISTENER
[NX v23.1.0 Daemon Server] - 2026-07-24T12:15:12.929Z - Established a connection. Number of open connections: 3
[NX v23.1.0 Daemon Client] - 2026-07-24T12:15:12.929Z - [Messenger] Message sent
[NX v23.1.0 Daemon Server] - 2026-07-24T12:15:12.929Z - Closed a connection. Number of open connections: 2
[NX v23.1.0 Daemon Server] - 2026-07-24T12:15:12.929Z - Received raw message of length 42
[NX v23.1.0 Daemon Server] - 2026-07-24T12:15:12.929Z - Received json message of type REGISTER_PROJECT_GRAPH_LISTENER
[NX v23.1.0 Daemon Server] - 2026-07-24T12:15:14.999Z - Established a connection. Number of open connections: 3
[NX v23.1.0 Daemon Server] - 2026-07-24T12:15:15.000Z - Closed a connection. Number of open connections: 2
[NX v23.1.0 Daemon Server] - 2026-07-24T12:15:15.001Z - Established a connection. Number of open connections: 3
[NX v23.1.0 Daemon Server] - 2026-07-24T12:15:15.001Z - Closed a connection. Number of open connections: 2
[NX v23.1.0 Daemon Server] - 2026-07-24T12:15:15.001Z - Established a connection. Number of open connections: 3
[NX v23.1.0 Daemon Client] - 2026-07-24T12:15:15.001Z - [Messenger] Setting up socket listeners
[NX v23.1.0 Daemon Client] - 2026-07-24T12:15:15.002Z - [Messenger] listen() complete
[NX v23.1.0 Daemon Client] - 2026-07-24T12:15:15.009Z - [Messenger] Sending message type: GET_NX_CONSOLE_STATUS
[NX v23.1.0 Daemon Client] - 2026-07-24T12:15:15.009Z - [Messenger] Message sent
[NX v23.1.0 Daemon Server] - 2026-07-24T12:15:15.012Z - Received raw message of length 3734
[NX v23.1.0 Daemon Server] - 2026-07-24T12:15:15.012Z - Received json message of type GET_NX_CONSOLE_STATUS
[NX v23.1.0 Daemon Server] - 2026-07-24T12:15:15.012Z - Serializing response for GET_NX_CONSOLE_STATUS message in json mode
[NX v23.1.0 Daemon Server] - 2026-07-24T12:15:15.012Z - Responding to GET_NX_CONSOLE_STATUS message
[NX v23.1.0 Daemon Server] - 2026-07-24T12:15:15.012Z - [REQUEST]: Responding to the client. handleGetNxConsoleStatus
[NX v23.1.0 Daemon Server] - 2026-07-24T12:15:15.013Z - Done responding to the client handleGetNxConsoleStatus
[NX v23.1.0 Daemon Server] - 2026-07-24T12:15:15.013Z - Handled json message GET_NX_CONSOLE_STATUS. Handling time: 0. Response time: 1.
[NX v23.1.0 Daemon Client] - 2026-07-24T12:15:15.014Z - [Messenger] Received message, length: 22
[NX v23.1.0 Daemon Client] - 2026-07-24T12:15:15.057Z - [Messenger] Sending message type: REQUEST_PROJECT_GRAPH
[NX v23.1.0 Daemon Client] - 2026-07-24T12:15:15.058Z - [Messenger] Message sent
[NX v23.1.0 Daemon Server] - 2026-07-24T12:15:15.058Z - Received raw message of length 32
[NX v23.1.0 Daemon Server] - 2026-07-24T12:15:15.058Z - Received json message of type REQUEST_PROJECT_GRAPH
[NX v23.1.0 Daemon Server] - 2026-07-24T12:15:15.058Z - [REQUEST]: Client Request for Project Graph Received
DEBUG nx::native::watch::watcher: force-flush END count=0 replies=1 elapsed=10.898416ms
[NX v23.1.0 Daemon Server] - 2026-07-24T12:15:15.069Z - Reusing in-memory cached project graph because no files changed.
[NX v23.1.0 Daemon Server] - 2026-07-24T12:15:15.069Z - Serializing response for REQUEST_PROJECT_GRAPH message in json mode
[NX v23.1.0 Daemon Server] - 2026-07-24T12:15:15.069Z - Responding to REQUEST_PROJECT_GRAPH message
[NX v23.1.0 Daemon Server] - 2026-07-24T12:15:15.069Z - [REQUEST]: Responding to the client. project-graph
[NX v23.1.0 Daemon Server] - 2026-07-24T12:15:15.070Z - Time taken for 'total for creating and serializing project graph' 11.179082999937236ms
[NX v23.1.0 Daemon Server] - 2026-07-24T12:15:15.070Z - Done responding to the client project-graph
[NX v23.1.0 Daemon Server] - 2026-07-24T12:15:15.070Z - Handled json message REQUEST_PROJECT_GRAPH. Handling time: 11. Response time: 1.
[NX v23.1.0 Daemon Client] - 2026-07-24T12:15:15.070Z - [Messenger] Received message, length: 54129
[NX v23.1.0 Daemon Client] - 2026-07-24T12:15:15.072Z - [Messenger] Sending message type: PRE_TASKS_EXECUTION
[NX v23.1.0 Daemon Client] - 2026-07-24T12:15:15.072Z - [Messenger] Message sent
[NX v23.1.0 Daemon Server] - 2026-07-24T12:15:15.072Z - Received raw message of length 433
[NX v23.1.0 Daemon Server] - 2026-07-24T12:15:15.072Z - Received json message of type PRE_TASKS_EXECUTION
[NX v23.1.0 Daemon Server] - 2026-07-24T12:15:15.072Z - Serializing response for PRE_TASKS_EXECUTION message in json mode
[NX v23.1.0 Daemon Server] - 2026-07-24T12:15:15.072Z - Responding to PRE_TASKS_EXECUTION message
[NX v23.1.0 Daemon Server] - 2026-07-24T12:15:15.072Z - [REQUEST]: Responding to the client. handleRunPreTasksExecution
[NX v23.1.0 Daemon Server] - 2026-07-24T12:15:15.072Z - Done responding to the client handleRunPreTasksExecution
[NX v23.1.0 Daemon Server] - 2026-07-24T12:15:15.072Z - Handled json message PRE_TASKS_EXECUTION. Handling time: 0. Response time: 0.
[NX v23.1.0 Daemon Server] - 2026-07-24T12:15:15.072Z - Time taken for 'preTasksExecution' 0.10495800001081079ms
[NX v23.1.0 Daemon Client] - 2026-07-24T12:15:15.072Z - [Messenger] Received message, length: 2
[NX v23.1.0 Daemon Client] - 2026-07-24T12:15:15.082Z - [Messenger] Sending message type: HASH_TASKS
[NX v23.1.0 Daemon Client] - 2026-07-24T12:15:15.082Z - [Messenger] Message sent
[NX v23.1.0 Daemon Server] - 2026-07-24T12:15:15.083Z - Received raw message of length 6736
[NX v23.1.0 Daemon Server] - 2026-07-24T12:15:15.083Z - Received json message of type HASH_TASKS
DEBUG nx::native::watch::watcher: force-flush END count=0 replies=1 elapsed=11.101083ms
[NX v23.1.0 Daemon Server] - 2026-07-24T12:15:15.094Z - Reusing in-memory cached project graph because no files changed.
DEBUG nx::native::tasks::hash_planner: get_plans_internal COMPLETED in 190.75µs - processed 1 tasks (setup: 138.5µs, parallel_planning: 49.958µs, pool: 6 unique instructions)
DEBUG nx::native::tasks::hashers::hash_workspace_files: Hashing workspace fileset: Adding "3895922822332558164" (".gitignore") to hash
DEBUG nx::native::tasks::hashers::hash_workspace_files: Hashing workspace fileset: Adding "17520421427198561273" ("nx.json") to hash
DEBUG nx::native::tasks::hashers::hash_workspace_files: Hashing workspace fileset: Hash Value: "10932988427785228146"
DEBUG nx::native::tasks::task_hasher: hash_plans COMPLETED in 371.792µs - processed 1 plans (setup: 17.125µs, hashing: 353.166µs, assembly: 13.042µs)
[NX v23.1.0 Daemon Server] - 2026-07-24T12:15:15.096Z - Serializing response for HASH_TASKS message in json mode
[NX v23.1.0 Daemon Server] - 2026-07-24T12:15:15.096Z - Responding to HASH_TASKS message
[NX v23.1.0 Daemon Server] - 2026-07-24T12:15:15.096Z - [REQUEST]: Responding to the client. handleHashTasks
[NX v23.1.0 Daemon Server] - 2026-07-24T12:15:15.096Z - Done responding to the client handleHashTasks
[NX v23.1.0 Daemon Server] - 2026-07-24T12:15:15.096Z - Handled json message HASH_TASKS. Handling time: 13. Response time: 0.
[NX v23.1.0 Daemon Client] - 2026-07-24T12:15:15.096Z - [Messenger] Received message, length: 568
[NX v23.1.0 Daemon Client] - 2026-07-24T12:15:15.346Z - [Messenger] Sending message type: GET_ESTIMATED_TASK_TIMINGS
[NX v23.1.0 Daemon Client] - 2026-07-24T12:15:15.346Z - [Messenger] Message sent
[NX v23.1.0 Daemon Server] - 2026-07-24T12:15:15.346Z - Received raw message of length 92
[NX v23.1.0 Daemon Server] - 2026-07-24T12:15:15.346Z - Received json message of type GET_ESTIMATED_TASK_TIMINGS
[NX v23.1.0 Daemon Server] - 2026-07-24T12:15:15.346Z - Serializing response for GET_ESTIMATED_TASK_TIMINGS message in json mode
[NX v23.1.0 Daemon Server] - 2026-07-24T12:15:15.346Z - Responding to GET_ESTIMATED_TASK_TIMINGS message
[NX v23.1.0 Daemon Server] - 2026-07-24T12:15:15.346Z - [REQUEST]: Responding to the client. handleGetEstimatedTaskTimings
[NX v23.1.0 Daemon Server] - 2026-07-24T12:15:15.347Z - Done responding to the client handleGetEstimatedTaskTimings
[NX v23.1.0 Daemon Server] - 2026-07-24T12:15:15.347Z - Handled json message GET_ESTIMATED_TASK_TIMINGS. Handling time: 0. Response time: 1.
[NX v23.1.0 Daemon Client] - 2026-07-24T12:15:15.347Z - [Messenger] Received message, length: 2
[NX v23.1.0 Daemon Client] - 2026-07-24T12:15:15.386Z - [Messenger] Sending message type: RECORD_OUTPUTS_HASH_BATCH
[NX v23.1.0 Daemon Client] - 2026-07-24T12:15:15.386Z - [Messenger] Message sent
[NX v23.1.0 Daemon Server] - 2026-07-24T12:15:15.387Z - Received raw message of length 167
[NX v23.1.0 Daemon Server] - 2026-07-24T12:15:15.387Z - Received json message of type RECORD_OUTPUTS_HASH_BATCH
[NX v23.1.0 Daemon Server] - 2026-07-24T12:15:15.387Z - Serializing response for RECORD_OUTPUTS_HASH_BATCH message in json mode
[NX v23.1.0 Daemon Server] - 2026-07-24T12:15:15.387Z - Responding to RECORD_OUTPUTS_HASH_BATCH message
[NX v23.1.0 Daemon Server] - 2026-07-24T12:15:15.387Z - [REQUEST]: Responding to the client. recordOutputsHashBatch
[NX v23.1.0 Daemon Server] - 2026-07-24T12:15:15.387Z - Done responding to the client recordOutputsHashBatch
[NX v23.1.0 Daemon Client] - 2026-07-24T12:15:15.387Z - [Messenger] Received message, length: 2
[NX v23.1.0 Daemon Server] - 2026-07-24T12:15:15.387Z - Handled json message RECORD_OUTPUTS_HASH_BATCH. Handling time: 0. Response time: 0.
[NX v23.1.0 Daemon Client] - 2026-07-24T12:15:15.391Z - [Messenger] Sending message type: RECORD_TASK_RUNS
[NX v23.1.0 Daemon Client] - 2026-07-24T12:15:15.391Z - [Messenger] Message sent
[NX v23.1.0 Daemon Server] - 2026-07-24T12:15:15.391Z - Received raw message of length 211
[NX v23.1.0 Daemon Server] - 2026-07-24T12:15:15.391Z - Received json message of type RECORD_TASK_RUNS
[NX v23.1.0 Daemon Server] - 2026-07-24T12:15:15.392Z - Serializing response for RECORD_TASK_RUNS message in json mode
[NX v23.1.0 Daemon Server] - 2026-07-24T12:15:15.392Z - Responding to RECORD_TASK_RUNS message
[NX v23.1.0 Daemon Server] - 2026-07-24T12:15:15.392Z - [REQUEST]: Responding to the client. handleRecordTaskRuns
[NX v23.1.0 Daemon Server] - 2026-07-24T12:15:15.392Z - Done responding to the client handleRecordTaskRuns
[NX v23.1.0 Daemon Server] - 2026-07-24T12:15:15.392Z - Handled json message RECORD_TASK_RUNS. Handling time: 0. Response time: 0.
[NX v23.1.0 Daemon Client] - 2026-07-24T12:15:15.392Z - [Messenger] Received message, length: 4
[NX v23.1.0 Daemon Client] - 2026-07-24T12:15:15.544Z - [Messenger] Sending message type: PROCESS_IN_BACKGROUND
[NX v23.1.0 Daemon Client] - 2026-07-24T12:15:15.544Z - [Messenger] Message sent
[NX v23.1.0 Daemon Server] - 2026-07-24T12:15:15.544Z - Received raw message of length 52329
[NX v23.1.0 Daemon Server] - 2026-07-24T12:15:15.545Z - Received json message of type PROCESS_IN_BACKGROUND
[NX v23.1.0 Daemon Server] - 2026-07-24T12:15:15.580Z - Serializing response for PROCESS_IN_BACKGROUND message in json mode
[NX v23.1.0 Daemon Server] - 2026-07-24T12:15:15.580Z - Responding to PROCESS_IN_BACKGROUND message
[NX v23.1.0 Daemon Server] - 2026-07-24T12:15:15.580Z - [REQUEST]: Responding to the client. PROCESS_IN_BACKGROUND
[NX v23.1.0 Daemon Server] - 2026-07-24T12:15:15.580Z - Done responding to the client PROCESS_IN_BACKGROUND
[NX v23.1.0 Daemon Server] - 2026-07-24T12:15:15.581Z - Handled json message PROCESS_IN_BACKGROUND. Handling time: 35. Response time: 1.
[NX v23.1.0 Daemon Client] - 2026-07-24T12:15:15.581Z - [Messenger] Received message, length: 2
[NX v23.1.0 Daemon Server] - 2026-07-24T12:15:15.581Z - Uploading file artifacts

[7m[1m[38;5;214m NX [39m[22m[27m  [38;5;214mNx Cloud: Storing 9177332134455049244 with storeV2[39m

[NX v23.1.0 Daemon Client] - 2026-07-24T12:15:15.583Z - [Messenger] Sending message type: GET_CONFIGURE_AI_AGENTS_STATUS
[NX v23.1.0 Daemon Client] - 2026-07-24T12:15:15.583Z - [Messenger] Message sent
[NX v23.1.0 Daemon Server] - 2026-07-24T12:15:15.585Z - Established a connection. Number of open connections: 4
[NX v23.1.0 Daemon Server] - 2026-07-24T12:15:15.585Z - Received raw message of length 41
[NX v23.1.0 Daemon Server] - 2026-07-24T12:15:15.585Z - Received json message of type GET_CONFIGURE_AI_AGENTS_STATUS
[NX v23.1.0 Daemon Server] - 2026-07-24T12:15:15.585Z - [AI-AGENTS]: Returning cached agent configuration status
[NX v23.1.0 Daemon Server] - 2026-07-24T12:15:15.585Z - Serializing response for GET_CONFIGURE_AI_AGENTS_STATUS message in json mode
[NX v23.1.0 Daemon Server] - 2026-07-24T12:15:15.585Z - Responding to GET_CONFIGURE_AI_AGENTS_STATUS message
[NX v23.1.0 Daemon Server] - 2026-07-24T12:15:15.585Z - [REQUEST]: Responding to the client. handleGetConfigureAiAgentsStatus
[NX v23.1.0 Daemon Server] - 2026-07-24T12:15:15.585Z - Done responding to the client handleGetConfigureAiAgentsStatus
[NX v23.1.0 Daemon Server] - 2026-07-24T12:15:15.585Z - Handled json message GET_CONFIGURE_AI_AGENTS_STATUS. Handling time: 0. Response time: 0.
[NX v23.1.0 Daemon Server] - 2026-07-24T12:15:15.585Z - Closed a connection. Number of open connections: 3
[NX v23.1.0 Daemon Client] - 2026-07-24T12:15:15.585Z - [Messenger] Received message, length: 441
[NX v23.1.0 Daemon Client] - 2026-07-24T12:15:15.587Z - [Messenger] Sending message type: POST_TASKS_EXECUTION
[NX v23.1.0 Daemon Client] - 2026-07-24T12:15:15.587Z - [Messenger] Message sent
[NX v23.1.0 Daemon Server] - 2026-07-24T12:15:15.587Z - Received raw message of length 1660
[NX v23.1.0 Daemon Server] - 2026-07-24T12:15:15.587Z - Received json message of type POST_TASKS_EXECUTION
[NX v23.1.0 Daemon Server] - 2026-07-24T12:15:15.588Z - Serializing response for POST_TASKS_EXECUTION message in json mode
[NX v23.1.0 Daemon Server] - 2026-07-24T12:15:15.588Z - Responding to POST_TASKS_EXECUTION message
[NX v23.1.0 Daemon Server] - 2026-07-24T12:15:15.588Z - [REQUEST]: Responding to the client. handleRunPostTasksExecution
[NX v23.1.0 Daemon Server] - 2026-07-24T12:15:15.588Z - Done responding to the client handleRunPostTasksExecution
[NX v23.1.0 Daemon Server] - 2026-07-24T12:15:15.588Z - Handled json message POST_TASKS_EXECUTION. Handling time: 1. Response time: 0.
[NX v23.1.0 Daemon Server] - 2026-07-24T12:15:15.588Z - Time taken for 'postTasksExecution' 0.1598750000121072ms
[NX v23.1.0 Daemon Client] - 2026-07-24T12:15:15.588Z - [Messenger] Received message, length: 4
[NX v23.1.0 Daemon Server] - 2026-07-24T12:15:15.597Z - Closed a connection. Number of open connections: 2

[7m[1m[38;5;214m NX [39m[22m[27m  [38;5;214mNx Cloud: Stored 9177332134455049244 /Users/paiva/git/beckerin/pixie-block/.nx/cache/terminalOutputs/9177332134455049244[39m

[NX v23.1.0 Daemon Server] - 2026-07-24T12:15:15.811Z - Done uploading file artifacts
[NX v23.1.0 Daemon Server] - 2026-07-24T12:15:15.811Z - Sending EndRun request
[Nx Cloud Debug] Attempting to acquire filesystem lock with path:  /Users/paiva/git/beckerin/pixie-block/.nx/cache/client-instance-id.lock
[Nx Cloud Debug] Failed to create folder lock at path: /Users/paiva/git/beckerin/pixie-block/.nx/cache/client-instance-id.lock
[Nx Cloud] Unable to detect a VCS context from the environment.

[7m[1m[38;5;214m NX [39m[22m[27m  [38;5;214mRunEnd. Completed tasks[39m


[
  "pixie-block:build"
]

RunEnd duration: 185
[NX v23.1.0 Daemon Server] - 2026-07-24T12:15:15.997Z - Done sending EndRun request
[NX v23.1.0 Daemon Server] - 2026-07-24T12:15:45.991Z - Established a connection. Number of open connections: 3
[NX v23.1.0 Daemon Server] - 2026-07-24T12:15:45.992Z - Closed a connection. Number of open connections: 2
[NX v23.1.0 Daemon Server] - 2026-07-24T12:15:45.992Z - Established a connection. Number of open connections: 3
[NX v23.1.0 Daemon Server] - 2026-07-24T12:15:45.993Z - Established a connection. Number of open connections: 4
[NX v23.1.0 Daemon Server] - 2026-07-24T12:15:45.993Z - Closed a connection. Number of open connections: 3
[NX v23.1.0 Daemon Client] - 2026-07-24T12:15:45.993Z - [Messenger] Setting up socket listeners
[NX v23.1.0 Daemon Client] - 2026-07-24T12:15:45.993Z - [Messenger] listen() complete
[NX v23.1.0 Daemon Client] - 2026-07-24T12:15:46.001Z - [Messenger] Sending message type: GET_NX_CONSOLE_STATUS
[NX v23.1.0 Daemon Client] - 2026-07-24T12:15:46.002Z - [Messenger] Message sent
[NX v23.1.0 Daemon Server] - 2026-07-24T12:15:46.002Z - Received raw message of length 3734
[NX v23.1.0 Daemon Server] - 2026-07-24T12:15:46.002Z - Received json message of type GET_NX_CONSOLE_STATUS
[NX v23.1.0 Daemon Server] - 2026-07-24T12:15:46.002Z - Serializing response for GET_NX_CONSOLE_STATUS message in json mode
[NX v23.1.0 Daemon Server] - 2026-07-24T12:15:46.002Z - Responding to GET_NX_CONSOLE_STATUS message
[NX v23.1.0 Daemon Server] - 2026-07-24T12:15:46.002Z - [REQUEST]: Responding to the client. handleGetNxConsoleStatus
[NX v23.1.0 Daemon Server] - 2026-07-24T12:15:46.002Z - Done responding to the client handleGetNxConsoleStatus
[NX v23.1.0 Daemon Server] - 2026-07-24T12:15:46.003Z - Handled json message GET_NX_CONSOLE_STATUS. Handling time: 0. Response time: 1.
[NX v23.1.0 Daemon Client] - 2026-07-24T12:15:46.003Z - [Messenger] Received message, length: 22
[NX v23.1.0 Daemon Client] - 2026-07-24T12:15:46.056Z - [Messenger] Sending message type: REQUEST_PROJECT_GRAPH
[NX v23.1.0 Daemon Client] - 2026-07-24T12:15:46.056Z - [Messenger] Message sent
[NX v23.1.0 Daemon Server] - 2026-07-24T12:15:46.056Z - Received raw message of length 32
[NX v23.1.0 Daemon Server] - 2026-07-24T12:15:46.056Z - Received json message of type REQUEST_PROJECT_GRAPH
[NX v23.1.0 Daemon Server] - 2026-07-24T12:15:46.056Z - [REQUEST]: Client Request for Project Graph Received
DEBUG nx::native::watch::watcher: force-flush END count=0 replies=1 elapsed=10.361334ms
[NX v23.1.0 Daemon Server] - 2026-07-24T12:15:46.067Z - Reusing in-memory cached project graph because no files changed.
[NX v23.1.0 Daemon Server] - 2026-07-24T12:15:46.067Z - Serializing response for REQUEST_PROJECT_GRAPH message in json mode
[NX v23.1.0 Daemon Server] - 2026-07-24T12:15:46.067Z - Responding to REQUEST_PROJECT_GRAPH message
[NX v23.1.0 Daemon Server] - 2026-07-24T12:15:46.067Z - [REQUEST]: Responding to the client. project-graph
[NX v23.1.0 Daemon Server] - 2026-07-24T12:15:46.067Z - Time taken for 'total for creating and serializing project graph' 10.584792000008747ms
[NX v23.1.0 Daemon Server] - 2026-07-24T12:15:46.067Z - Done responding to the client project-graph
[NX v23.1.0 Daemon Server] - 2026-07-24T12:15:46.067Z - Handled json message REQUEST_PROJECT_GRAPH. Handling time: 11. Response time: 0.
[NX v23.1.0 Daemon Client] - 2026-07-24T12:15:46.068Z - [Messenger] Received message, length: 54129
[NX v23.1.0 Daemon Client] - 2026-07-24T12:15:46.069Z - [Messenger] Sending message type: PRE_TASKS_EXECUTION
[NX v23.1.0 Daemon Server] - 2026-07-24T12:15:46.069Z - Received raw message of length 432
[NX v23.1.0 Daemon Client] - 2026-07-24T12:15:46.069Z - [Messenger] Message sent
[NX v23.1.0 Daemon Server] - 2026-07-24T12:15:46.069Z - Received json message of type PRE_TASKS_EXECUTION
[NX v23.1.0 Daemon Server] - 2026-07-24T12:15:46.070Z - Serializing response for PRE_TASKS_EXECUTION message in json mode
[NX v23.1.0 Daemon Server] - 2026-07-24T12:15:46.070Z - Responding to PRE_TASKS_EXECUTION message
[NX v23.1.0 Daemon Server] - 2026-07-24T12:15:46.070Z - [REQUEST]: Responding to the client. handleRunPreTasksExecution
[NX v23.1.0 Daemon Server] - 2026-07-24T12:15:46.070Z - Done responding to the client handleRunPreTasksExecution
[NX v23.1.0 Daemon Server] - 2026-07-24T12:15:46.070Z - Handled json message PRE_TASKS_EXECUTION. Handling time: 1. Response time: 0.
[NX v23.1.0 Daemon Server] - 2026-07-24T12:15:46.070Z - Time taken for 'preTasksExecution' 0.11700000008568168ms
[NX v23.1.0 Daemon Client] - 2026-07-24T12:15:46.070Z - [Messenger] Received message, length: 2
[NX v23.1.0 Daemon Client] - 2026-07-24T12:15:46.083Z - [Messenger] Sending message type: HASH_TASKS
[NX v23.1.0 Daemon Client] - 2026-07-24T12:15:46.083Z - [Messenger] Message sent
[NX v23.1.0 Daemon Server] - 2026-07-24T12:15:46.083Z - Received raw message of length 6568
[NX v23.1.0 Daemon Server] - 2026-07-24T12:15:46.083Z - Received json message of type HASH_TASKS
DEBUG nx::native::watch::watcher: force-flush END count=0 replies=1 elapsed=11.10125ms
[NX v23.1.0 Daemon Server] - 2026-07-24T12:15:46.094Z - Reusing in-memory cached project graph because no files changed.
DEBUG nx::native::tasks::hash_planner: get_plans_internal COMPLETED in 41µs - processed 1 tasks (setup: 2.709µs, parallel_planning: 37.167µs, pool: 8 unique instructions)
DEBUG nx::native::tasks::hashers::hash_workspace_files: Hashing workspace fileset: Adding "12984691112017789301" ("go.work") to hash
DEBUG nx::native::tasks::hashers::hash_workspace_files: Hashing workspace fileset: Adding "13107867570235583461" ("go.work.sum") to hash
DEBUG nx::native::tasks::hashers::hash_workspace_files: Hashing workspace fileset: Hash Value: "6275308276057203944"
DEBUG nx::native::tasks::task_hasher: hash_plans COMPLETED in 415.959µs - processed 1 plans (setup: 20.667µs, hashing: 394.583µs, assembly: 11.958µs)
[NX v23.1.0 Daemon Server] - 2026-07-24T12:15:46.095Z - Serializing response for HASH_TASKS message in json mode
[NX v23.1.0 Daemon Server] - 2026-07-24T12:15:46.095Z - Responding to HASH_TASKS message
[NX v23.1.0 Daemon Server] - 2026-07-24T12:15:46.095Z - [REQUEST]: Responding to the client. handleHashTasks
[NX v23.1.0 Daemon Server] - 2026-07-24T12:15:46.095Z - Done responding to the client handleHashTasks
[NX v23.1.0 Daemon Server] - 2026-07-24T12:15:46.095Z - Handled json message HASH_TASKS. Handling time: 12. Response time: 0.
[NX v23.1.0 Daemon Client] - 2026-07-24T12:15:46.095Z - [Messenger] Received message, length: 745
[NX v23.1.0 Daemon Client] - 2026-07-24T12:15:46.345Z - [Messenger] Sending message type: GET_ESTIMATED_TASK_TIMINGS
[NX v23.1.0 Daemon Client] - 2026-07-24T12:15:46.345Z - [Messenger] Message sent
[NX v23.1.0 Daemon Server] - 2026-07-24T12:15:46.345Z - Received raw message of length 91
[NX v23.1.0 Daemon Server] - 2026-07-24T12:15:46.345Z - Received json message of type GET_ESTIMATED_TASK_TIMINGS
[NX v23.1.0 Daemon Server] - 2026-07-24T12:15:46.345Z - Serializing response for GET_ESTIMATED_TASK_TIMINGS message in json mode
[NX v23.1.0 Daemon Server] - 2026-07-24T12:15:46.345Z - Responding to GET_ESTIMATED_TASK_TIMINGS message
[NX v23.1.0 Daemon Server] - 2026-07-24T12:15:46.345Z - [REQUEST]: Responding to the client. handleGetEstimatedTaskTimings
[NX v23.1.0 Daemon Server] - 2026-07-24T12:15:46.346Z - Done responding to the client handleGetEstimatedTaskTimings
[NX v23.1.0 Daemon Server] - 2026-07-24T12:15:46.346Z - Handled json message GET_ESTIMATED_TASK_TIMINGS. Handling time: 0. Response time: 1.
[NX v23.1.0 Daemon Client] - 2026-07-24T12:15:46.346Z - [Messenger] Received message, length: 24
[NX v23.1.0 Daemon Client] - 2026-07-24T12:15:47.225Z - [Messenger] Sending message type: RECORD_TASK_RUNS
[NX v23.1.0 Daemon Client] - 2026-07-24T12:15:47.225Z - [Messenger] Message sent
[NX v23.1.0 Daemon Server] - 2026-07-24T12:15:47.225Z - Received raw message of length 210
[NX v23.1.0 Daemon Server] - 2026-07-24T12:15:47.225Z - Received json message of type RECORD_TASK_RUNS
[NX v23.1.0 Daemon Server] - 2026-07-24T12:15:47.226Z - Serializing response for RECORD_TASK_RUNS message in json mode
[NX v23.1.0 Daemon Server] - 2026-07-24T12:15:47.226Z - Responding to RECORD_TASK_RUNS message
[NX v23.1.0 Daemon Server] - 2026-07-24T12:15:47.226Z - [REQUEST]: Responding to the client. handleRecordTaskRuns
[NX v23.1.0 Daemon Server] - 2026-07-24T12:15:47.226Z - Done responding to the client handleRecordTaskRuns
[NX v23.1.0 Daemon Server] - 2026-07-24T12:15:47.226Z - Handled json message RECORD_TASK_RUNS. Handling time: 1. Response time: 0.
[NX v23.1.0 Daemon Client] - 2026-07-24T12:15:47.226Z - [Messenger] Received message, length: 4
[NX v23.1.0 Daemon Client] - 2026-07-24T12:15:47.226Z - [Messenger] Sending message type: GET_FLAKY_TASKS
[NX v23.1.0 Daemon Server] - 2026-07-24T12:15:47.226Z - Received raw message of length 60
[NX v23.1.0 Daemon Client] - 2026-07-24T12:15:47.226Z - [Messenger] Message sent
[NX v23.1.0 Daemon Server] - 2026-07-24T12:15:47.226Z - Received json message of type GET_FLAKY_TASKS
[NX v23.1.0 Daemon Server] - 2026-07-24T12:15:47.226Z - Serializing response for GET_FLAKY_TASKS message in json mode
[NX v23.1.0 Daemon Server] - 2026-07-24T12:15:47.226Z - Responding to GET_FLAKY_TASKS message
[NX v23.1.0 Daemon Server] - 2026-07-24T12:15:47.226Z - [REQUEST]: Responding to the client. handleGetFlakyTasks
[NX v23.1.0 Daemon Server] - 2026-07-24T12:15:47.226Z - Done responding to the client handleGetFlakyTasks
[NX v23.1.0 Daemon Server] - 2026-07-24T12:15:47.226Z - Handled json message GET_FLAKY_TASKS. Handling time: 0. Response time: 0.
[NX v23.1.0 Daemon Client] - 2026-07-24T12:15:47.226Z - [Messenger] Received message, length: 2
[NX v23.1.0 Daemon Client] - 2026-07-24T12:15:47.227Z - [Messenger] Sending message type: PROCESS_IN_BACKGROUND
[NX v23.1.0 Daemon Client] - 2026-07-24T12:15:47.227Z - [Messenger] Message sent
[NX v23.1.0 Daemon Server] - 2026-07-24T12:15:47.228Z - Received raw message of length 56567
[NX v23.1.0 Daemon Server] - 2026-07-24T12:15:47.228Z - Received json message of type PROCESS_IN_BACKGROUND
[NX v23.1.0 Daemon Server] - 2026-07-24T12:15:47.259Z - Serializing response for PROCESS_IN_BACKGROUND message in json mode
[NX v23.1.0 Daemon Server] - 2026-07-24T12:15:47.259Z - Responding to PROCESS_IN_BACKGROUND message
[NX v23.1.0 Daemon Server] - 2026-07-24T12:15:47.259Z - [REQUEST]: Responding to the client. PROCESS_IN_BACKGROUND
[NX v23.1.0 Daemon Server] - 2026-07-24T12:15:47.259Z - Done responding to the client PROCESS_IN_BACKGROUND
[NX v23.1.0 Daemon Server] - 2026-07-24T12:15:47.259Z - Handled json message PROCESS_IN_BACKGROUND. Handling time: 31. Response time: 0.
[NX v23.1.0 Daemon Client] - 2026-07-24T12:15:47.259Z - [Messenger] Received message, length: 2
[NX v23.1.0 Daemon Server] - 2026-07-24T12:15:47.259Z - Uploading file artifacts

[7m[1m[38;5;214m NX [39m[22m[27m  [38;5;214mNx Cloud: Storing 16867732440699916574 with storeV2[39m


[7m[1m[38;5;214m NX [39m[22m[27m  [38;5;214mNx Cloud: Storing 16867732440699916574 with storeV2[39m

[NX v23.1.0 Daemon Server] - 2026-07-24T12:15:47.261Z - Established a connection. Number of open connections: 4
[NX v23.1.0 Daemon Client] - 2026-07-24T12:15:47.261Z - [Messenger] Sending message type: GET_CONFIGURE_AI_AGENTS_STATUS
[NX v23.1.0 Daemon Server] - 2026-07-24T12:15:47.261Z - Closed a connection. Number of open connections: 3
[NX v23.1.0 Daemon Client] - 2026-07-24T12:15:47.261Z - [Messenger] Message sent
[NX v23.1.0 Daemon Server] - 2026-07-24T12:15:47.261Z - Received raw message of length 41
[NX v23.1.0 Daemon Server] - 2026-07-24T12:15:47.261Z - Received json message of type GET_CONFIGURE_AI_AGENTS_STATUS
[NX v23.1.0 Daemon Server] - 2026-07-24T12:15:47.261Z - [AI-AGENTS]: Returning cached agent configuration status
[NX v23.1.0 Daemon Server] - 2026-07-24T12:15:47.261Z - Serializing response for GET_CONFIGURE_AI_AGENTS_STATUS message in json mode
[NX v23.1.0 Daemon Server] - 2026-07-24T12:15:47.261Z - Responding to GET_CONFIGURE_AI_AGENTS_STATUS message
[NX v23.1.0 Daemon Server] - 2026-07-24T12:15:47.261Z - [REQUEST]: Responding to the client. handleGetConfigureAiAgentsStatus
[NX v23.1.0 Daemon Server] - 2026-07-24T12:15:47.261Z - Done responding to the client handleGetConfigureAiAgentsStatus
[NX v23.1.0 Daemon Server] - 2026-07-24T12:15:47.261Z - Handled json message GET_CONFIGURE_AI_AGENTS_STATUS. Handling time: 0. Response time: 0.
[NX v23.1.0 Daemon Client] - 2026-07-24T12:15:47.261Z - [Messenger] Received message, length: 441
[NX v23.1.0 Daemon Client] - 2026-07-24T12:15:47.263Z - [Messenger] Sending message type: POST_TASKS_EXECUTION
[NX v23.1.0 Daemon Client] - 2026-07-24T12:15:47.264Z - [Messenger] Message sent
[NX v23.1.0 Daemon Server] - 2026-07-24T12:15:47.264Z - Received raw message of length 3602
[NX v23.1.0 Daemon Server] - 2026-07-24T12:15:47.264Z - Received json message of type POST_TASKS_EXECUTION
[NX v23.1.0 Daemon Server] - 2026-07-24T12:15:47.264Z - Serializing response for POST_TASKS_EXECUTION message in json mode
[NX v23.1.0 Daemon Server] - 2026-07-24T12:15:47.264Z - Responding to POST_TASKS_EXECUTION message
[NX v23.1.0 Daemon Server] - 2026-07-24T12:15:47.264Z - [REQUEST]: Responding to the client. handleRunPostTasksExecution
[NX v23.1.0 Daemon Server] - 2026-07-24T12:15:47.264Z - Done responding to the client handleRunPostTasksExecution
[NX v23.1.0 Daemon Server] - 2026-07-24T12:15:47.264Z - Handled json message POST_TASKS_EXECUTION. Handling time: 0. Response time: 0.
[NX v23.1.0 Daemon Client] - 2026-07-24T12:15:47.264Z - [Messenger] Received message, length: 4
[NX v23.1.0 Daemon Server] - 2026-07-24T12:15:47.264Z - Time taken for 'postTasksExecution' 0.15954200003761798ms
[NX v23.1.0 Daemon Server] - 2026-07-24T12:15:47.273Z - Closed a connection. Number of open connections: 2

[7m[1m[38;5;214m NX [39m[22m[27m  [38;5;214mNx Cloud: Stored 16867732440699916574 /Users/paiva/git/beckerin/pixie-block/.nx/cache/16867732440699916574[39m


[7m[1m[38;5;214m NX [39m[22m[27m  [38;5;214mNx Cloud: Stored 16867732440699916574 /Users/paiva/git/beckerin/pixie-block/.nx/cache/terminalOutputs/16867732440699916574[39m

[NX v23.1.0 Daemon Server] - 2026-07-24T12:15:47.490Z - Done uploading file artifacts
[NX v23.1.0 Daemon Server] - 2026-07-24T12:15:47.490Z - Sending EndRun request
[Nx Cloud Debug] Attempting to acquire filesystem lock with path:  /Users/paiva/git/beckerin/pixie-block/.nx/cache/client-instance-id.lock
[Nx Cloud Debug] Failed to create folder lock at path: /Users/paiva/git/beckerin/pixie-block/.nx/cache/client-instance-id.lock
[Nx Cloud] Unable to detect a VCS context from the environment.

[7m[1m[38;5;214m NX [39m[22m[27m  [38;5;214mRunEnd. Completed tasks[39m


[
  "pixie-block:test"
]

RunEnd duration: 235
[NX v23.1.0 Daemon Server] - 2026-07-24T12:15:47.726Z - Done sending EndRun request
DEBUG nx::native::watch::watcher: idle-window emitting events count=1
DEBUG nx::native::watch::watcher: idle-window emitting events count=1
DEBUG nx::native::watch::watcher:   [update] pixie-block/project.json
DEBUG nx::native::watch::watcher:   [update] pixie-block/project.json
[NX v23.1.0 Daemon Server] - 2026-07-24T12:15:54.276Z - [WATCHER]: pixie-block/project.json was modified
[NX v23.1.0 Daemon Server] - 2026-07-24T12:15:54.276Z - [WATCHER]: [watcher] routeWorkspaceChanges batch: 1 events: update:pixie-block/project.json
[NX v23.1.0 Daemon Server] - 2026-07-24T12:15:54.276Z - [WATCHER]: File changes detected:
Created:
(none)
Updated:
  - pixie-block/project.json
Deleted:
(none)
[NX v23.1.0 Daemon Server] - 2026-07-24T12:15:54.276Z - [SYNC]: clearing sync generators cache due to file changes
[NX v23.1.0 Daemon Server] - 2026-07-24T12:15:54.276Z - [REQUEST]: Updated workspace context based on watched changes, recomputing project graph...
[NX v23.1.0 Daemon Server] - 2026-07-24T12:15:54.276Z - [REQUEST]: pixie-block/project.json
[NX v23.1.0 Daemon Server] - 2026-07-24T12:15:54.276Z - [REQUEST]: 
[plugin-client] restarting worker for "@nx-go/nx-go"
[isolated-plugin] spawned worker for "@nx-go/nx-go" (pid: 16771, socket: /private/tmp/plugin7350-76-1030786.356209.sock)
[plugin-client] restarting worker for "nx/js/dependencies-and-lockfile"
[isolated-plugin] spawned worker for "nx/js/dependencies-and-lockfile" (pid: 16772, socket: /private/tmp/plugin7350-77-1030787.646542.sock)
[plugin-client] restarting worker for "nx/core/package-json"
[isolated-plugin] spawned worker for "nx/core/package-json" (pid: 16773, socket: /private/tmp/plugin7350-78-1030788.558667.sock)
[plugin-client] restarting worker for "nx/core/project-json"
[isolated-plugin] spawned worker for "nx/core/project-json" (pid: 16774, socket: /private/tmp/plugin7350-79-1030789.77325.sock)
[NX v23.1.0 Daemon Server] - 2026-07-24T12:15:54.281Z - [WATCHER]: Processing file changes in outputs
[NX v23.1.0 Daemon Server] - 2026-07-24T12:15:54.281Z - Time taken for 'hash changed files from watcher' 0.12316600000485778ms
[plugin-worker] "nx/core/project-json" (pid: 16774) listening on /private/tmp/plugin7350-79-1030789.77325.sock
[plugin-worker] "nx/js/dependencies-and-lockfile" (pid: 16772) listening on /private/tmp/plugin7350-77-1030787.646542.sock
[isolated-plugin] connected to worker for "nx/js/dependencies-and-lockfile" (pid: 16772)
[isolated-plugin] connected to worker for "nx/core/project-json" (pid: 16774)
[NX v23.1.0 Daemon Server] - 2026-07-24T12:15:54.495Z - Time taken for 'start-plugin-worker:nx/js/dependencies-and-lockfile' 215.25962500006426ms
[NX v23.1.0 Daemon Server] - 2026-07-24T12:15:54.495Z - Time taken for 'start-plugin-worker:nx/core/project-json' 214.5302499999525ms
[plugin-worker] "nx/js/dependencies-and-lockfile" (pid: 16772) connected
Time taken for 'plugin worker 16772 code loading' 169.136125ms
[plugin-worker] "@nx-go/nx-go" (pid: 16771) listening on /private/tmp/plugin7350-76-1030786.356209.sock
Time taken for 'plugin worker 16771 code loading' 170.63025000000002ms
[plugin-worker] "nx/core/project-json" (pid: 16774) connected
Time taken for 'plugin worker 16774 code loading' 167.86766699999998ms
[plugin-worker] "nx/core/project-json" (pid: 16774) loaded successfully
[isolated-plugin] connected to worker for "@nx-go/nx-go" (pid: 16771)
[NX v23.1.0 Daemon Server] - 2026-07-24T12:15:54.505Z - Time taken for 'start-plugin-worker:@nx-go/nx-go' 227.4189160000533ms
[isolated-plugin] connected to worker for "nx/core/package-json" (pid: 16773)
[NX v23.1.0 Daemon Server] - 2026-07-24T12:15:54.506Z - Time taken for 'start-plugin-worker:nx/core/package-json' 226.80570799997076ms
[plugin-worker] "nx/core/package-json" (pid: 16773) listening on /private/tmp/plugin7350-78-1030788.558667.sock
[plugin-worker] "@nx-go/nx-go" (pid: 16771) connected
[plugin-worker] "nx/core/package-json" (pid: 16773) connected
Time taken for 'plugin worker 16773 code loading' 181.95354200000003ms
[isolated-plugin] shutting down worker for "nx/core/project-json" after createNodes
[plugin-worker] "nx/core/package-json" (pid: 16773) loaded successfully
[isolated-plugin] shutting down worker for "nx/core/package-json" after createNodes
[plugin-worker] "nx/js/dependencies-and-lockfile" (pid: 16772) loaded successfully
Time taken for 'nx/js/dependencies-and-lockfile:createNodes' 4.73875000000001ms
[plugin-worker] "@nx-go/nx-go" (pid: 16771) loaded successfully
[NX v23.1.0 Daemon Server] - 2026-07-24T12:15:54.577Z - Time taken for 'build-project-configs' 298.4313339999644ms
[NX v23.1.0 Daemon Server] - 2026-07-24T12:15:54.577Z - Time taken for 'createNodes:merge' 0.3576249999459833ms
[NX v23.1.0 Daemon Server] - 2026-07-24T12:15:54.577Z - Time taken for 'native-file-deps' 0.001832999987527728ms
[NX v23.1.0 Daemon Server] - 2026-07-24T12:15:54.577Z - Time taken for 'get-workspace-files' 0.859375ms
Time taken for '@nx-go/nx-go:createNodes' 0.4943330000000401ms
Time taken for 'build typescript dependencies' 0.5183329999999842ms
[isolated-plugin] shutting down worker for "nx/js/dependencies-and-lockfile" after createDependencies
[NX v23.1.0 Daemon Server] - 2026-07-24T12:15:54.890Z - Time taken for 'nx/js/dependencies-and-lockfile:createDependencies' 313.1321250000037ms
[isolated-plugin] shutting down worker for "@nx-go/nx-go" after createDependencies
[NX v23.1.0 Daemon Server] - 2026-07-24T12:15:54.899Z - [SYNC]: collect registered sync generators
[NX v23.1.0 Daemon Server] - 2026-07-24T12:15:54.899Z - [SYNC]: nx.json hash is the same, not collecting global sync generators
[NX v23.1.0 Daemon Server] - 2026-07-24T12:15:54.900Z - Wrote project graph cache to /Users/paiva/git/beckerin/pixie-block/.nx/workspace-data/project-graph.json
[NX v23.1.0 Daemon Server] - 2026-07-24T12:15:54.900Z - Serializing response for PROJECT_GRAPH_UPDATED message in json mode
[NX v23.1.0 Daemon Server] - 2026-07-24T12:15:54.900Z - Responding to PROJECT_GRAPH_UPDATED message
[NX v23.1.0 Daemon Server] - 2026-07-24T12:15:54.900Z - [REQUEST]: Responding to the client. Project graph updated
[NX v23.1.0 Daemon Server] - 2026-07-24T12:15:54.900Z - Time taken for 'total execution time for createProjectGraph()' 322.2595829999773ms
[NX v23.1.0 Daemon Server] - 2026-07-24T12:15:54.900Z - Time taken for 'createDependencies' 321.6944170000497ms
[NX v23.1.0 Daemon Server] - 2026-07-24T12:15:54.900Z - Time taken for '@nx-go/nx-go:createDependencies' 321.6417080000974ms
[NX v23.1.0 Daemon Server] - 2026-07-24T12:15:54.900Z - Time taken for 'createMetadata' 0.006500000017695129ms
[NX v23.1.0 Daemon Server] - 2026-07-24T12:15:54.900Z - Time taken for 'serialize graph' 0.15316699992399663ms
[NX v23.1.0 Daemon Server] - 2026-07-24T12:15:54.900Z - Time taken for 'write cache' 1.2386669999687ms
[NX v23.1.0 Daemon Server] - 2026-07-24T12:15:54.901Z - Done responding to the client Project graph updated
[NX v23.1.0 Daemon Server] - 2026-07-24T12:15:54.901Z - Handled json message PROJECT_GRAPH_UPDATED. Handling time: 1. Response time: 1.
[NX v23.1.0 Daemon Client] - 2026-07-24T12:15:54.901Z - [Messenger] Received message, length: 53523
DEBUG nx::native::telemetry::service: Sent 1 events: [nx/js/dependencies-and-lockfile:createDe]
DEBUG nx::native::telemetry::service: Sent 1 events: [@nx-go/nx-go:createDependencies]
[NX v23.1.0 Daemon Client] - 2026-07-24T12:15:55.904Z - [Messenger] Sending message type: GET_CONTEXT_FILE_DATA
[NX v23.1.0 Daemon Server] - 2026-07-24T12:15:55.904Z - Established a connection. Number of open connections: 3
[NX v23.1.0 Daemon Client] - 2026-07-24T12:15:55.904Z - [Messenger] Message sent
[NX v23.1.0 Daemon Server] - 2026-07-24T12:15:55.904Z - Received raw message of length 32
[NX v23.1.0 Daemon Server] - 2026-07-24T12:15:55.904Z - Received json message of type GET_CONTEXT_FILE_DATA
[NX v23.1.0 Daemon Server] - 2026-07-24T12:15:55.904Z - Serializing response for GET_CONTEXT_FILE_DATA message in json mode
[NX v23.1.0 Daemon Server] - 2026-07-24T12:15:55.904Z - Responding to GET_CONTEXT_FILE_DATA message
[NX v23.1.0 Daemon Server] - 2026-07-24T12:15:55.904Z - [REQUEST]: Responding to the client. handleContextFileData
[NX v23.1.0 Daemon Server] - 2026-07-24T12:15:55.904Z - Done responding to the client handleContextFileData
[NX v23.1.0 Daemon Server] - 2026-07-24T12:15:55.904Z - Handled json message GET_CONTEXT_FILE_DATA. Handling time: 0. Response time: 0.
[NX v23.1.0 Daemon Client] - 2026-07-24T12:15:55.904Z - [Messenger] Received message, length: 4071
[NX v23.1.0 Daemon Server] - 2026-07-24T12:15:55.904Z - Closed a connection. Number of open connections: 2
[NX v23.1.0 Daemon Client] - 2026-07-24T12:15:55.922Z - [ProjectGraphListener] Socket closed, triggering reconnection
[NX v23.1.0 Daemon Server] - 2026-07-24T12:15:55.922Z - Closed a connection. Number of open connections: 1
[NX v23.1.0 Daemon Client] - 2026-07-24T12:15:55.923Z - [Messenger] Setting up socket listeners
[NX v23.1.0 Daemon Server] - 2026-07-24T12:15:55.923Z - Established a connection. Number of open connections: 2
[NX v23.1.0 Daemon Client] - 2026-07-24T12:15:55.923Z - [Messenger] listen() complete
[NX v23.1.0 Daemon Client] - 2026-07-24T12:15:55.923Z - [Messenger] Sending message type: REGISTER_PROJECT_GRAPH_LISTENER
[NX v23.1.0 Daemon Server] - 2026-07-24T12:15:55.923Z - Established a connection. Number of open connections: 3
[NX v23.1.0 Daemon Client] - 2026-07-24T12:15:55.923Z - [Messenger] Message sent
[NX v23.1.0 Daemon Server] - 2026-07-24T12:15:55.923Z - Closed a connection. Number of open connections: 2
[NX v23.1.0 Daemon Server] - 2026-07-24T12:15:55.923Z - Received raw message of length 42
[NX v23.1.0 Daemon Server] - 2026-07-24T12:15:55.923Z - Received json message of type REGISTER_PROJECT_GRAPH_LISTENER
DEBUG nx::native::watch::watcher: idle-window emitting events count=1
DEBUG nx::native::watch::watcher:   [update] pixie-block/project.json
DEBUG nx::native::watch::watcher: idle-window emitting events count=1
DEBUG nx::native::watch::watcher:   [update] pixie-block/project.json
[NX v23.1.0 Daemon Server] - 2026-07-24T12:15:58.144Z - [WATCHER]: pixie-block/project.json was modified
[NX v23.1.0 Daemon Server] - 2026-07-24T12:15:58.144Z - [WATCHER]: [watcher] routeWorkspaceChanges batch: 1 events: update:pixie-block/project.json
[NX v23.1.0 Daemon Server] - 2026-07-24T12:15:58.144Z - [WATCHER]: File changes detected:
Created:
(none)
Updated:
  - pixie-block/project.json
Deleted:
(none)
[NX v23.1.0 Daemon Server] - 2026-07-24T12:15:58.145Z - [SYNC]: clearing sync generators cache due to file changes
[NX v23.1.0 Daemon Server] - 2026-07-24T12:15:58.145Z - [REQUEST]: Updated workspace context based on watched changes, recomputing project graph...
[NX v23.1.0 Daemon Server] - 2026-07-24T12:15:58.145Z - [REQUEST]: pixie-block/project.json
[NX v23.1.0 Daemon Server] - 2026-07-24T12:15:58.145Z - [REQUEST]: 
[plugin-client] restarting worker for "@nx-go/nx-go"
[isolated-plugin] spawned worker for "@nx-go/nx-go" (pid: 16807, socket: /private/tmp/plugin7350-80-1034655.79975.sock)
[plugin-client] restarting worker for "nx/js/dependencies-and-lockfile"
[isolated-plugin] spawned worker for "nx/js/dependencies-and-lockfile" (pid: 16808, socket: /private/tmp/plugin7350-81-1034660.311792.sock)
[plugin-client] restarting worker for "nx/core/package-json"
[isolated-plugin] spawned worker for "nx/core/package-json" (pid: 16809, socket: /private/tmp/plugin7350-82-1034665.784459.sock)
[plugin-client] restarting worker for "nx/core/project-json"
[isolated-plugin] spawned worker for "nx/core/project-json" (pid: 16810, socket: /private/tmp/plugin7350-83-1034670.561042.sock)
[NX v23.1.0 Daemon Server] - 2026-07-24T12:15:58.164Z - [WATCHER]: Processing file changes in outputs
[NX v23.1.0 Daemon Server] - 2026-07-24T12:15:58.164Z - Time taken for 'hash changed files from watcher' 0.1604590000351891ms
[plugin-worker] "nx/js/dependencies-and-lockfile" (pid: 16808) listening on /private/tmp/plugin7350-81-1034660.311792.sock
Time taken for 'plugin worker 16808 code loading' 218.485584ms
[plugin-worker] "nx/core/package-json" (pid: 16809) listening on /private/tmp/plugin7350-82-1034665.784459.sock
[isolated-plugin] connected to worker for "nx/core/package-json" (pid: 16809)
[isolated-plugin] connected to worker for "nx/js/dependencies-and-lockfile" (pid: 16808)
[NX v23.1.0 Daemon Server] - 2026-07-24T12:15:58.443Z - Time taken for 'start-plugin-worker:nx/js/dependencies-and-lockfile' 293.98287499998696ms
[NX v23.1.0 Daemon Server] - 2026-07-24T12:15:58.443Z - Time taken for 'start-plugin-worker:nx/core/package-json' 286.21374999999534ms
[plugin-worker] "@nx-go/nx-go" (pid: 16807) listening on /private/tmp/plugin7350-80-1034655.79975.sock
Time taken for 'plugin worker 16809 code loading' 223.868583ms
[plugin-worker] "nx/core/package-json" (pid: 16809) connected
Time taken for 'plugin worker 16807 code loading' 234.450667ms
[plugin-worker] "nx/core/project-json" (pid: 16810) listening on /private/tmp/plugin7350-83-1034670.561042.sock
[plugin-worker] "nx/js/dependencies-and-lockfile" (pid: 16808) connected
Time taken for 'plugin worker 16810 code loading' 234.944125ms
[plugin-worker] "nx/core/package-json" (pid: 16809) loaded successfully
[isolated-plugin] connected to worker for "nx/core/project-json" (pid: 16810)
[isolated-plugin] connected to worker for "@nx-go/nx-go" (pid: 16807)
[NX v23.1.0 Daemon Server] - 2026-07-24T12:15:58.455Z - Time taken for 'start-plugin-worker:@nx-go/nx-go' 308.87891700002365ms
[NX v23.1.0 Daemon Server] - 2026-07-24T12:15:58.455Z - Time taken for 'start-plugin-worker:nx/core/project-json' 293.8355829999782ms
[plugin-worker] "nx/core/project-json" (pid: 16810) connected
[plugin-worker] "@nx-go/nx-go" (pid: 16807) connected
[isolated-plugin] shutting down worker for "nx/core/package-json" after createNodes
[plugin-worker] "nx/core/project-json" (pid: 16810) loaded successfully
[isolated-plugin] shutting down worker for "nx/core/project-json" after createNodes
[plugin-worker] "nx/js/dependencies-and-lockfile" (pid: 16808) loaded successfully
Time taken for 'nx/js/dependencies-and-lockfile:createNodes' 2.8650840000000244ms
[plugin-worker] "@nx-go/nx-go" (pid: 16807) loaded successfully
[NX v23.1.0 Daemon Server] - 2026-07-24T12:15:58.514Z - Time taken for 'build-project-configs' 367.0720410000067ms
[NX v23.1.0 Daemon Server] - 2026-07-24T12:15:58.514Z - Time taken for 'createNodes:merge' 0.6602500000735745ms
Time taken for '@nx-go/nx-go:createNodes' 0.45545800000002146ms
Time taken for 'build typescript dependencies' 0.5204169999999522ms
[isolated-plugin] shutting down worker for "nx/js/dependencies-and-lockfile" after createDependencies
[NX v23.1.0 Daemon Server] - 2026-07-24T12:15:58.830Z - Time taken for 'nx/js/dependencies-and-lockfile:createDependencies' 316.52329200005624ms
[isolated-plugin] shutting down worker for "@nx-go/nx-go" after createDependencies
[NX v23.1.0 Daemon Server] - 2026-07-24T12:15:58.844Z - [SYNC]: collect registered sync generators
[NX v23.1.0 Daemon Server] - 2026-07-24T12:15:58.844Z - [SYNC]: project graph hash is the same, not collecting task sync generators
[NX v23.1.0 Daemon Server] - 2026-07-24T12:15:58.844Z - [SYNC]: nx.json hash is the same, not collecting global sync generators
[NX v23.1.0 Daemon Server] - 2026-07-24T12:15:58.845Z - Wrote project graph cache to /Users/paiva/git/beckerin/pixie-block/.nx/workspace-data/project-graph.json
[NX v23.1.0 Daemon Server] - 2026-07-24T12:15:58.845Z - Serializing response for PROJECT_GRAPH_UPDATED message in json mode
[NX v23.1.0 Daemon Server] - 2026-07-24T12:15:58.846Z - Responding to PROJECT_GRAPH_UPDATED message
[NX v23.1.0 Daemon Server] - 2026-07-24T12:15:58.846Z - [REQUEST]: Responding to the client. Project graph updated
[NX v23.1.0 Daemon Server] - 2026-07-24T12:15:58.846Z - Time taken for 'total execution time for createProjectGraph()' 330.2976250000065ms
[NX v23.1.0 Daemon Server] - 2026-07-24T12:15:58.846Z - Time taken for 'createDependencies' 329.6956249999348ms
[NX v23.1.0 Daemon Server] - 2026-07-24T12:15:58.846Z - Time taken for '@nx-go/nx-go:createDependencies' 329.6392080000369ms
[NX v23.1.0 Daemon Server] - 2026-07-24T12:15:58.846Z - Time taken for 'createMetadata' 0.006540999980643392ms
[NX v23.1.0 Daemon Server] - 2026-07-24T12:15:58.846Z - Time taken for 'serialize graph' 0.16579200001433492ms
[NX v23.1.0 Daemon Server] - 2026-07-24T12:15:58.846Z - Time taken for 'write cache' 1.322124999947846ms
[NX v23.1.0 Daemon Server] - 2026-07-24T12:15:58.846Z - Done responding to the client Project graph updated
[NX v23.1.0 Daemon Server] - 2026-07-24T12:15:58.846Z - Handled json message PROJECT_GRAPH_UPDATED. Handling time: 1. Response time: 1.
[NX v23.1.0 Daemon Client] - 2026-07-24T12:15:58.846Z - [Messenger] Received message, length: 53523
DEBUG nx::native::telemetry::service: Sent 1 events: [nx/js/dependencies-and-lockfile:createDe]
DEBUG nx::native::telemetry::service: Sent 1 events: [@nx-go/nx-go:createDependencies]
[NX v23.1.0 Daemon Client] - 2026-07-24T12:15:59.850Z - [Messenger] Sending message type: GET_CONTEXT_FILE_DATA
[NX v23.1.0 Daemon Client] - 2026-07-24T12:15:59.850Z - [Messenger] Message sent
[NX v23.1.0 Daemon Server] - 2026-07-24T12:15:59.850Z - Established a connection. Number of open connections: 3
[NX v23.1.0 Daemon Server] - 2026-07-24T12:15:59.851Z - Received raw message of length 32
[NX v23.1.0 Daemon Server] - 2026-07-24T12:15:59.851Z - Received json message of type GET_CONTEXT_FILE_DATA
[NX v23.1.0 Daemon Server] - 2026-07-24T12:15:59.851Z - Serializing response for GET_CONTEXT_FILE_DATA message in json mode
[NX v23.1.0 Daemon Server] - 2026-07-24T12:15:59.851Z - Responding to GET_CONTEXT_FILE_DATA message
[NX v23.1.0 Daemon Server] - 2026-07-24T12:15:59.851Z - [REQUEST]: Responding to the client. handleContextFileData
[NX v23.1.0 Daemon Server] - 2026-07-24T12:15:59.851Z - Done responding to the client handleContextFileData
[NX v23.1.0 Daemon Server] - 2026-07-24T12:15:59.852Z - Handled json message GET_CONTEXT_FILE_DATA. Handling time: 0. Response time: 1.
[NX v23.1.0 Daemon Client] - 2026-07-24T12:15:59.852Z - [Messenger] Received message, length: 4070
[NX v23.1.0 Daemon Server] - 2026-07-24T12:15:59.852Z - Closed a connection. Number of open connections: 2
[NX v23.1.0 Daemon Client] - 2026-07-24T12:15:59.862Z - [ProjectGraphListener] Socket closed, triggering reconnection
[NX v23.1.0 Daemon Server] - 2026-07-24T12:15:59.862Z - Closed a connection. Number of open connections: 1
[NX v23.1.0 Daemon Client] - 2026-07-24T12:15:59.863Z - [Messenger] Setting up socket listeners
[NX v23.1.0 Daemon Server] - 2026-07-24T12:15:59.863Z - Established a connection. Number of open connections: 2
[NX v23.1.0 Daemon Client] - 2026-07-24T12:15:59.863Z - [Messenger] listen() complete
[NX v23.1.0 Daemon Client] - 2026-07-24T12:15:59.863Z - [Messenger] Sending message type: REGISTER_PROJECT_GRAPH_LISTENER
[NX v23.1.0 Daemon Client] - 2026-07-24T12:15:59.864Z - [Messenger] Message sent
[NX v23.1.0 Daemon Server] - 2026-07-24T12:15:59.864Z - Established a connection. Number of open connections: 3
[NX v23.1.0 Daemon Server] - 2026-07-24T12:15:59.864Z - Closed a connection. Number of open connections: 2
[NX v23.1.0 Daemon Server] - 2026-07-24T12:15:59.864Z - Received raw message of length 42
[NX v23.1.0 Daemon Server] - 2026-07-24T12:15:59.864Z - Received json message of type REGISTER_PROJECT_GRAPH_LISTENER
[NX v23.1.0 Daemon Server] - 2026-07-24T12:17:14.601Z - Established a connection. Number of open connections: 3
[NX v23.1.0 Daemon Server] - 2026-07-24T12:17:14.602Z - Established a connection. Number of open connections: 4
[NX v23.1.0 Daemon Server] - 2026-07-24T12:17:14.602Z - Closed a connection. Number of open connections: 3
[NX v23.1.0 Daemon Server] - 2026-07-24T12:17:14.602Z - Established a connection. Number of open connections: 4
[NX v23.1.0 Daemon Client] - 2026-07-24T12:17:14.601Z - [Messenger] Setting up socket listeners
[NX v23.1.0 Daemon Server] - 2026-07-24T12:17:14.602Z - Closed a connection. Number of open connections: 3
[NX v23.1.0 Daemon Client] - 2026-07-24T12:17:14.602Z - [Messenger] listen() complete
[NX v23.1.0 Daemon Client] - 2026-07-24T12:17:14.612Z - [Messenger] Sending message type: GET_NX_CONSOLE_STATUS
[NX v23.1.0 Daemon Client] - 2026-07-24T12:17:14.612Z - [Messenger] Message sent
[NX v23.1.0 Daemon Server] - 2026-07-24T12:17:14.613Z - Received raw message of length 3291
[NX v23.1.0 Daemon Server] - 2026-07-24T12:17:14.613Z - Received json message of type GET_NX_CONSOLE_STATUS
[NX v23.1.0 Daemon Server] - 2026-07-24T12:17:14.613Z - Graph recompute necessary due to env variable refresh. Changed keys: PATH, PWD, XPC_SERVICE_NAME, STARSHIP_SESSION_KEY, NODE, INIT_CWD, COLOR, NX_CONSOLE
[NX v23.1.0 Daemon Server] - 2026-07-24T12:17:14.614Z - Serializing response for GET_NX_CONSOLE_STATUS message in json mode
[NX v23.1.0 Daemon Server] - 2026-07-24T12:17:14.614Z - Responding to GET_NX_CONSOLE_STATUS message
[NX v23.1.0 Daemon Server] - 2026-07-24T12:17:14.614Z - [REQUEST]: Responding to the client. handleGetNxConsoleStatus
[NX v23.1.0 Daemon Server] - 2026-07-24T12:17:14.614Z - Done responding to the client handleGetNxConsoleStatus
[NX v23.1.0 Daemon Server] - 2026-07-24T12:17:14.614Z - Handled json message GET_NX_CONSOLE_STATUS. Handling time: 0. Response time: 0.
[NX v23.1.0 Daemon Client] - 2026-07-24T12:17:14.614Z - [Messenger] Received message, length: 22
[NX v23.1.0 Daemon Client] - 2026-07-24T12:17:14.662Z - [Messenger] Sending message type: REQUEST_PROJECT_GRAPH
[NX v23.1.0 Daemon Client] - 2026-07-24T12:17:14.662Z - [Messenger] Message sent
[NX v23.1.0 Daemon Server] - 2026-07-24T12:17:14.663Z - Received raw message of length 32
[NX v23.1.0 Daemon Server] - 2026-07-24T12:17:14.663Z - Received json message of type REQUEST_PROJECT_GRAPH
[NX v23.1.0 Daemon Server] - 2026-07-24T12:17:14.663Z - [REQUEST]: Client Request for Project Graph Received
DEBUG nx::native::watch::watcher: force-flush END count=0 replies=1 elapsed=10.059ms
[NX v23.1.0 Daemon Server] - 2026-07-24T12:17:14.673Z - No in-memory cached project graph found. Recomputing it...
[NX v23.1.0 Daemon Server] - 2026-07-24T12:17:14.673Z - [REQUEST]: Updated workspace context based on watched changes, recomputing project graph...
[NX v23.1.0 Daemon Server] - 2026-07-24T12:17:14.674Z - [REQUEST]: 
[NX v23.1.0 Daemon Server] - 2026-07-24T12:17:14.674Z - [REQUEST]: 
[NX v23.1.0 Daemon Server] - 2026-07-24T12:17:14.674Z - Streaming message to client: progress update for topic graph-construction
[plugin-client] restarting worker for "@nx-go/nx-go"
[NX v23.1.0 Daemon Client] - 2026-07-24T12:17:14.675Z - [Messenger] Received message, length: 47
[isolated-plugin] spawned worker for "@nx-go/nx-go" (pid: 17090, socket: /private/tmp/plugin7350-84-1111183.814917.sock)
[plugin-client] restarting worker for "nx/js/dependencies-and-lockfile"
[isolated-plugin] spawned worker for "nx/js/dependencies-and-lockfile" (pid: 17091, socket: /private/tmp/plugin7350-85-1111185.094459.sock)
[plugin-client] restarting worker for "nx/core/package-json"
[isolated-plugin] spawned worker for "nx/core/package-json" (pid: 17092, socket: /private/tmp/plugin7350-86-1111185.76.sock)
[plugin-client] restarting worker for "nx/core/project-json"
[isolated-plugin] spawned worker for "nx/core/project-json" (pid: 17093, socket: /private/tmp/plugin7350-87-1111186.278542.sock)
[plugin-worker] "@nx-go/nx-go" (pid: 17090) listening on /private/tmp/plugin7350-84-1111183.814917.sock
[plugin-worker] "nx/js/dependencies-and-lockfile" (pid: 17091) listening on /private/tmp/plugin7350-85-1111185.094459.sock
Time taken for 'plugin worker 17090 code loading' 123.58875ms
Time taken for 'plugin worker 17091 code loading' 124.29191699999998ms
[plugin-worker] "nx/core/package-json" (pid: 17092) listening on /private/tmp/plugin7350-86-1111185.76.sock
[isolated-plugin] connected to worker for "@nx-go/nx-go" (pid: 17090)
[isolated-plugin] connected to worker for "nx/js/dependencies-and-lockfile" (pid: 17091)
[NX v23.1.0 Daemon Server] - 2026-07-24T12:17:14.849Z - Time taken for 'start-plugin-worker:@nx-go/nx-go' 173.59570900001563ms
[NX v23.1.0 Daemon Server] - 2026-07-24T12:17:14.849Z - Time taken for 'start-plugin-worker:nx/js/dependencies-and-lockfile' 172.78312499984168ms
[plugin-worker] "nx/core/project-json" (pid: 17093) listening on /private/tmp/plugin7350-87-1111186.278542.sock
[plugin-worker] "@nx-go/nx-go" (pid: 17090) connected
[plugin-worker] "nx/js/dependencies-and-lockfile" (pid: 17091) connected
Time taken for 'plugin worker 17092 code loading' 133.115917ms
[isolated-plugin] connected to worker for "nx/core/package-json" (pid: 17092)
[isolated-plugin] connected to worker for "nx/core/project-json" (pid: 17093)
[NX v23.1.0 Daemon Server] - 2026-07-24T12:17:14.850Z - Time taken for 'start-plugin-worker:nx/core/package-json' 172.79791700001806ms
[NX v23.1.0 Daemon Server] - 2026-07-24T12:17:14.850Z - Time taken for 'start-plugin-worker:nx/core/project-json' 172.47549999994226ms
[plugin-worker] "nx/core/package-json" (pid: 17092) connected
[plugin-worker] "nx/core/project-json" (pid: 17093) connected
Time taken for 'plugin worker 17093 code loading' 132.1115ms
[plugin-worker] "nx/core/project-json" (pid: 17093) loaded successfully
[isolated-plugin] shutting down worker for "nx/core/project-json" after createNodes
[NX v23.1.0 Daemon Server] - 2026-07-24T12:17:14.858Z - Streaming message to client: progress update for topic graph-construction
[plugin-worker] "nx/core/package-json" (pid: 17092) loaded successfully
[NX v23.1.0 Daemon Client] - 2026-07-24T12:17:14.858Z - [Messenger] Received message, length: 171
[plugin-worker] "nx/js/dependencies-and-lockfile" (pid: 17091) loaded successfully
[isolated-plugin] shutting down worker for "nx/core/package-json" after createNodes
[NX v23.1.0 Daemon Server] - 2026-07-24T12:17:14.864Z - Streaming message to client: progress update for topic graph-construction
[NX v23.1.0 Daemon Client] - 2026-07-24T12:17:14.865Z - [Messenger] Received message, length: 145
Time taken for 'nx/js/dependencies-and-lockfile:createNodes' 3.453499999999991ms
[NX v23.1.0 Daemon Server] - 2026-07-24T12:17:14.870Z - Streaming message to client: progress update for topic graph-construction
[NX v23.1.0 Daemon Client] - 2026-07-24T12:17:14.870Z - [Messenger] Received message, length: 93
[plugin-worker] "@nx-go/nx-go" (pid: 17090) loaded successfully
[NX v23.1.0 Daemon Server] - 2026-07-24T12:17:14.915Z - Streaming message to client: progress update for topic graph-construction
[NX v23.1.0 Daemon Client] - 2026-07-24T12:17:14.915Z - [Messenger] Received message, length: 47
[NX v23.1.0 Daemon Server] - 2026-07-24T12:17:14.916Z - Streaming message to client: progress update for topic graph-construction
[NX v23.1.0 Daemon Client] - 2026-07-24T12:17:14.916Z - [Messenger] Received message, length: 47
[NX v23.1.0 Daemon Server] - 2026-07-24T12:17:14.916Z - Time taken for 'build-project-configs' 240.53395799989812ms
[NX v23.1.0 Daemon Server] - 2026-07-24T12:17:14.916Z - Time taken for 'createNodes:merge' 0.30358300008811057ms
Time taken for '@nx-go/nx-go:createNodes' 0.692167000000012ms
Time taken for 'build typescript dependencies' 0.1083749999999668ms
[isolated-plugin] shutting down worker for "nx/js/dependencies-and-lockfile" after createDependencies
[NX v23.1.0 Daemon Server] - 2026-07-24T12:17:15.175Z - Streaming message to client: progress update for topic graph-construction
[NX v23.1.0 Daemon Client] - 2026-07-24T12:17:15.175Z - [Messenger] Received message, length: 100
[NX v23.1.0 Daemon Server] - 2026-07-24T12:17:15.176Z - Time taken for 'nx/js/dependencies-and-lockfile:createDependencies' 259.7251250001136ms
[isolated-plugin] shutting down worker for "@nx-go/nx-go" after createDependencies
[NX v23.1.0 Daemon Server] - 2026-07-24T12:17:15.199Z - Streaming message to client: progress update for topic graph-construction
[NX v23.1.0 Daemon Client] - 2026-07-24T12:17:15.199Z - [Messenger] Received message, length: 47
[NX v23.1.0 Daemon Server] - 2026-07-24T12:17:15.200Z - [SYNC]: collect registered sync generators
[NX v23.1.0 Daemon Server] - 2026-07-24T12:17:15.200Z - [SYNC]: project graph hash is the same, not collecting task sync generators
[NX v23.1.0 Daemon Server] - 2026-07-24T12:17:15.200Z - [SYNC]: nx.json hash is the same, not collecting global sync generators
[NX v23.1.0 Daemon Server] - 2026-07-24T12:17:15.201Z - Wrote project graph cache to /Users/paiva/git/beckerin/pixie-block/.nx/workspace-data/project-graph.json
[NX v23.1.0 Daemon Server] - 2026-07-24T12:17:15.201Z - Serializing response for PROJECT_GRAPH_UPDATED message in json mode
[NX v23.1.0 Daemon Server] - 2026-07-24T12:17:15.201Z - Responding to PROJECT_GRAPH_UPDATED message
[NX v23.1.0 Daemon Server] - 2026-07-24T12:17:15.201Z - [REQUEST]: Responding to the client. Project graph updated
[NX v23.1.0 Daemon Server] - 2026-07-24T12:17:15.201Z - Serializing response for REQUEST_PROJECT_GRAPH message in json mode
[NX v23.1.0 Daemon Server] - 2026-07-24T12:17:15.201Z - Responding to REQUEST_PROJECT_GRAPH message
[NX v23.1.0 Daemon Server] - 2026-07-24T12:17:15.201Z - [REQUEST]: Responding to the client. project-graph
[NX v23.1.0 Daemon Server] - 2026-07-24T12:17:15.201Z - Time taken for 'total for creating and serializing project graph' 538.3974160000216ms
[NX v23.1.0 Daemon Server] - 2026-07-24T12:17:15.201Z - Time taken for 'total execution time for createProjectGraph()' 284.1726249998901ms
[NX v23.1.0 Daemon Server] - 2026-07-24T12:17:15.201Z - Time taken for 'createDependencies' 283.61550000007264ms
[NX v23.1.0 Daemon Server] - 2026-07-24T12:17:15.201Z - Time taken for '@nx-go/nx-go:createDependencies' 283.51833400013857ms
[NX v23.1.0 Daemon Server] - 2026-07-24T12:17:15.201Z - Time taken for 'createMetadata' 0.006125000072643161ms
[NX v23.1.0 Daemon Server] - 2026-07-24T12:17:15.201Z - Time taken for 'serialize graph' 0.1544589998666197ms
[NX v23.1.0 Daemon Server] - 2026-07-24T12:17:15.201Z - Time taken for 'write cache' 1.0746659999713302ms
[NX v23.1.0 Daemon Server] - 2026-07-24T12:17:15.201Z - Done responding to the client Project graph updated
[NX v23.1.0 Daemon Server] - 2026-07-24T12:17:15.201Z - Handled json message PROJECT_GRAPH_UPDATED. Handling time: 1. Response time: 0.
[NX v23.1.0 Daemon Client] - 2026-07-24T12:17:15.201Z - [Messenger] Received message, length: 53523
[NX v23.1.0 Daemon Server] - 2026-07-24T12:17:15.202Z - Done responding to the client project-graph
[NX v23.1.0 Daemon Server] - 2026-07-24T12:17:15.202Z - Handled json message REQUEST_PROJECT_GRAPH. Handling time: 538. Response time: 1.
[NX v23.1.0 Daemon Client] - 2026-07-24T12:17:15.202Z - [Messenger] Received message, length: 53530
[NX v23.1.0 Daemon Client] - 2026-07-24T12:17:15.203Z - [Messenger] Sending message type: PRE_TASKS_EXECUTION
[NX v23.1.0 Daemon Client] - 2026-07-24T12:17:15.203Z - [Messenger] Message sent
[NX v23.1.0 Daemon Server] - 2026-07-24T12:17:15.203Z - Received raw message of length 419
[NX v23.1.0 Daemon Server] - 2026-07-24T12:17:15.203Z - Received json message of type PRE_TASKS_EXECUTION
[NX v23.1.0 Daemon Server] - 2026-07-24T12:17:15.204Z - Serializing response for PRE_TASKS_EXECUTION message in json mode
[NX v23.1.0 Daemon Server] - 2026-07-24T12:17:15.204Z - Responding to PRE_TASKS_EXECUTION message
[NX v23.1.0 Daemon Server] - 2026-07-24T12:17:15.204Z - [REQUEST]: Responding to the client. handleRunPreTasksExecution
[NX v23.1.0 Daemon Server] - 2026-07-24T12:17:15.204Z - Done responding to the client handleRunPreTasksExecution
[NX v23.1.0 Daemon Server] - 2026-07-24T12:17:15.204Z - Handled json message PRE_TASKS_EXECUTION. Handling time: 1. Response time: 0.
[NX v23.1.0 Daemon Server] - 2026-07-24T12:17:15.204Z - Time taken for 'preTasksExecution' 0.16924999980255961ms
DEBUG nx::native::telemetry::service: Sent 1 events: [nx/js/dependencies-and-lockfile:createDe]
DEBUG nx::native::telemetry::service: Sent 1 events: [@nx-go/nx-go:createDependencies]
[NX v23.1.0 Daemon Client] - 2026-07-24T12:17:15.323Z - [Messenger] Received message, length: 2
[NX v23.1.0 Daemon Server] - 2026-07-24T12:17:15.325Z - Closed a connection. Number of open connections: 2
[NX v23.1.0 Daemon Client] - 2026-07-24T12:17:16.206Z - [Messenger] Sending message type: GET_CONTEXT_FILE_DATA
[NX v23.1.0 Daemon Server] - 2026-07-24T12:17:16.206Z - Established a connection. Number of open connections: 3
[NX v23.1.0 Daemon Client] - 2026-07-24T12:17:16.207Z - [Messenger] Message sent
[NX v23.1.0 Daemon Server] - 2026-07-24T12:17:16.207Z - Received raw message of length 32
[NX v23.1.0 Daemon Server] - 2026-07-24T12:17:16.207Z - Received json message of type GET_CONTEXT_FILE_DATA
[NX v23.1.0 Daemon Server] - 2026-07-24T12:17:16.207Z - Serializing response for GET_CONTEXT_FILE_DATA message in json mode
[NX v23.1.0 Daemon Server] - 2026-07-24T12:17:16.207Z - Responding to GET_CONTEXT_FILE_DATA message
[NX v23.1.0 Daemon Server] - 2026-07-24T12:17:16.207Z - [REQUEST]: Responding to the client. handleContextFileData
[NX v23.1.0 Daemon Server] - 2026-07-24T12:17:16.207Z - Done responding to the client handleContextFileData
[NX v23.1.0 Daemon Server] - 2026-07-24T12:17:16.207Z - Handled json message GET_CONTEXT_FILE_DATA. Handling time: 0. Response time: 0.
[NX v23.1.0 Daemon Client] - 2026-07-24T12:17:16.207Z - [Messenger] Received message, length: 4070
[NX v23.1.0 Daemon Server] - 2026-07-24T12:17:16.207Z - Closed a connection. Number of open connections: 2
[NX v23.1.0 Daemon Client] - 2026-07-24T12:17:16.227Z - [ProjectGraphListener] Socket closed, triggering reconnection
[NX v23.1.0 Daemon Server] - 2026-07-24T12:17:16.227Z - Closed a connection. Number of open connections: 1
[NX v23.1.0 Daemon Client] - 2026-07-24T12:17:16.228Z - [Messenger] Setting up socket listeners
[NX v23.1.0 Daemon Server] - 2026-07-24T12:17:16.228Z - Established a connection. Number of open connections: 2
[NX v23.1.0 Daemon Client] - 2026-07-24T12:17:16.228Z - [Messenger] listen() complete
[NX v23.1.0 Daemon Client] - 2026-07-24T12:17:16.229Z - [Messenger] Sending message type: REGISTER_PROJECT_GRAPH_LISTENER
[NX v23.1.0 Daemon Server] - 2026-07-24T12:17:16.229Z - Established a connection. Number of open connections: 3
[NX v23.1.0 Daemon Client] - 2026-07-24T12:17:16.229Z - [Messenger] Message sent
[NX v23.1.0 Daemon Server] - 2026-07-24T12:17:16.229Z - Closed a connection. Number of open connections: 2
[NX v23.1.0 Daemon Server] - 2026-07-24T12:17:16.229Z - Received raw message of length 42
[NX v23.1.0 Daemon Server] - 2026-07-24T12:17:16.229Z - Received json message of type REGISTER_PROJECT_GRAPH_LISTENER
[NX v23.1.0 Daemon Server] - 2026-07-24T12:17:20.710Z - Established a connection. Number of open connections: 3
[NX v23.1.0 Daemon Server] - 2026-07-24T12:17:20.711Z - Closed a connection. Number of open connections: 2
[NX v23.1.0 Daemon Server] - 2026-07-24T12:17:20.711Z - Established a connection. Number of open connections: 3
[NX v23.1.0 Daemon Server] - 2026-07-24T12:17:20.711Z - Closed a connection. Number of open connections: 2
[NX v23.1.0 Daemon Server] - 2026-07-24T12:17:20.711Z - Established a connection. Number of open connections: 3
[NX v23.1.0 Daemon Client] - 2026-07-24T12:17:20.711Z - [Messenger] Setting up socket listeners
[NX v23.1.0 Daemon Client] - 2026-07-24T12:17:20.712Z - [Messenger] listen() complete
[NX v23.1.0 Daemon Client] - 2026-07-24T12:17:20.721Z - [Messenger] Sending message type: GET_NX_CONSOLE_STATUS
[NX v23.1.0 Daemon Client] - 2026-07-24T12:17:20.721Z - [Messenger] Message sent
[NX v23.1.0 Daemon Server] - 2026-07-24T12:17:20.722Z - Received raw message of length 3291
[NX v23.1.0 Daemon Server] - 2026-07-24T12:17:20.722Z - Received json message of type GET_NX_CONSOLE_STATUS
[NX v23.1.0 Daemon Server] - 2026-07-24T12:17:20.722Z - Serializing response for GET_NX_CONSOLE_STATUS message in json mode
[NX v23.1.0 Daemon Server] - 2026-07-24T12:17:20.722Z - Responding to GET_NX_CONSOLE_STATUS message
[NX v23.1.0 Daemon Server] - 2026-07-24T12:17:20.722Z - [REQUEST]: Responding to the client. handleGetNxConsoleStatus
[NX v23.1.0 Daemon Server] - 2026-07-24T12:17:20.722Z - Done responding to the client handleGetNxConsoleStatus
[NX v23.1.0 Daemon Server] - 2026-07-24T12:17:20.722Z - Handled json message GET_NX_CONSOLE_STATUS. Handling time: 0. Response time: 0.
[NX v23.1.0 Daemon Client] - 2026-07-24T12:17:20.722Z - [Messenger] Received message, length: 22
[NX v23.1.0 Daemon Client] - 2026-07-24T12:17:20.754Z - [Messenger] Sending message type: REQUEST_PROJECT_GRAPH
[NX v23.1.0 Daemon Client] - 2026-07-24T12:17:20.754Z - [Messenger] Message sent
[NX v23.1.0 Daemon Server] - 2026-07-24T12:17:20.754Z - Received raw message of length 32
[NX v23.1.0 Daemon Server] - 2026-07-24T12:17:20.754Z - Received json message of type REQUEST_PROJECT_GRAPH
[NX v23.1.0 Daemon Server] - 2026-07-24T12:17:20.754Z - [REQUEST]: Client Request for Project Graph Received
DEBUG nx::native::watch::watcher: force-flush END count=0 replies=1 elapsed=11.388708ms
[NX v23.1.0 Daemon Server] - 2026-07-24T12:17:20.766Z - Reusing in-memory cached project graph because no files changed.
[NX v23.1.0 Daemon Server] - 2026-07-24T12:17:20.766Z - Serializing response for REQUEST_PROJECT_GRAPH message in json mode
[NX v23.1.0 Daemon Server] - 2026-07-24T12:17:20.766Z - Responding to REQUEST_PROJECT_GRAPH message
[NX v23.1.0 Daemon Server] - 2026-07-24T12:17:20.766Z - [REQUEST]: Responding to the client. project-graph
[NX v23.1.0 Daemon Server] - 2026-07-24T12:17:20.766Z - Time taken for 'total for creating and serializing project graph' 11.641499999910593ms
[NX v23.1.0 Daemon Server] - 2026-07-24T12:17:20.766Z - Done responding to the client project-graph
[NX v23.1.0 Daemon Server] - 2026-07-24T12:17:20.766Z - Handled json message REQUEST_PROJECT_GRAPH. Handling time: 12. Response time: 0.
[NX v23.1.0 Daemon Client] - 2026-07-24T12:17:20.766Z - [Messenger] Received message, length: 53530
[NX v23.1.0 Daemon Client] - 2026-07-24T12:17:20.768Z - [Messenger] Sending message type: PRE_TASKS_EXECUTION
[NX v23.1.0 Daemon Server] - 2026-07-24T12:17:20.768Z - Received raw message of length 417
[NX v23.1.0 Daemon Client] - 2026-07-24T12:17:20.768Z - [Messenger] Message sent
[NX v23.1.0 Daemon Server] - 2026-07-24T12:17:20.768Z - Received json message of type PRE_TASKS_EXECUTION
[NX v23.1.0 Daemon Server] - 2026-07-24T12:17:20.768Z - Serializing response for PRE_TASKS_EXECUTION message in json mode
[NX v23.1.0 Daemon Server] - 2026-07-24T12:17:20.769Z - Responding to PRE_TASKS_EXECUTION message
[NX v23.1.0 Daemon Server] - 2026-07-24T12:17:20.769Z - [REQUEST]: Responding to the client. handleRunPreTasksExecution
[NX v23.1.0 Daemon Server] - 2026-07-24T12:17:20.769Z - Done responding to the client handleRunPreTasksExecution
[NX v23.1.0 Daemon Server] - 2026-07-24T12:17:20.769Z - Handled json message PRE_TASKS_EXECUTION. Handling time: 0. Response time: 1.
[NX v23.1.0 Daemon Server] - 2026-07-24T12:17:20.769Z - Time taken for 'preTasksExecution' 0.10833399998955429ms
[NX v23.1.0 Daemon Client] - 2026-07-24T12:17:20.828Z - [Messenger] Received message, length: 2
[NX v23.1.0 Daemon Client] - 2026-07-24T12:17:20.840Z - [Messenger] Sending message type: HASH_TASKS
[NX v23.1.0 Daemon Client] - 2026-07-24T12:17:20.841Z - [Messenger] Message sent
[NX v23.1.0 Daemon Server] - 2026-07-24T12:17:20.841Z - Received raw message of length 5177
[NX v23.1.0 Daemon Server] - 2026-07-24T12:17:20.841Z - Received json message of type HASH_TASKS
DEBUG nx::native::watch::watcher: force-flush END count=0 replies=1 elapsed=10.783917ms
[NX v23.1.0 Daemon Server] - 2026-07-24T12:17:20.852Z - Reusing in-memory cached project graph because no files changed.
DEBUG nx::native::tasks::hash_planner: get_plans_internal COMPLETED in 170.75µs - processed 1 tasks (setup: 132.625µs, parallel_planning: 36.542µs, pool: 7 unique instructions)
DEBUG nx::native::tasks::hashers::hash_workspace_files: Hashing workspace fileset: Adding "12984691112017789301" ("go.work") to hash
DEBUG nx::native::tasks::hashers::hash_workspace_files: Hashing workspace fileset: Adding "13107867570235583461" ("go.work.sum") to hash
DEBUG nx::native::tasks::hashers::hash_workspace_files: Hashing workspace fileset: Hash Value: "6275308276057203944"
DEBUG nx::native::tasks::hashers::hash_workspace_files: Hashing workspace fileset: Adding "3895922822332558164" (".gitignore") to hash
DEBUG nx::native::tasks::hashers::hash_workspace_files: Hashing workspace fileset: Adding "17520421427198561273" ("nx.json") to hash
DEBUG nx::native::tasks::hashers::hash_workspace_files: Hashing workspace fileset: Hash Value: "10932988427785228146"
DEBUG nx::native::tasks::task_hasher: hash_plans COMPLETED in 447.833µs - processed 1 plans (setup: 17.208µs, hashing: 429.792µs, assembly: 21.166µs)
[NX v23.1.0 Daemon Server] - 2026-07-24T12:17:20.854Z - Serializing response for HASH_TASKS message in json mode
[NX v23.1.0 Daemon Server] - 2026-07-24T12:17:20.854Z - Responding to HASH_TASKS message
[NX v23.1.0 Daemon Server] - 2026-07-24T12:17:20.854Z - [REQUEST]: Responding to the client. handleHashTasks
[NX v23.1.0 Daemon Server] - 2026-07-24T12:17:20.854Z - Done responding to the client handleHashTasks
[NX v23.1.0 Daemon Server] - 2026-07-24T12:17:20.854Z - Handled json message HASH_TASKS. Handling time: 13. Response time: 0.
[NX v23.1.0 Daemon Client] - 2026-07-24T12:17:20.854Z - [Messenger] Received message, length: 744
[NX v23.1.0 Daemon Client] - 2026-07-24T12:17:21.121Z - [Messenger] Sending message type: GET_ESTIMATED_TASK_TIMINGS
[NX v23.1.0 Daemon Client] - 2026-07-24T12:17:21.121Z - [Messenger] Message sent
[NX v23.1.0 Daemon Server] - 2026-07-24T12:17:21.121Z - Received raw message of length 91
[NX v23.1.0 Daemon Server] - 2026-07-24T12:17:21.121Z - Received json message of type GET_ESTIMATED_TASK_TIMINGS
[NX v23.1.0 Daemon Server] - 2026-07-24T12:17:21.122Z - Serializing response for GET_ESTIMATED_TASK_TIMINGS message in json mode
[NX v23.1.0 Daemon Server] - 2026-07-24T12:17:21.122Z - Responding to GET_ESTIMATED_TASK_TIMINGS message
[NX v23.1.0 Daemon Server] - 2026-07-24T12:17:21.122Z - [REQUEST]: Responding to the client. handleGetEstimatedTaskTimings
[NX v23.1.0 Daemon Server] - 2026-07-24T12:17:21.122Z - Done responding to the client handleGetEstimatedTaskTimings
[NX v23.1.0 Daemon Server] - 2026-07-24T12:17:21.122Z - Handled json message GET_ESTIMATED_TASK_TIMINGS. Handling time: 1. Response time: 0.
[NX v23.1.0 Daemon Client] - 2026-07-24T12:17:21.122Z - [Messenger] Received message, length: 26
[NX v23.1.0 Daemon Client] - 2026-07-24T12:17:22.383Z - [Messenger] Sending message type: RECORD_TASK_RUNS
[NX v23.1.0 Daemon Client] - 2026-07-24T12:17:22.383Z - [Messenger] Message sent
[NX v23.1.0 Daemon Server] - 2026-07-24T12:17:22.383Z - Received raw message of length 209
[NX v23.1.0 Daemon Server] - 2026-07-24T12:17:22.383Z - Received json message of type RECORD_TASK_RUNS
[NX v23.1.0 Daemon Server] - 2026-07-24T12:17:22.384Z - Serializing response for RECORD_TASK_RUNS message in json mode
[NX v23.1.0 Daemon Server] - 2026-07-24T12:17:22.384Z - Responding to RECORD_TASK_RUNS message
[NX v23.1.0 Daemon Server] - 2026-07-24T12:17:22.384Z - [REQUEST]: Responding to the client. handleRecordTaskRuns
[NX v23.1.0 Daemon Server] - 2026-07-24T12:17:22.384Z - Done responding to the client handleRecordTaskRuns
[NX v23.1.0 Daemon Server] - 2026-07-24T12:17:22.384Z - Handled json message RECORD_TASK_RUNS. Handling time: 1. Response time: 0.
[NX v23.1.0 Daemon Client] - 2026-07-24T12:17:22.384Z - [Messenger] Received message, length: 4
[NX v23.1.0 Daemon Client] - 2026-07-24T12:17:22.384Z - [Messenger] Sending message type: GET_FLAKY_TASKS
[NX v23.1.0 Daemon Client] - 2026-07-24T12:17:22.384Z - [Messenger] Message sent
[NX v23.1.0 Daemon Server] - 2026-07-24T12:17:22.384Z - Received raw message of length 59
[NX v23.1.0 Daemon Server] - 2026-07-24T12:17:22.384Z - Received json message of type GET_FLAKY_TASKS
[NX v23.1.0 Daemon Server] - 2026-07-24T12:17:22.385Z - Serializing response for GET_FLAKY_TASKS message in json mode
[NX v23.1.0 Daemon Server] - 2026-07-24T12:17:22.385Z - Responding to GET_FLAKY_TASKS message
[NX v23.1.0 Daemon Server] - 2026-07-24T12:17:22.385Z - [REQUEST]: Responding to the client. handleGetFlakyTasks
[NX v23.1.0 Daemon Server] - 2026-07-24T12:17:22.385Z - Done responding to the client handleGetFlakyTasks
[NX v23.1.0 Daemon Server] - 2026-07-24T12:17:22.385Z - Handled json message GET_FLAKY_TASKS. Handling time: 1. Response time: 0.
[NX v23.1.0 Daemon Client] - 2026-07-24T12:17:22.385Z - [Messenger] Received message, length: 2
[NX v23.1.0 Daemon Client] - 2026-07-24T12:17:22.386Z - [Messenger] Sending message type: PROCESS_IN_BACKGROUND
[NX v23.1.0 Daemon Client] - 2026-07-24T12:17:22.386Z - [Messenger] Message sent
[NX v23.1.0 Daemon Server] - 2026-07-24T12:17:22.386Z - Received raw message of length 56441
[NX v23.1.0 Daemon Server] - 2026-07-24T12:17:22.387Z - Received json message of type PROCESS_IN_BACKGROUND
[NX v23.1.0 Daemon Server] - 2026-07-24T12:17:22.433Z - Serializing response for PROCESS_IN_BACKGROUND message in json mode
[NX v23.1.0 Daemon Server] - 2026-07-24T12:17:22.433Z - Responding to PROCESS_IN_BACKGROUND message
[NX v23.1.0 Daemon Server] - 2026-07-24T12:17:22.433Z - [REQUEST]: Responding to the client. PROCESS_IN_BACKGROUND
[NX v23.1.0 Daemon Server] - 2026-07-24T12:17:22.433Z - Done responding to the client PROCESS_IN_BACKGROUND
[NX v23.1.0 Daemon Server] - 2026-07-24T12:17:22.433Z - Handled json message PROCESS_IN_BACKGROUND. Handling time: 46. Response time: 0.
[NX v23.1.0 Daemon Client] - 2026-07-24T12:17:22.433Z - [Messenger] Received message, length: 2
[NX v23.1.0 Daemon Server] - 2026-07-24T12:17:22.434Z - Uploading file artifacts

[7m[1m[38;5;214m NX [39m[22m[27m  [38;5;214mNx Cloud: Storing 9738942651125880000 with storeV2[39m


[7m[1m[38;5;214m NX [39m[22m[27m  [38;5;214mNx Cloud: Storing 9738942651125880000 with storeV2[39m

[NX v23.1.0 Daemon Client] - 2026-07-24T12:17:22.435Z - [Messenger] Sending message type: GET_CONFIGURE_AI_AGENTS_STATUS
[NX v23.1.0 Daemon Client] - 2026-07-24T12:17:22.435Z - [Messenger] Message sent
[NX v23.1.0 Daemon Server] - 2026-07-24T12:17:22.435Z - Established a connection. Number of open connections: 4
[NX v23.1.0 Daemon Server] - 2026-07-24T12:17:22.435Z - Received raw message of length 41
[NX v23.1.0 Daemon Server] - 2026-07-24T12:17:22.435Z - Received json message of type GET_CONFIGURE_AI_AGENTS_STATUS
[NX v23.1.0 Daemon Server] - 2026-07-24T12:17:22.435Z - [AI-AGENTS]: Returning cached agent configuration status
[NX v23.1.0 Daemon Server] - 2026-07-24T12:17:22.435Z - Serializing response for GET_CONFIGURE_AI_AGENTS_STATUS message in json mode
[NX v23.1.0 Daemon Server] - 2026-07-24T12:17:22.435Z - Responding to GET_CONFIGURE_AI_AGENTS_STATUS message
[NX v23.1.0 Daemon Server] - 2026-07-24T12:17:22.435Z - [REQUEST]: Responding to the client. handleGetConfigureAiAgentsStatus
[NX v23.1.0 Daemon Server] - 2026-07-24T12:17:22.435Z - Done responding to the client handleGetConfigureAiAgentsStatus
[NX v23.1.0 Daemon Server] - 2026-07-24T12:17:22.435Z - Handled json message GET_CONFIGURE_AI_AGENTS_STATUS. Handling time: 0. Response time: 0.
[NX v23.1.0 Daemon Client] - 2026-07-24T12:17:22.435Z - [Messenger] Received message, length: 441
[NX v23.1.0 Daemon Server] - 2026-07-24T12:17:22.436Z - Closed a connection. Number of open connections: 3
[NX v23.1.0 Daemon Client] - 2026-07-24T12:17:22.437Z - [Messenger] Sending message type: POST_TASKS_EXECUTION
[NX v23.1.0 Daemon Client] - 2026-07-24T12:17:22.437Z - [Messenger] Message sent
[NX v23.1.0 Daemon Server] - 2026-07-24T12:17:22.439Z - Received raw message of length 3586
[NX v23.1.0 Daemon Server] - 2026-07-24T12:17:22.439Z - Received json message of type POST_TASKS_EXECUTION
[NX v23.1.0 Daemon Server] - 2026-07-24T12:17:22.439Z - Serializing response for POST_TASKS_EXECUTION message in json mode
[NX v23.1.0 Daemon Server] - 2026-07-24T12:17:22.439Z - Responding to POST_TASKS_EXECUTION message
[NX v23.1.0 Daemon Server] - 2026-07-24T12:17:22.439Z - [REQUEST]: Responding to the client. handleRunPostTasksExecution
[NX v23.1.0 Daemon Server] - 2026-07-24T12:17:22.439Z - Done responding to the client handleRunPostTasksExecution
[NX v23.1.0 Daemon Server] - 2026-07-24T12:17:22.439Z - Handled json message POST_TASKS_EXECUTION. Handling time: 0. Response time: 0.
[NX v23.1.0 Daemon Server] - 2026-07-24T12:17:22.440Z - Time taken for 'postTasksExecution' 0.1774589999113232ms
[NX v23.1.0 Daemon Client] - 2026-07-24T12:17:22.440Z - [Messenger] Received message, length: 4
[NX v23.1.0 Daemon Server] - 2026-07-24T12:17:22.451Z - Closed a connection. Number of open connections: 2

[7m[1m[38;5;214m NX [39m[22m[27m  [38;5;214mNx Cloud: Stored 9738942651125880000 /Users/paiva/git/beckerin/pixie-block/.nx/cache/9738942651125880000[39m


[7m[1m[38;5;214m NX [39m[22m[27m  [38;5;214mNx Cloud: Stored 9738942651125880000 /Users/paiva/git/beckerin/pixie-block/.nx/cache/terminalOutputs/9738942651125880000[39m

[NX v23.1.0 Daemon Server] - 2026-07-24T12:17:23.103Z - Done uploading file artifacts
[NX v23.1.0 Daemon Server] - 2026-07-24T12:17:23.103Z - Sending EndRun request
[Nx Cloud Debug] Attempting to acquire filesystem lock with path:  /Users/paiva/git/beckerin/pixie-block/.nx/cache/client-instance-id.lock
[Nx Cloud Debug] Failed to create folder lock at path: /Users/paiva/git/beckerin/pixie-block/.nx/cache/client-instance-id.lock
[Nx Cloud] Unable to detect a VCS context from the environment.

[7m[1m[38;5;214m NX [39m[22m[27m  [38;5;214mRunEnd. Completed tasks[39m


[
  "pixie-block:test"
]

RunEnd duration: 210
[NX v23.1.0 Daemon Server] - 2026-07-24T12:17:23.314Z - Done sending EndRun request
